stage,tick,reason,index,x,y
before,3703075,landscape,0,245,14
before,3703075,signal,0,168,132
before,3703075,signal,1,48,177
before,3703075,signal,2,163,138
before,3703075,signal,3,201,95
before,3703075,signal,4,166,133
before,3703075,signal,5,168,131
before,3703075,signal,6,47,176
before,3703075,signal,7,168,130
before,3703075,signal,8,146,152
before,3703075,signal,9,158,85
before,3703075,signal,10,47,79
before,3703075,signal,11,47,78
before,3703075,signal,12,89,63
before,3703075,signal,13,219,176
before,3703075,signal,14,139,78
before,3703075,signal,15,30,38
before,3703075,signal,16,89,69
before,3703075,signal,17,158,76
before,3703075,signal,18,92,76
before,3703075,signal,19,204,128
before,3703075,signal,20,204,132
before,3703075,signal,21,247,123
before,3703075,signal,22,248,111
before,3703075,signal,23,194,98
before,3703075,signal,24,108,35
before,3703075,signal,25,164,45
before,3703075,signal,26,204,105
before,3703075,signal,27,109,35
before,3703075,signal,28,183,28
before,3703075,signal,29,215,137
before,3703075,signal,30,133,165
before,3703075,signal,31,248,119
before,3703075,signal,32,14,185
before,3703075,signal,33,204,127
before,3703075,signal,34,146,125
before,3703075,signal,35,40,129
before,3703075,signal,36,204,130
before,3703075,signal,37,205,132
before,3703075,signal,38,215,147
before,3703075,signal,39,169,97
before,3703075,signal,40,12,62
before,3703075,signal,41,248,97
before,3703075,signal,42,157,92
before,3703075,signal,43,252,153
before,3703075,signal,44,250,104
before,3703075,signal,45,39,164
before,3703075,signal,46,58,238
before,3703075,signal,47,84,237
before,3703075,signal,48,139,106
before,3703075,signal,49,163,58
before,3703075,signal,50,164,84
before,3703075,signal,51,230,215
before,3703075,signal,52,18,233
before,3703075,signal,53,180,131
before,3703075,signal,54,121,124
before,3703075,signal,55,43,91
before,3703075,signal,56,195,20
before,3703075,signal,57,164,85
before,3703075,signal,58,111,10
before,3703075,signal,59,155,91
before,3703075,signal,60,227,208
before,3703075,signal,61,120,104
before,3703075,signal,62,196,27
before,3703075,signal,63,85,7
before,3703075,signal,64,137,124
before,3703075,signal,65,139,150
before,3703075,signal,66,194,99
before,3703075,signal,67,153,110
before,3703075,signal,68,15,173
before,3703075,signal,69,139,54
before,3703075,signal,70,205,102
before,3703075,signal,71,248,104
before,3703075,signal,72,152,83
before,3703075,signal,73,40,155
before,3703075,signal,74,251,148
before,3703075,signal,75,162,83
before,3703075,signal,76,20,209
before,3703075,signal,77,115,147
before,3703075,signal,78,177,125
before,3703075,signal,79,159,85
before,3703075,signal,80,208,228
before,3703075,signal,81,226,48
before,3703075,signal,82,173,71
before,3703075,signal,83,158,93
before,3703075,signal,84,160,51
before,3703075,signal,85,20,180
before,3703075,signal,86,227,87
before,3703075,signal,87,139,149
before,3703075,signal,88,249,98
before,3703075,signal,89,251,153
before,3703075,signal,90,247,91
before,3703075,signal,91,171,75
before,3703075,signal,92,45,115
before,3703075,signal,93,185,29
before,3703075,signal,94,170,97
before,3703075,signal,95,198,227
before,3703075,signal,96,205,98
before,3703075,signal,97,121,123
before,3703075,signal,98,163,45
before,3703075,signal,99,162,44
before,3703075,signal,100,23,189
before,3703075,signal,101,145,95
before,3703075,airport_animation,0,182,128
before,3703075,reservation,0,167,130
before,3703075,reservation,1,166,132
before,3703075,reservation,2,172,130
before,3703075,reservation,3,48,177
before,3703075,reservation,4,23,185
before,3703075,reservation,5,45,177
before,3703075,reservation,6,47,177
before,3703075,reservation,7,171,130
before,3703075,reservation,8,203,95
before,3703075,reservation,9,23,188
before,3703075,reservation,10,41,177
before,3703075,reservation,11,166,133
before,3703075,reservation,12,23,181
before,3703075,reservation,13,23,187
before,3703075,reservation,14,173,130
before,3703075,reservation,15,167,131
before,3703075,reservation,16,170,130
before,3703075,reservation,17,23,186
before,3703075,reservation,18,23,183
before,3703075,reservation,19,46,177
before,3703075,reservation,20,169,130
before,3703075,reservation,21,23,184
before,3703075,reservation,22,166,131
before,3703075,reservation,23,42,177
before,3703075,reservation,24,23,182
before,3703075,reservation,25,44,177
before,3703075,reservation,26,43,177
before,3703075,reservation,27,91,76
before,3703075,reservation,28,164,54
before,3703075,reservation,29,90,76
before,3703075,reservation,30,89,70
before,3703075,reservation,31,158,71
before,3703075,reservation,32,164,53
before,3703075,reservation,33,139,78
before,3703075,reservation,34,164,55
before,3703075,reservation,35,164,49
before,3703075,reservation,36,23,188
before,3703075,reservation,37,89,71
before,3703075,reservation,38,158,76
before,3703075,reservation,39,164,50
before,3703075,reservation,40,92,77
before,3703075,reservation,41,158,75
before,3703075,reservation,42,158,74
before,3703075,reservation,43,91,77
before,3703075,reservation,44,164,47
before,3703075,reservation,45,89,72
before,3703075,reservation,46,158,72
before,3703075,reservation,47,90,75
before,3703075,reservation,48,220,174
before,3703075,reservation,49,164,51
before,3703075,reservation,50,89,69
before,3703075,reservation,51,158,73
before,3703075,reservation,52,89,74
before,3703075,reservation,53,89,75
before,3703075,reservation,54,164,52
before,3703075,reservation,55,164,48
before,3703075,reservation,56,89,73
before,3703075,reservation,57,164,46
before,3703076,landscape,0,211,12
before,3703076,signal,0,212,227
before,3703076,signal,1,22,189
before,3703076,reservation,0,149,165
before,3703076,reservation,1,130,112
before,3703077,landscape,0,17,83
before,3703077,landscape,1,73,63
before,3703077,landscape,2,225,9
before,3703077,signal,0,182,133
before,3703077,signal,1,251,153
before,3703077,signal,2,252,153
before,3703077,signal,3,204,129
before,3703077,signal,4,14,57
before,3703077,signal,5,204,128
before,3703077,airport_animation,0,8,190
before,3703077,airport_animation,1,19,33
before,3703077,airport_animation,2,181,120
before,3703077,airport_animation,3,182,128
before,3703077,reservation,0,12,61
before,3703077,reservation,1,251,152
before,3703077,reservation,2,253,151
before,3703077,reservation,3,13,61
before,3703077,reservation,4,205,128
before,3703078,landscape,0,241,12
before,3703078,landscape,1,240,41
before,3703078,landscape,2,237,41
before,3703078,landscape,3,224,10
before,3703078,landscape,4,30,217
before,3703078,signal,0,157,124
before,3703078,signal,1,110,82
before,3703078,reservation,0,117,82
before,3703078,reservation,1,119,82
before,3703078,reservation,2,118,82
before,3703078,reservation,3,158,123
before,3703079,landscape,0,60,62
before,3703079,landscape,1,77,63
before,3703079,signal,0,118,83
before,3703079,signal,1,251,148
before,3703079,airport_animation,0,182,128
before,3703080,landscape,0,241,9
before,3703080,landscape,1,25,64
before,3703081,industry,0,47,32
before,3703081,landscape,0,205,48
before,3703081,landscape,1,239,39
before,3703081,signal,0,42,97
before,3703081,signal,1,152,82
before,3703081,airport_animation,0,8,190
before,3703081,airport_animation,1,19,33
before,3703081,airport_animation,2,181,120
before,3703081,airport_animation,3,182,128
before,3703081,reservation,0,153,83
before,3703081,reservation,1,42,91
before,3703081,reservation,2,41,91
before,3703082,landscape,0,63,61
before,3703082,landscape,1,239,40
before,3703082,signal,0,248,104
before,3703082,reservation,0,248,126
before,3703083,airport_animation,0,182,128
before,3703083,reservation,0,169,97
before,3703084,landscape,0,73,66
before,3703084,signal,0,160,51
before,3703084,reservation,0,160,48
before,3703084,reservation,1,158,91
before,3703085,landscape,0,16,76
before,3703085,landscape,1,22,61
before,3703085,landscape,2,81,85
before,3703085,landscape,3,25,68
before,3703085,airport_animation,0,8,190
before,3703085,airport_animation,1,19,33
before,3703085,airport_animation,2,181,120
before,3703085,airport_animation,3,182,128
before,3703085,reservation,0,185,80
before,3703085,reservation,1,172,79
before,3703085,reservation,2,227,87
before,3703086,landscape,0,219,26
before,3703086,landscape,1,216,24
before,3703086,landscape,2,24,64
before,3703086,signal,0,171,75
before,3703086,reservation,0,171,74
before,3703086,reservation,1,155,125
before,3703087,landscape,0,54,247
before,3703087,airport_animation,0,182,128
before,3703087,reservation,0,139,80
before,3703087,reservation,1,139,78
before,3703087,reservation,2,158,86
before,3703088,landscape,0,245,10
before,3703088,reservation,0,251,149
before,3703088,reservation,1,251,151
before,3703088,reservation,2,251,154
before,3703088,reservation,3,251,148
before,3703089,landscape,0,75,64
before,3703089,landscape,1,203,49
before,3703089,airport_animation,0,8,190
before,3703089,airport_animation,1,19,33
before,3703089,airport_animation,2,181,120
before,3703089,airport_animation,3,182,128
before,3703089,reservation,0,149,165
before,3703089,reservation,1,149,164
before,3703090,landscape,0,74,60
before,3703090,landscape,1,204,194
before,3703090,landscape,2,204,194
before,3703090,landscape,3,16,79
before,3703090,signal,0,147,136
before,3703090,signal,1,139,148
before,3703090,reservation,0,140,149
before,3703090,reservation,1,246,86
before,3703090,reservation,2,138,149
before,3703090,reservation,3,133,149
before,3703091,industry,0,48,29
before,3703091,landscape,0,76,63
before,3703091,landscape,1,49,62
before,3703091,signal,0,196,20
before,3703091,airport_animation,0,182,128
before,3703091,reservation,0,130,112
before,3703091,reservation,1,134,227
before,3703092,landscape,0,224,9
before,3703092,landscape,1,231,52
before,3703092,signal,0,84,238
before,3703092,signal,1,74,238
before,3703092,signal,2,157,125
before,3703092,reservation,0,139,102
before,3703092,reservation,1,140,102
before,3703092,reservation,2,13,61
before,3703092,reservation,3,12,61
before,3703092,reservation,4,14,61
before,3703092,reservation,5,140,102
before,3703092,reservation,6,13,61
before,3703092,reservation,7,14,61
before,3703092,reservation,8,139,102
before,3703092,reservation,9,82,237
before,3703093,airport_animation,0,8,190
before,3703093,airport_animation,1,19,33
before,3703093,airport_animation,2,181,120
before,3703093,airport_animation,3,182,128
before,3703093,reservation,0,252,152
before,3703093,reservation,1,251,152
before,3703093,reservation,2,253,152
before,3703093,reservation,3,252,152
before,3703093,reservation,4,139,107
before,3703093,reservation,5,140,102
before,3703093,reservation,6,139,102
before,3703093,reservation,7,248,111
before,3703093,reservation,8,251,152
before,3703093,reservation,9,248,113
before,3703093,reservation,10,139,106
before,3703094,landscape,0,232,51
before,3703094,signal,0,171,83
before,3703094,signal,1,171,82
before,3703094,reservation,0,172,86
before,3703094,reservation,1,172,81
before,3703094,reservation,2,172,79
before,3703094,reservation,3,172,83
before,3703094,reservation,4,212,99
before,3703094,reservation,5,248,126
before,3703095,landscape,0,211,39
before,3703095,landscape,1,229,51
before,3703095,landscape,2,53,59
before,3703095,signal,0,121,123
before,3703095,signal,1,16,203
before,3703095,airport_animation,0,182,128
before,3703095,reservation,0,185,80
before,3703095,reservation,1,185,82
before,3703095,reservation,2,42,91
before,3703095,reservation,3,162,53
before,3703095,reservation,4,155,125
before,3703096,industry,0,180,188
before,3703096,landscape,0,230,47
before,3703096,signal,0,206,226
before,3703096,signal,1,200,229
before,3703096,signal,2,212,227
before,3703096,reservation,0,155,125
before,3703096,reservation,1,211,227
before,3703096,reservation,2,212,227
before,3703096,reservation,3,210,227
before,3703096,reservation,4,213,227
before,3703096,reservation,5,219,227
before,3703096,reservation,6,212,227
before,3703096,reservation,7,155,125
before,3703096,reservation,8,211,227
before,3703096,reservation,9,210,227
before,3703097,landscape,0,81,83
before,3703097,landscape,1,133,143
before,3703097,landscape,2,133,143
before,3703097,landscape,3,239,43
before,3703097,signal,0,20,209
before,3703097,signal,1,250,104
before,3703097,airport_animation,0,8,190
before,3703097,airport_animation,1,19,33
before,3703097,airport_animation,2,181,120
before,3703097,airport_animation,3,182,128
before,3703097,reservation,0,155,125
before,3703097,reservation,1,250,107
before,3703097,reservation,2,250,108
before,3703097,reservation,3,20,206
before,3703097,reservation,4,250,107
before,3703097,reservation,5,155,125
before,3703098,signal,0,18,233
before,3703098,signal,1,160,51
before,3703098,signal,2,248,104
before,3703098,reservation,0,155,125
before,3703098,reservation,1,131,124
before,3703098,reservation,2,130,124
before,3703098,reservation,3,127,124
before,3703098,reservation,4,132,124
before,3703098,reservation,5,160,51
before,3703098,reservation,6,160,50
before,3703098,reservation,7,160,46
before,3703098,reservation,8,160,48
before,3703098,reservation,9,33,38
before,3703098,reservation,10,34,38
before,3703098,reservation,11,32,38
before,3703098,reservation,12,155,125
before,3703098,reservation,13,139,80
before,3703098,reservation,14,248,107
before,3703098,reservation,15,127,124
before,3703098,reservation,16,32,38
before,3703098,reservation,17,33,38
before,3703098,reservation,18,248,108
before,3703098,reservation,19,160,48
before,3703098,reservation,20,14,185
before,3703098,reservation,21,160,46
before,3703098,reservation,22,248,105
before,3703098,reservation,23,130,124
before,3703098,reservation,24,160,50
before,3703098,reservation,25,131,124
before,3703098,reservation,26,139,78
before,3703098,reservation,27,248,104
before,3703098,reservation,28,160,49
before,3703098,reservation,29,132,124
before,3703098,reservation,30,34,38
before,3703099,landscape,0,223,9
before,3703099,landscape,1,75,65
before,3703099,landscape,2,243,12
before,3703099,landscape,3,75,62
before,3703099,airport_animation,0,182,128
before,3703099,reservation,0,155,125
before,3703099,reservation,1,155,125
before,3703100,landscape,0,227,7
before,3703100,landscape,1,162,90
before,3703100,landscape,2,162,90
before,3703100,signal,0,145,95
before,3703100,signal,1,22,189
before,3703100,reservation,0,155,125
before,3703100,reservation,1,22,189
before,3703100,reservation,2,22,191
before,3703100,reservation,3,155,125
before,3703100,reservation,4,22,192
before,3703101,signal,0,115,79
before,3703101,airport_animation,0,8,190
before,3703101,airport_animation,1,19,33
before,3703101,airport_animation,2,181,120
before,3703101,airport_animation,3,182,128
before,3703101,reservation,0,22,191
before,3703101,reservation,1,155,125
before,3703101,reservation,2,22,192
before,3703101,reservation,3,155,125
before,3703101,reservation,4,115,79
before,3703102,landscape,0,72,63
before,3703102,signal,0,158,85
before,3703102,signal,1,139,149
before,3703102,reservation,0,155,125
before,3703102,reservation,1,213,99
before,3703102,reservation,2,158,86
before,3703102,reservation,3,155,125
before,3703102,reservation,4,149,165
before,3703102,reservation,5,138,149
before,3703102,reservation,6,133,149
before,3703103,landscape,0,52,59
before,3703103,signal,0,171,75
before,3703103,signal,1,75,239
before,3703103,airport_animation,0,182,128
before,3703103,reservation,0,155,125
before,3703103,reservation,1,177,127
before,3703103,reservation,2,178,127
before,3703103,reservation,3,176,127
before,3703103,reservation,4,179,127
before,3703103,reservation,5,171,74
before,3703103,reservation,6,171,73
before,3703103,reservation,7,14,61
before,3703103,reservation,8,13,61
before,3703103,reservation,9,196,30
before,3703103,reservation,10,196,31
before,3703103,reservation,11,246,88
before,3703103,reservation,12,246,87
before,3703103,reservation,13,246,86
before,3703103,reservation,14,179,127
before,3703103,reservation,15,177,127
before,3703103,reservation,16,12,61
before,3703103,reservation,17,14,174
before,3703103,reservation,18,73,239
before,3703103,reservation,19,15,175
before,3703103,reservation,20,14,61
before,3703103,reservation,21,75,239
before,3703103,reservation,22,155,125
before,3703103,reservation,23,187,27
before,3703103,reservation,24,13,61
before,3703103,reservation,25,176,127
before,3703103,reservation,26,178,127
before,3703103,reservation,27,76,239
before,3703103,reservation,28,163,45
before,3703103,reservation,29,175,127
before,3703104,landscape,0,73,82
before,3703104,signal,0,173,84
before,3703104,signal,1,173,85
before,3703104,reservation,0,155,125
before,3703104,reservation,1,198,12
before,3703104,reservation,2,197,12
before,3703104,reservation,3,252,152
before,3703104,reservation,4,251,152
before,3703104,reservation,5,172,83
before,3703104,reservation,6,155,125
before,3703104,reservation,7,251,152
before,3703104,reservation,8,172,85
before,3703104,reservation,9,252,152
before,3703105,landscape,0,240,97
before,3703105,landscape,1,240,97
before,3703105,airport_animation,0,8,190
before,3703105,airport_animation,1,19,33
before,3703105,airport_animation,2,181,120
before,3703105,airport_animation,3,182,128
before,3703105,reservation,0,155,125
before,3703105,reservation,1,146,148
before,3703105,reservation,2,146,147
before,3703105,reservation,3,146,146
before,3703105,reservation,4,146,143
before,3703105,reservation,5,146,146
before,3703105,reservation,6,146,143
before,3703105,reservation,7,155,125
before,3703106,landscape,0,217,28
before,3703106,reservation,0,155,125
before,3703106,reservation,1,155,125
before,3703106,reservation,2,248,126
before,3703107,landscape,0,19,59
before,3703107,landscape,1,79,233
before,3703107,landscape,2,79,233
before,3703107,landscape,3,218,36
before,3703107,signal,0,13,38
before,3703107,airport_animation,0,182,128
before,3703107,reservation,0,155,125
before,3703107,reservation,1,155,125
before,3703107,reservation,2,233,117
before,3703107,reservation,3,13,38
before,3703107,reservation,4,234,117
before,3703108,reservation,0,155,125
before,3703108,reservation,1,162,84
before,3703108,reservation,2,163,84
before,3703108,reservation,3,164,84
before,3703108,reservation,4,161,84
before,3703108,reservation,5,156,84
before,3703108,reservation,6,155,125
before,3703108,reservation,7,162,84
before,3703108,reservation,8,156,84
before,3703108,reservation,9,205,102
before,3703108,reservation,10,205,104
before,3703108,reservation,11,163,84
before,3703108,reservation,12,161,84
before,3703108,reservation,13,162,55
before,3703108,reservation,14,134,227
before,3703108,reservation,15,162,53
before,3703109,airport_animation,0,8,190
before,3703109,airport_animation,1,19,33
before,3703109,airport_animation,2,181,120
before,3703109,airport_animation,3,182,128
before,3703109,reservation,0,155,125
before,3703109,reservation,1,155,125
before,3703109,reservation,2,172,85
before,3703110,reservation,0,155,125
before,3703110,reservation,1,155,125
before,3703111,industry,0,47,29
before,3703111,signal,0,139,78
before,3703111,airport_animation,0,182,128
before,3703111,reservation,0,155,125
before,3703111,reservation,1,111,10
before,3703111,reservation,2,139,79
before,3703111,reservation,3,214,99
before,3703111,reservation,4,155,125
before,3703111,reservation,5,192,98
before,3703111,reservation,6,111,8
before,3703112,landscape,0,239,27
before,3703112,reservation,0,155,125
before,3703112,reservation,1,155,125
before,3703113,landscape,0,219,137
before,3703113,landscape,1,219,137
before,3703113,landscape,2,14,64
before,3703113,landscape,3,248,238
before,3703113,signal,0,182,132
before,3703113,airport_animation,0,8,190
before,3703113,airport_animation,1,19,33
before,3703113,airport_animation,2,181,120
before,3703113,airport_animation,3,182,128
before,3703113,reservation,0,155,125
before,3703113,reservation,1,155,125
before,3703113,reservation,2,165,47
before,3703114,landscape,0,16,66
before,3703114,landscape,1,245,50
before,3703114,signal,0,248,104
before,3703114,reservation,0,155,125
before,3703114,reservation,1,15,176
before,3703114,reservation,2,248,107
before,3703114,reservation,3,15,178
before,3703114,reservation,4,248,108
before,3703114,reservation,5,155,125
before,3703114,reservation,6,248,105
before,3703115,landscape,0,241,10
before,3703115,landscape,1,74,63
before,3703115,airport_animation,0,182,128
before,3703115,reservation,0,155,125
before,3703115,reservation,1,251,152
before,3703115,reservation,2,252,152
before,3703115,reservation,3,185,82
before,3703115,reservation,4,251,152
before,3703115,reservation,5,155,125
before,3703115,reservation,6,252,152
before,3703116,landscape,0,219,36
before,3703116,landscape,1,68,69
before,3703116,landscape,2,133,58
before,3703116,signal,0,158,85
before,3703116,reservation,0,155,125
before,3703116,reservation,1,149,162
before,3703116,reservation,2,149,163
before,3703116,reservation,3,149,164
before,3703116,reservation,4,149,165
before,3703116,reservation,5,20,206
before,3703116,reservation,6,158,86
before,3703116,reservation,7,149,163
before,3703116,reservation,8,203,95
before,3703116,reservation,9,149,162
before,3703116,reservation,10,155,125
before,3703116,reservation,11,158,84
before,3703116,reservation,12,149,164
before,3703117,landscape,0,211,41
before,3703117,signal,0,169,97
before,3703117,airport_animation,0,8,190
before,3703117,airport_animation,1,19,33
before,3703117,airport_animation,2,181,120
before,3703117,airport_animation,3,182,128
before,3703117,reservation,0,64,75
before,3703117,reservation,1,155,125
before,3703117,reservation,2,172,76
before,3703117,reservation,3,172,77
before,3703117,reservation,4,172,78
before,3703117,reservation,5,172,79
before,3703117,reservation,6,172,80
before,3703117,reservation,7,172,74
before,3703117,reservation,8,172,76
before,3703117,reservation,9,20,180
before,3703117,reservation,10,155,125
before,3703117,reservation,11,169,96
before,3703118,landscape,0,246,15
before,3703118,reservation,0,155,125
before,3703118,reservation,1,155,125
before,3703118,reservation,2,139,75
before,3703119,landscape,0,245,15
before,3703119,signal,0,128,104
before,3703119,signal,1,139,149
before,3703119,airport_animation,0,182,128
before,3703119,reservation,0,155,125
before,3703119,reservation,1,16,199
before,3703119,reservation,2,16,200
before,3703119,reservation,3,16,202
before,3703119,reservation,4,155,125
before,3703119,reservation,5,140,148
before,3703119,reservation,6,128,104
before,3703119,reservation,7,16,200
before,3703119,reservation,8,133,149
before,3703119,reservation,9,136,148
before,3703119,reservation,10,16,202
before,3703119,reservation,11,138,149
before,3703120,landscape,0,236,50
before,3703120,landscape,1,74,80
before,3703120,landscape,2,216,27
before,3703120,landscape,3,161,134
before,3703120,landscape,4,161,134
before,3703120,signal,0,227,87
before,3703120,signal,1,204,129
before,3703120,reservation,0,155,125
before,3703120,reservation,1,215,99
before,3703120,reservation,2,227,88
before,3703120,reservation,3,227,89
before,3703120,reservation,4,155,125
before,3703120,reservation,5,95,80
before,3703121,industry,0,48,30
before,3703121,landscape,0,16,61
before,3703121,landscape,1,81,87
before,3703121,landscape,2,68,67
before,3703121,landscape,3,245,13
before,3703121,landscape,4,49,56
before,3703121,signal,0,162,58
before,3703121,signal,1,188,131
before,3703121,airport_animation,0,8,190
before,3703121,airport_animation,1,19,33
before,3703121,airport_animation,2,181,120
before,3703121,airport_animation,3,182,128
before,3703121,reservation,0,155,125
before,3703121,reservation,1,146,143
before,3703121,reservation,2,146,146
before,3703121,reservation,3,162,57
before,3703121,reservation,4,185,77
before,3703121,reservation,5,162,59
before,3703121,reservation,6,155,125
before,3703121,reservation,7,188,131
before,3703122,landscape,0,216,33
before,3703122,landscape,1,72,81
before,3703122,signal,0,250,153
before,3703122,signal,1,20,35
before,3703122,reservation,0,155,125
before,3703122,reservation,1,155,125
before,3703122,reservation,2,250,153
before,3703122,reservation,3,248,109
before,3703122,reservation,4,20,35
before,3703123,landscape,0,237,51
before,3703123,landscape,1,76,64
before,3703123,landscape,2,81,86
before,3703123,airport_animation,0,182,128
before,3703123,reservation,0,155,125
before,3703123,reservation,1,185,27
before,3703123,reservation,2,186,27
before,3703123,reservation,3,187,27
before,3703123,reservation,4,155,125
before,3703123,reservation,5,185,27
before,3703123,reservation,6,186,27
before,3703124,landscape,0,49,60
before,3703124,landscape,1,233,37
before,3703124,reservation,0,155,125
before,3703124,reservation,1,134,230
before,3703124,reservation,2,134,229
before,3703124,reservation,3,134,228
before,3703124,reservation,4,134,227
before,3703124,reservation,5,155,125
before,3703124,reservation,6,134,231
before,3703124,reservation,7,134,230
before,3703124,reservation,8,248,123
before,3703124,reservation,9,134,228
before,3703124,reservation,10,134,229
before,3703125,landscape,0,243,29
before,3703125,landscape,1,17,62
before,3703125,landscape,2,17,59
before,3703125,airport_animation,0,8,190
before,3703125,airport_animation,1,19,33
before,3703125,airport_animation,2,181,120
before,3703125,airport_animation,3,182,128
before,3703125,reservation,0,155,125
before,3703125,reservation,1,83,237
before,3703125,reservation,2,82,237
before,3703125,reservation,3,84,237
before,3703125,reservation,4,81,237
before,3703125,reservation,5,139,79
before,3703125,reservation,6,140,79
before,3703125,reservation,7,155,125
before,3703126,landscape,0,219,35
before,3703126,landscape,1,229,37
before,3703126,landscape,2,96,143
before,3703126,reservation,0,155,125
before,3703126,reservation,1,32,205
before,3703126,reservation,2,83,237
before,3703126,reservation,3,155,125
before,3703126,reservation,4,32,206
before,3703126,reservation,5,32,209
before,3703126,reservation,6,32,208
before,3703126,reservation,7,32,210
before,3703126,reservation,8,32,207
before,3703126,reservation,9,82,237
before,3703127,signal,0,35,87
before,3703127,signal,1,22,41
before,3703127,signal,2,44,108
before,3703127,signal,3,43,99
before,3703127,signal,4,43,91
before,3703127,signal,5,43,108
before,3703127,signal,6,20,87
before,3703127,airport_animation,0,182,128
before,3703127,reservation,0,32,210
before,3703127,reservation,1,32,208
before,3703127,reservation,2,155,125
before,3703127,reservation,3,32,207
before,3703127,reservation,4,32,209
before,3703127,reservation,5,32,206
before,3703127,reservation,6,32,205
before,3703127,reservation,7,252,152
before,3703127,reservation,8,251,152
before,3703127,reservation,9,43,100
before,3703127,reservation,10,46,114
before,3703127,reservation,11,43,104
before,3703127,reservation,12,46,111
before,3703127,reservation,13,46,113
before,3703127,reservation,14,34,87
before,3703127,reservation,15,44,105
before,3703127,reservation,16,35,87
before,3703127,reservation,17,157,123
before,3703127,reservation,18,252,152
before,3703127,reservation,19,33,88
before,3703127,reservation,20,46,112
before,3703127,reservation,21,155,125
before,3703127,reservation,22,29,88
before,3703127,reservation,23,30,88
before,3703127,reservation,24,46,108
before,3703127,reservation,25,43,102
before,3703127,reservation,26,40,90
before,3703127,reservation,27,27,88
before,3703127,reservation,28,43,105
before,3703127,reservation,29,44,106
before,3703127,reservation,30,34,88
before,3703127,reservation,31,251,152
before,3703127,reservation,32,31,88
before,3703127,reservation,33,28,88
before,3703127,reservation,34,46,110
before,3703127,reservation,35,32,88
before,3703127,reservation,36,45,107
before,3703127,reservation,37,43,101
before,3703127,reservation,38,46,109
before,3703127,reservation,39,46,107
before,3703127,reservation,40,43,99
before,3703127,reservation,41,45,106
before,3703127,reservation,42,43,103
before,3703127,reservation,43,22,41
before,3703128,landscape,0,2,57
before,3703128,landscape,1,215,35
before,3703128,reservation,0,155,125
before,3703128,reservation,1,185,78
before,3703128,reservation,2,185,79
before,3703128,reservation,3,185,80
before,3703128,reservation,4,185,81
before,3703128,reservation,5,185,82
before,3703128,reservation,6,185,78
before,3703128,reservation,7,185,77
before,3703128,reservation,8,155,125
before,3703129,landscape,0,17,68
before,3703129,landscape,1,48,58
before,3703129,signal,0,16,203
before,3703129,signal,1,248,97
before,3703129,airport_animation,0,8,190
before,3703129,airport_animation,1,19,33
before,3703129,airport_animation,2,181,120
before,3703129,airport_animation,3,182,128
before,3703129,reservation,0,155,125
before,3703129,reservation,1,16,202
before,3703129,reservation,2,16,200
before,3703129,reservation,3,248,102
before,3703129,reservation,4,248,103
before,3703129,reservation,5,248,104
before,3703129,reservation,6,248,105
before,3703129,reservation,7,248,108
before,3703129,reservation,8,216,99
before,3703129,reservation,9,248,98
before,3703129,reservation,10,155,125
before,3703129,reservation,11,248,102
before,3703130,landscape,0,201,11
before,3703130,landscape,1,201,11
before,3703130,landscape,2,244,10
before,3703130,landscape,3,72,82
before,3703130,signal,0,161,120
before,3703130,signal,1,157,124
before,3703130,signal,2,157,125
before,3703130,reservation,0,155,125
before,3703130,reservation,1,158,75
before,3703130,reservation,2,164,46
before,3703130,reservation,3,158,78
before,3703130,reservation,4,96,80
before,3703130,reservation,5,136,148
before,3703130,reservation,6,158,79
before,3703130,reservation,7,158,77
before,3703130,reservation,8,164,48
before,3703130,reservation,9,164,53
before,3703130,reservation,10,164,51
before,3703130,reservation,11,158,74
before,3703130,reservation,12,158,87
before,3703130,reservation,13,166,120
before,3703130,reservation,14,165,120
before,3703130,reservation,15,164,50
before,3703130,reservation,16,158,80
before,3703130,reservation,17,167,120
before,3703130,reservation,18,158,76
before,3703130,reservation,19,164,55
before,3703130,reservation,20,158,73
before,3703130,reservation,21,158,71
before,3703130,reservation,22,157,124
before,3703130,reservation,23,80,59
before,3703130,reservation,24,164,47
before,3703130,reservation,25,158,89
before,3703130,reservation,26,158,81
before,3703130,reservation,27,164,120
before,3703130,reservation,28,164,52
before,3703130,reservation,29,158,88
before,3703130,reservation,30,158,72
before,3703130,reservation,31,164,49
before,3703130,reservation,32,163,120
before,3703130,reservation,33,158,82
before,3703130,reservation,34,164,54
before,3703130,reservation,35,158,86
before,3703131,signal,0,248,119
before,3703131,airport_animation,0,182,128
before,3703131,reservation,0,248,124
before,3703131,reservation,1,248,125
before,3703131,reservation,2,248,126
before,3703131,reservation,3,248,127
before,3703131,reservation,4,248,124
before,3703131,reservation,5,248,123
before,3703132,landscape,0,215,34
before,3703132,landscape,1,219,33
before,3703132,signal,0,149,94
before,3703132,signal,1,154,84
before,3703132,signal,2,145,95
before,3703132,signal,3,150,94
before,3703132,reservation,0,145,95
before,3703132,reservation,1,144,95
before,3703132,reservation,2,139,95
before,3703132,reservation,3,146,95
before,3703132,reservation,4,147,84
before,3703132,reservation,5,193,98
before,3703132,reservation,6,150,95
before,3703132,reservation,7,149,84
before,3703132,reservation,8,151,84
before,3703132,reservation,9,146,95
before,3703132,reservation,10,148,84
before,3703132,reservation,11,20,206
before,3703132,reservation,12,146,84
before,3703132,reservation,13,150,84
before,3703132,reservation,14,145,95
before,3703133,industry,0,49,31
before,3703133,airport_animation,0,8,190
before,3703133,airport_animation,1,19,33
before,3703133,airport_animation,2,181,120
before,3703133,airport_animation,3,182,128
before,3703133,reservation,0,124,104
before,3703133,reservation,1,125,104
before,3703133,reservation,2,123,104
before,3703133,reservation,3,126,104
before,3703133,reservation,4,127,104
before,3703133,reservation,5,128,104
before,3703133,reservation,6,123,104
before,3703133,reservation,7,127,104
before,3703133,reservation,8,148,84
before,3703133,reservation,9,150,84
before,3703133,reservation,10,149,84
before,3703133,reservation,11,124,104
before,3703133,reservation,12,125,104
before,3703133,reservation,13,126,104
before,3703133,reservation,14,151,84
before,3703133,reservation,15,147,84
before,3703133,reservation,16,146,84
before,3703134,landscape,0,245,30
before,3703134,landscape,1,89,166
before,3703134,landscape,2,89,166
before,3703134,signal,0,162,58
before,3703134,reservation,0,162,59
before,3703134,reservation,1,162,55
before,3703134,reservation,2,235,117
before,3703135,landscape,0,248,54
before,3703135,landscape,1,239,51
before,3703135,landscape,2,53,60
before,3703135,signal,0,108,80
before,3703135,signal,1,103,80
before,3703135,airport_animation,0,182,128
before,3703135,reservation,0,116,79
before,3703135,reservation,1,103,80
before,3703136,signal,0,155,91
before,3703136,reservation,0,169,98
before,3703136,reservation,1,169,97
before,3703136,reservation,2,169,96
before,3703136,reservation,3,169,98
before,3703136,reservation,4,196,94
before,3703136,reservation,5,165,49
before,3703136,reservation,6,111,9
before,3703136,reservation,7,165,47
before,3703136,reservation,8,111,12
before,3703136,reservation,9,169,97
before,3703137,landscape,0,78,65
before,3703137,landscape,1,240,26
before,3703137,landscape,2,237,50
before,3703137,signal,0,182,133
before,3703137,airport_animation,0,8,190
before,3703137,airport_animation,1,19,33
before,3703137,airport_animation,2,181,120
before,3703137,airport_animation,3,182,128
before,3703137,reservation,0,217,99
before,3703137,reservation,1,218,99
before,3703137,reservation,2,219,99
before,3703137,reservation,3,183,133
before,3703137,reservation,4,182,133
before,3703137,reservation,5,184,133
before,3703137,reservation,6,181,133
before,3703137,reservation,7,217,99
before,3703137,reservation,8,184,133
before,3703137,reservation,9,213,99
before,3703137,reservation,10,214,99
before,3703137,reservation,11,215,99
before,3703137,reservation,12,183,133
before,3703137,reservation,13,188,133
before,3703137,reservation,14,218,99
before,3703137,reservation,15,216,99
before,3703138,landscape,0,3,56
before,3703138,landscape,1,82,84
before,3703138,reservation,0,251,152
before,3703138,reservation,1,252,152
before,3703138,reservation,2,252,152
before,3703138,reservation,3,251,152
before,3703138,reservation,4,139,76
before,3703139,landscape,0,74,62
before,3703139,signal,0,250,104
before,3703139,signal,1,18,227
before,3703139,airport_animation,0,182,128
before,3703139,reservation,0,15,176
before,3703139,reservation,1,15,179
before,3703139,reservation,2,14,174
before,3703139,reservation,3,45,78
before,3703139,reservation,4,15,174
before,3703139,reservation,5,18,227
before,3703139,reservation,6,15,178
before,3703139,reservation,7,97,80
before,3703140,landscape,0,81,84
before,3703140,signal,0,160,51
before,3703140,signal,1,133,165
before,3703140,signal,2,20,209
before,3703140,reservation,0,160,51
before,3703140,reservation,1,20,209
before,3703140,reservation,2,133,165
before,3703140,reservation,3,163,48
before,3703140,reservation,4,133,162
before,3703140,reservation,5,227,89
before,3703140,reservation,6,133,166
before,3703141,landscape,0,206,10
before,3703141,landscape,1,151,145
before,3703141,signal,0,22,40
before,3703141,signal,1,121,123
before,3703141,airport_animation,0,8,190
before,3703141,airport_animation,1,19,33
before,3703141,airport_animation,2,181,120
before,3703141,airport_animation,3,182,128
before,3703141,reservation,0,120,123
before,3703141,reservation,1,149,148
before,3703141,reservation,2,22,191
before,3703141,reservation,3,23,41
before,3703141,reservation,4,141,148
before,3703143,industry,0,213,197
before,3703143,landscape,0,52,62
before,3703143,signal,0,63,170
before,3703143,airport_animation,0,182,128
before,3703143,reservation,0,53,7
before,3703143,reservation,1,63,170
before,3703143,reservation,2,79,59
before,3703144,industry,0,214,196
before,3703144,landscape,0,80,86
before,3703144,reservation,0,104,80
before,3703145,landscape,0,243,54
before,3703145,signal,0,119,112
before,3703145,signal,1,119,113
before,3703145,airport_animation,0,8,190
before,3703145,airport_animation,1,19,33
before,3703145,airport_animation,2,181,120
before,3703145,airport_animation,3,182,128
before,3703145,reservation,0,250,151
before,3703145,reservation,1,119,112
before,3703145,reservation,2,250,153
before,3703147,landscape,0,218,35
before,3703147,landscape,1,242,30
before,3703147,landscape,2,53,61
before,3703147,landscape,3,70,67
before,3703147,signal,0,20,209
before,3703147,airport_animation,0,182,128
before,3703147,reservation,0,20,208
before,3703147,reservation,1,20,207
before,3703147,reservation,2,20,206
before,3703147,reservation,3,162,61
before,3703147,reservation,4,20,209
before,3703147,reservation,5,14,178
before,3703147,reservation,6,20,208
before,3703148,landscape,0,233,35
before,3703148,landscape,1,239,49
before,3703148,landscape,2,241,13
before,3703148,signal,0,20,36
before,3703148,reservation,0,227,86
before,3703148,reservation,1,21,35
before,3703148,reservation,2,17,41
before,3703149,landscape,0,50,58
before,3703149,landscape,1,239,28
before,3703149,signal,0,73,59
before,3703149,airport_animation,0,8,190
before,3703149,airport_animation,1,19,33
before,3703149,airport_animation,2,181,120
before,3703149,airport_animation,3,182,128
before,3703149,reservation,0,83,237
before,3703149,reservation,1,82,237
before,3703149,reservation,2,252,152
before,3703149,reservation,3,251,152
before,3703149,reservation,4,73,59
before,3703149,reservation,5,194,98
before,3703149,reservation,6,81,237
before,3703149,reservation,7,83,237
before,3703149,reservation,8,251,152
before,3703149,reservation,9,82,237
before,3703149,reservation,10,252,152
before,3703150,landscape,0,4,57
before,3703150,landscape,1,60,61
before,3703150,landscape,2,68,68
before,3703150,landscape,3,2,55
before,3703150,landscape,4,245,29
before,3703150,landscape,5,242,13
before,3703150,reservation,0,173,74
before,3703150,reservation,1,173,76
before,3703151,landscape,0,1,57
before,3703151,landscape,1,73,80
before,3703151,airport_animation,0,182,128
before,3703151,reservation,0,98,80
before,3703152,industry,0,215,195
before,3703152,landscape,0,246,14
before,3703152,landscape,1,186,119
before,3703152,reservation,0,139,149
before,3703153,landscape,0,74,66
before,3703153,landscape,1,65,62
before,3703153,airport_animation,0,8,190
before,3703153,airport_animation,1,19,33
before,3703153,airport_animation,2,181,120
before,3703153,airport_animation,3,182,128
before,3703154,landscape,0,240,28
before,3703154,landscape,1,51,59
before,3703154,landscape,2,11,66
before,3703154,reservation,0,236,117
before,3703155,landscape,0,8,69
before,3703155,landscape,1,244,27
before,3703155,signal,0,204,128
before,3703155,airport_animation,0,182,128
before,3703155,reservation,0,114,79
before,3703155,reservation,1,115,79
before,3703155,reservation,2,113,79
before,3703155,reservation,3,116,79
before,3703155,reservation,4,203,128
before,3703155,reservation,5,24,41
before,3703155,reservation,6,139,80
before,3703155,reservation,7,116,79
before,3703155,reservation,8,115,79
before,3703155,reservation,9,78,59
before,3703156,landscape,0,4,55
before,3703156,landscape,1,50,61
before,3703156,signal,0,111,10
before,3703156,signal,1,188,132
before,3703156,reservation,0,227,87
before,3703156,reservation,1,227,88
before,3703156,reservation,2,227,89
before,3703156,reservation,3,227,87
before,3703156,reservation,4,121,123
before,3703156,reservation,5,189,131
before,3703156,reservation,6,111,14
before,3703156,reservation,7,227,86
before,3703157,landscape,0,72,80
before,3703157,landscape,1,197,48
before,3703157,airport_animation,0,8,190
before,3703157,airport_animation,1,19,33
before,3703157,airport_animation,2,181,120
before,3703157,airport_animation,3,182,128
before,3703157,reservation,0,13,61
before,3703157,reservation,1,12,61
before,3703157,reservation,2,14,61
before,3703157,reservation,3,13,61
before,3703157,reservation,4,105,80
before,3703157,reservation,5,14,61
before,3703157,reservation,6,165,51
before,3703158,landscape,0,211,40
before,3703158,landscape,1,8,68
before,3703158,signal,0,47,78
before,3703158,reservation,0,46,78
before,3703159,airport_animation,0,182,128
before,3703159,reservation,0,133,164
before,3703159,reservation,1,133,160
before,3703160,industry,0,214,198
before,3703160,landscape,0,52,57
before,3703160,landscape,1,245,11
before,3703160,landscape,2,238,49
before,3703160,landscape,3,17,60
before,3703160,signal,0,150,148
before,3703160,reservation,0,200,94
before,3703160,reservation,1,199,94
before,3703160,reservation,2,140,149
before,3703160,reservation,3,141,149
before,3703160,reservation,4,149,149
before,3703160,reservation,5,140,148
before,3703160,reservation,6,141,148
before,3703160,reservation,7,149,148
before,3703160,reservation,8,140,149
before,3703160,reservation,9,141,149
before,3703160,reservation,10,154,148
before,3703160,reservation,11,153,148
before,3703160,reservation,12,152,148
before,3703160,reservation,13,149,149
before,3703160,reservation,14,162,57
before,3703160,reservation,15,151,148
before,3703160,reservation,16,155,148
before,3703161,landscape,0,79,89
before,3703161,landscape,1,2,56
before,3703161,airport_animation,0,8,190
before,3703161,airport_animation,1,19,33
before,3703161,airport_animation,2,181,120
before,3703161,airport_animation,3,182,128
before,3703161,reservation,0,153,148
before,3703161,reservation,1,154,148
before,3703161,reservation,2,151,148
before,3703161,reservation,3,152,148
before,3703161,reservation,4,155,148
before,3703161,reservation,5,251,152
before,3703161,reservation,6,252,152
before,3703161,reservation,7,251,152
before,3703161,reservation,8,43,90
before,3703161,reservation,9,252,152
before,3703162,landscape,0,52,58
before,3703162,signal,0,70,59
before,3703162,signal,1,157,125
before,3703162,reservation,0,165,120
before,3703162,reservation,1,167,120
before,3703162,reservation,2,158,123
before,3703162,reservation,3,163,120
before,3703162,reservation,4,157,124
before,3703162,reservation,5,158,124
before,3703162,reservation,6,157,123
before,3703162,reservation,7,156,124
before,3703162,reservation,8,166,120
before,3703162,reservation,9,164,120
before,3703162,reservation,10,156,125
before,3703162,reservation,11,155,125
before,3703162,reservation,12,147,125
before,3703162,reservation,13,154,125
before,3703162,reservation,14,159,123
before,3703162,reservation,15,72,59
before,3703163,signal,0,172,71
before,3703163,airport_animation,0,182,128
before,3703163,reservation,0,99,80
before,3703163,reservation,1,172,73
before,3703163,reservation,2,172,71
before,3703164,landscape,0,3,57
before,3703164,signal,0,22,39
before,3703164,signal,1,194,98
before,3703164,signal,2,248,111
before,3703164,reservation,0,250,153
before,3703164,reservation,1,248,115
before,3703164,reservation,2,250,151
before,3703164,reservation,3,24,40
before,3703164,reservation,4,248,113
before,3703164,reservation,5,195,98
before,3703164,reservation,6,18,41
before,3703164,reservation,7,248,112
before,3703164,reservation,8,24,41
before,3703165,landscape,0,14,63
before,3703165,landscape,1,239,48
before,3703165,airport_animation,0,8,190
before,3703165,airport_animation,1,19,33
before,3703165,airport_animation,2,181,120
before,3703165,airport_animation,3,182,128
before,3703165,reservation,0,24,41
before,3703165,reservation,1,203,228
before,3703165,reservation,2,22,192
before,3703165,reservation,3,24,41
before,3703166,landscape,0,236,48
before,3703166,landscape,1,48,57
before,3703166,landscape,2,48,59
before,3703166,landscape,3,125,233
before,3703166,reservation,0,24,41
before,3703166,reservation,1,19,35
before,3703166,reservation,2,20,35
before,3703166,reservation,3,18,35
before,3703166,reservation,4,21,35
before,3703166,reservation,5,24,41
before,3703166,reservation,6,21,35
before,3703166,reservation,7,20,35
before,3703167,landscape,0,80,88
before,3703167,landscape,1,242,118
before,3703167,landscape,2,242,118
before,3703167,landscape,3,15,60
before,3703167,airport_animation,0,182,128
before,3703167,reservation,0,24,41
before,3703167,reservation,1,24,41
before,3703167,reservation,2,14,178
before,3703168,signal,0,43,91
before,3703168,signal,1,173,71
before,3703168,reservation,0,24,41
before,3703168,reservation,1,14,61
before,3703168,reservation,2,13,61
before,3703168,reservation,3,24,41
before,3703168,reservation,4,163,50
before,3703168,reservation,5,12,61
before,3703168,reservation,6,13,61
before,3703168,reservation,7,204,128
before,3703168,reservation,8,43,92
before,3703168,reservation,9,14,61
before,3703168,reservation,10,163,48
before,3703168,reservation,11,173,74
before,3703168,reservation,12,77,59
before,3703169,landscape,0,233,47
before,3703169,landscape,1,60,63
before,3703169,landscape,2,15,83
before,3703169,landscape,3,74,65
before,3703169,landscape,4,216,47
before,3703169,signal,0,119,111
before,3703169,airport_animation,0,8,190
before,3703169,airport_animation,1,19,33
before,3703169,airport_animation,2,181,120
before,3703169,airport_animation,3,182,128
before,3703169,reservation,0,24,41
before,3703169,reservation,1,122,123
before,3703169,reservation,2,24,41
before,3703169,reservation,3,118,112
before,3703170,industry,0,214,194
before,3703170,landscape,0,245,28
before,3703170,landscape,1,77,62
before,3703170,reservation,0,24,41
before,3703170,reservation,1,24,41
before,3703170,reservation,2,106,80
before,3703171,landscape,0,25,62
before,3703171,signal,0,20,209
before,3703171,signal,1,13,37
before,3703171,airport_animation,0,182,128
before,3703171,reservation,0,24,41
before,3703171,reservation,1,20,208
before,3703171,reservation,2,20,209
before,3703171,reservation,3,24,41
before,3703171,reservation,4,20,209
before,3703171,reservation,5,20,206
before,3703171,reservation,6,12,38
before,3703171,reservation,7,20,207
before,3703171,reservation,8,20,208
before,3703171,reservation,9,237,117
before,3703172,landscape,0,238,42
before,3703172,landscape,1,51,60
before,3703172,landscape,2,246,12
before,3703172,landscape,3,2,53
before,3703172,landscape,4,205,49
before,3703172,signal,0,205,105
before,3703172,signal,1,205,102
before,3703172,reservation,0,24,41
before,3703172,reservation,1,252,152
before,3703172,reservation,2,251,152
before,3703172,reservation,3,24,41
before,3703172,reservation,4,139,77
before,3703172,reservation,5,162,58
before,3703172,reservation,6,192,98
before,3703172,reservation,7,251,152
before,3703172,reservation,8,252,152
before,3703172,reservation,9,250,149
before,3703172,reservation,10,205,106
before,3703172,reservation,11,205,103
before,3703172,reservation,12,205,104
before,3703173,landscape,0,228,53
before,3703173,landscape,1,242,26
before,3703173,airport_animation,0,8,190
before,3703173,airport_animation,1,19,33
before,3703173,airport_animation,2,181,120
before,3703173,airport_animation,3,182,128
before,3703173,reservation,0,24,41
before,3703173,reservation,1,24,41
before,3703174,landscape,0,246,9
before,3703174,signal,0,111,10
before,3703174,reservation,0,24,41
before,3703174,reservation,1,163,84
before,3703174,reservation,2,162,84
before,3703174,reservation,3,161,84
before,3703174,reservation,4,156,84
before,3703174,reservation,5,111,11
before,3703174,reservation,6,156,84
before,3703174,reservation,7,24,41
before,3703174,reservation,8,161,84
before,3703174,reservation,9,162,84
before,3703175,landscape,0,239,42
before,3703175,landscape,1,176,23
before,3703175,signal,0,73,58
before,3703175,airport_animation,0,182,128
before,3703175,reservation,0,24,41
before,3703175,reservation,1,24,41
before,3703175,reservation,2,71,59
before,3703176,landscape,0,1,54
before,3703176,landscape,1,112,235
before,3703176,landscape,2,112,235
before,3703176,landscape,3,20,59
before,3703176,landscape,4,11,92
before,3703176,signal,0,173,71
before,3703176,reservation,0,24,41
before,3703176,reservation,1,173,72
before,3703176,reservation,2,24,41
before,3703176,reservation,3,249,96
before,3703176,reservation,4,100,80
before,3703177,landscape,0,217,36
before,3703177,landscape,1,197,47
before,3703177,signal,0,133,159
before,3703177,airport_animation,0,8,190
before,3703177,airport_animation,1,19,33
before,3703177,airport_animation,2,181,120
before,3703177,airport_animation,3,182,128
before,3703177,reservation,0,24,41
before,3703177,reservation,1,24,41
before,3703177,reservation,2,133,163
before,3703177,reservation,3,19,41
before,3703177,reservation,4,133,158
before,3703177,reservation,5,165,49
before,3703177,reservation,6,165,53
before,3703178,landscape,0,84,62
before,3703178,signal,0,18,233
before,3703178,reservation,0,24,41
before,3703178,reservation,1,18,227
before,3703178,reservation,2,24,41
before,3703179,airport_animation,0,182,128
before,3703179,reservation,0,24,41
before,3703179,reservation,1,202,228
before,3703179,reservation,2,24,41
before,3703179,reservation,3,47,78
before,3703179,reservation,4,233,117
before,3703180,landscape,0,58,72
before,3703180,landscape,1,67,56
before,3703180,landscape,2,14,66
before,3703180,landscape,3,69,81
before,3703180,signal,0,250,153
before,3703180,reservation,0,24,41
before,3703180,reservation,1,24,41
before,3703180,reservation,2,250,152
before,3703181,landscape,0,214,35
before,3703181,landscape,1,234,37
before,3703181,airport_animation,0,8,190
before,3703181,airport_animation,1,19,33
before,3703181,airport_animation,2,181,120
before,3703181,airport_animation,3,182,128
before,3703181,reservation,0,24,41
before,3703181,reservation,1,172,76
before,3703181,reservation,2,172,75
before,3703181,reservation,3,172,74
before,3703181,reservation,4,172,71
before,3703181,reservation,5,172,76
before,3703181,reservation,6,24,41
before,3703181,reservation,7,172,75
before,3703181,reservation,8,76,59
before,3703181,reservation,9,172,79
before,3703181,reservation,10,172,78
before,3703181,reservation,11,172,77
before,3703182,landscape,0,217,33
before,3703182,landscape,1,77,85
before,3703182,signal,0,108,80
before,3703182,reservation,0,24,41
before,3703182,reservation,1,185,78
before,3703182,reservation,2,185,77
before,3703182,reservation,3,123,123
before,3703182,reservation,4,127,124
before,3703182,reservation,5,107,80
before,3703182,reservation,6,205,128
before,3703182,reservation,7,24,41
before,3703182,reservation,8,130,124
before,3703183,industry,0,60,253
before,3703183,landscape,0,79,63
before,3703183,landscape,1,61,87
before,3703183,landscape,2,64,87
before,3703183,landscape,3,65,86
before,3703183,landscape,4,214,36
before,3703183,airport_animation,0,182,128
before,3703183,reservation,0,24,41
before,3703183,reservation,1,64,75
before,3703183,reservation,2,24,41
before,3703184,landscape,0,78,73
before,3703184,reservation,0,24,41
before,3703184,reservation,1,140,149
before,3703184,reservation,2,141,149
before,3703184,reservation,3,149,149
before,3703184,reservation,4,251,152
before,3703184,reservation,5,252,152
before,3703184,reservation,6,43,93
before,3703184,reservation,7,251,152
before,3703184,reservation,8,141,149
before,3703184,reservation,9,140,149
before,3703184,reservation,10,149,149
before,3703184,reservation,11,173,76
before,3703184,reservation,12,252,152
before,3703184,reservation,13,24,41
before,3703185,industry,0,213,195
before,3703185,landscape,0,76,86
before,3703185,landscape,1,14,65
before,3703185,landscape,2,63,87
before,3703185,landscape,3,111,192
before,3703185,landscape,4,111,192
before,3703185,signal,0,162,58
before,3703185,airport_animation,0,8,190
before,3703185,airport_animation,1,19,33
before,3703185,airport_animation,2,181,120
before,3703185,airport_animation,3,182,128
before,3703185,reservation,0,24,41
before,3703185,reservation,1,190,131
before,3703185,reservation,2,192,131
before,3703185,reservation,3,162,59
before,3703185,reservation,4,24,41
before,3703185,reservation,5,196,98
before,3703185,reservation,6,20,183
before,3703185,reservation,7,162,50
before,3703186,signal,0,133,165
before,3703186,reservation,0,24,41
before,3703186,reservation,1,24,41
before,3703186,reservation,2,133,158
before,3703186,reservation,3,238,117
before,3703187,landscape,0,223,201
before,3703187,landscape,1,223,201
before,3703187,landscape,2,70,79
before,3703187,airport_animation,0,182,128
before,3703187,reservation,0,64,75
before,3703187,reservation,1,24,41
before,3703187,reservation,2,250,156
before,3703187,reservation,3,70,59
before,3703187,reservation,4,24,41
before,3703188,landscape,0,213,43
before,3703188,landscape,1,67,77
before,3703188,landscape,2,203,39
before,3703188,landscape,3,214,40
before,3703188,signal,0,22,41
before,3703188,reservation,0,24,41
before,3703188,reservation,1,24,41
before,3703188,reservation,2,20,41
before,3703188,reservation,3,21,41
before,3703188,reservation,4,22,41
before,3703188,reservation,5,23,41
before,3703188,reservation,6,24,40
before,3703188,reservation,7,17,41
before,3703188,reservation,8,19,41
before,3703188,reservation,9,21,41
before,3703188,reservation,10,18,41
before,3703188,reservation,11,101,80
before,3703188,reservation,12,20,41
before,3703189,landscape,0,60,79
before,3703189,landscape,1,71,81
before,3703189,landscape,2,210,36
before,3703189,airport_animation,0,8,190
before,3703189,airport_animation,1,19,33
before,3703189,airport_animation,2,181,120
before,3703189,airport_animation,3,182,128
before,3703189,reservation,0,206,128
before,3703189,reservation,1,207,128
before,3703189,reservation,2,208,128
before,3703189,reservation,3,209,128
before,3703189,reservation,4,210,128
before,3703189,reservation,5,211,128
before,3703189,reservation,6,206,128
before,3703189,reservation,7,207,128
before,3703189,reservation,8,140,80
before,3703190,landscape,0,70,80
before,3703190,signal,0,78,239
before,3703190,reservation,0,124,123
before,3703190,reservation,1,125,123
before,3703190,reservation,2,126,123
before,3703190,reservation,3,127,123
before,3703190,reservation,4,130,123
before,3703190,reservation,5,153,83
before,3703190,reservation,6,125,123
before,3703190,reservation,7,123,123
before,3703190,reservation,8,124,123
before,3703190,reservation,9,122,123
before,3703191,landscape,0,15,72
before,3703191,landscape,1,63,81
before,3703191,landscape,2,77,77
before,3703191,landscape,3,60,81
before,3703191,landscape,4,59,84
before,3703191,signal,0,111,10
before,3703191,airport_animation,0,182,128
before,3703191,reservation,0,173,81
before,3703191,reservation,1,173,86
before,3703191,reservation,2,163,52
before,3703191,reservation,3,117,112
before,3703193,landscape,0,197,41
before,3703193,landscape,1,68,82
before,3703193,airport_animation,0,8,190
before,3703193,airport_animation,1,19,33
before,3703193,airport_animation,2,181,120
before,3703193,airport_animation,3,182,128
before,3703193,reservation,0,234,117
before,3703193,reservation,1,201,228
before,3703194,landscape,0,214,42
before,3703194,landscape,1,248,37
before,3703194,signal,0,80,57
before,3703194,reservation,0,84,52
before,3703194,reservation,1,14,176
before,3703194,reservation,2,75,59
before,3703194,reservation,3,84,53
before,3703194,reservation,4,84,55
before,3703194,reservation,5,84,50
before,3703194,reservation,6,84,54
before,3703194,reservation,7,84,51
before,3703194,reservation,8,14,174
before,3703195,landscape,0,223,19
before,3703195,landscape,1,77,78
before,3703195,signal,0,250,104
before,3703195,airport_animation,0,182,128
before,3703195,reservation,0,252,152
before,3703195,reservation,1,251,152
before,3703195,reservation,2,252,152
before,3703195,reservation,3,251,152
before,3703195,reservation,4,84,50
before,3703195,reservation,5,84,52
before,3703195,reservation,6,250,151
before,3703195,reservation,7,108,80
before,3703195,reservation,8,84,54
before,3703195,reservation,9,84,51
before,3703195,reservation,10,84,53
before,3703195,reservation,11,250,102
before,3703195,reservation,12,84,55
before,3703196,landscape,0,236,53
before,3703196,reservation,0,165,55
before,3703196,reservation,1,205,106
before,3703197,landscape,0,208,44
before,3703197,signal,0,133,165
before,3703197,airport_animation,0,8,190
before,3703197,airport_animation,1,19,33
before,3703197,airport_animation,2,181,120
before,3703197,airport_animation,3,182,128
before,3703197,reservation,0,218,99
before,3703197,reservation,1,64,170
before,3703198,landscape,0,72,88
before,3703198,reservation,0,149,164
before,3703198,reservation,1,149,163
before,3703198,reservation,2,149,162
before,3703198,reservation,3,82,237
before,3703198,reservation,4,81,237
before,3703198,reservation,5,83,237
before,3703198,reservation,6,131,124
before,3703198,reservation,7,150,91
before,3703198,reservation,8,173,75
before,3703198,reservation,9,186,131
before,3703198,reservation,10,162,59
before,3703198,reservation,11,82,237
before,3703198,reservation,12,83,237
before,3703198,reservation,13,162,51
before,3703198,reservation,14,81,237
before,3703198,reservation,15,48,78
before,3703199,landscape,0,60,80
before,3703199,landscape,1,56,81
before,3703199,landscape,2,64,58
before,3703199,airport_animation,0,182,128
before,3703199,reservation,0,185,27
before,3703199,reservation,1,186,27
before,3703199,reservation,2,43,94
before,3703199,reservation,3,186,27
before,3703199,reservation,4,185,27
before,3703199,reservation,5,187,27
before,3703200,landscape,0,69,86
before,3703200,landscape,1,7,195
before,3703200,landscape,2,7,195
before,3703200,landscape,3,238,54
before,3703200,landscape,4,177,197
before,3703200,landscape,5,81,209
before,3703200,signal,0,70,59
before,3703200,signal,1,192,228
before,3703200,reservation,0,248,117
before,3703200,reservation,1,192,228
before,3703200,reservation,2,69,59
before,3703200,reservation,3,248,115
before,3703200,reservation,4,210,227
before,3703200,reservation,5,209,227
before,3703200,reservation,6,212,227
before,3703200,reservation,7,248,113
before,3703200,reservation,8,211,227
before,3703201,landscape,0,205,10
before,3703201,landscape,1,240,54
before,3703201,landscape,2,5,84
before,3703201,signal,0,103,80
before,3703201,airport_animation,0,8,190
before,3703201,airport_animation,1,19,33
before,3703201,airport_animation,2,181,120
before,3703201,airport_animation,3,182,128
before,3703201,reservation,0,236,117
before,3703201,reservation,1,235,117
before,3703201,reservation,2,237,117
before,3703201,reservation,3,238,117
before,3703201,reservation,4,161,84
before,3703201,reservation,5,156,84
before,3703201,reservation,6,162,84
before,3703201,reservation,7,102,80
before,3703201,reservation,8,233,117
before,3703201,reservation,9,236,117
before,3703201,reservation,10,156,84
before,3703201,reservation,11,162,84
before,3703201,reservation,12,146,81
before,3703201,reservation,13,235,117
before,3703201,reservation,14,163,84
before,3703201,reservation,15,161,84
before,3703201,reservation,16,234,117
before,3703202,landscape,0,202,52
before,3703202,landscape,1,201,148
before,3703202,reservation,0,250,155
before,3703203,industry,0,225,43
before,3703203,landscape,0,214,37
before,3703203,landscape,1,58,83
before,3703203,landscape,2,61,84
before,3703203,landscape,3,65,57
before,3703203,landscape,4,25,83
before,3703203,airport_animation,0,182,128
before,3703204,industry,0,223,43
before,3703204,landscape,0,67,78
before,3703204,landscape,1,78,81
before,3703204,reservation,0,178,127
before,3703204,reservation,1,177,127
before,3703204,reservation,2,176,127
before,3703204,reservation,3,175,127
before,3703204,reservation,4,179,127
before,3703204,reservation,5,53,7
before,3703204,reservation,6,179,127
before,3703204,reservation,7,193,98
before,3703204,reservation,8,178,127
before,3703205,airport_animation,0,8,190
before,3703205,airport_animation,1,19,33
before,3703205,airport_animation,2,181,120
before,3703205,airport_animation,3,182,128
before,3703205,reservation,0,173,80
before,3703206,landscape,0,209,35
before,3703206,signal,0,188,131
before,3703206,reservation,0,187,131
before,3703206,reservation,1,188,131
before,3703206,reservation,2,189,131
before,3703206,reservation,3,190,131
before,3703206,reservation,4,192,131
before,3703206,reservation,5,251,152
before,3703206,reservation,6,252,152
before,3703206,reservation,7,251,152
before,3703206,reservation,8,188,131
before,3703206,reservation,9,136,124
before,3703206,reservation,10,187,131
before,3703206,reservation,11,186,131
before,3703206,reservation,12,252,152
before,3703207,landscape,0,82,78
before,3703207,signal,0,150,149
before,3703207,signal,1,73,59
before,3703207,signal,2,139,78
before,3703207,airport_animation,0,182,128
before,3703207,reservation,0,141,149
before,3703207,reservation,1,149,149
before,3703207,reservation,2,140,149
before,3703207,reservation,3,198,12
before,3703207,reservation,4,139,78
before,3703207,reservation,5,140,149
before,3703207,reservation,6,151,149
before,3703207,reservation,7,141,149
before,3703207,reservation,8,197,12
before,3703207,reservation,9,149,149
before,3703207,reservation,10,153,149
before,3703207,reservation,11,74,59
before,3703207,reservation,12,109,80
before,3703207,reservation,13,154,149
before,3703207,reservation,14,200,228
before,3703207,reservation,15,155,149
before,3703207,reservation,16,152,149
before,3703208,reservation,0,53,7
before,3703208,reservation,1,151,149
before,3703208,reservation,2,153,149
before,3703208,reservation,3,155,149
before,3703208,reservation,4,152,149
before,3703208,reservation,5,154,149
before,3703208,reservation,6,121,112
before,3703208,reservation,7,120,112
before,3703208,reservation,8,122,112
before,3703208,reservation,9,119,112
before,3703208,reservation,10,118,112
before,3703208,reservation,11,117,112
before,3703208,reservation,12,119,112
before,3703208,reservation,13,205,128
before,3703208,reservation,14,118,112
before,3703209,landscape,0,69,82
before,3703209,landscape,1,14,73
before,3703209,landscape,2,217,41
before,3703209,signal,0,151,80
before,3703209,signal,1,151,81
before,3703209,airport_animation,0,8,190
before,3703209,airport_animation,1,19,33
before,3703209,airport_animation,2,181,120
before,3703209,airport_animation,3,182,128
before,3703209,reservation,0,151,81
before,3703210,landscape,0,209,41
before,3703210,landscape,1,68,80
before,3703210,landscape,2,61,77
before,3703210,landscape,3,163,148
before,3703210,signal,0,111,10
before,3703210,reservation,0,249,96
before,3703210,reservation,1,249,98
before,3703210,reservation,2,111,13
before,3703210,reservation,3,111,8
before,3703211,landscape,0,68,84
before,3703211,landscape,1,217,16
before,3703211,signal,0,13,38
before,3703211,airport_animation,0,182,128
before,3703211,reservation,0,14,38
before,3703211,reservation,1,13,38
before,3703211,reservation,2,15,38
before,3703211,reservation,3,12,38
before,3703211,reservation,4,15,38
before,3703211,reservation,5,14,38
before,3703211,reservation,6,13,38
before,3703212,landscape,0,215,38
before,3703212,landscape,1,65,59
before,3703212,signal,0,160,85
before,3703212,reservation,0,158,91
before,3703212,reservation,1,157,91
before,3703212,reservation,2,159,91
before,3703212,reservation,3,156,91
before,3703212,reservation,4,155,91
before,3703212,reservation,5,154,91
before,3703212,reservation,6,153,91
before,3703212,reservation,7,152,91
before,3703212,reservation,8,151,91
before,3703212,reservation,9,150,91
before,3703212,reservation,10,159,91
before,3703212,reservation,11,163,50
before,3703212,reservation,12,163,54
before,3703212,reservation,13,163,56
before,3703212,reservation,14,173,74
before,3703212,reservation,15,158,91
before,3703212,reservation,16,160,91
before,3703212,reservation,17,41,91
before,3703213,landscape,0,213,38
before,3703213,airport_animation,0,8,190
before,3703213,airport_animation,1,19,33
before,3703213,airport_animation,2,181,120
before,3703213,airport_animation,3,182,128
before,3703213,reservation,0,165,57
before,3703213,reservation,1,191,228
before,3703213,reservation,2,132,124
before,3703213,reservation,3,22,192
before,3703213,reservation,4,165,51
before,3703213,reservation,5,14,174
before,3703214,landscape,0,67,87
before,3703214,landscape,1,209,36
before,3703214,reservation,0,179,127
before,3703214,reservation,1,178,127
before,3703214,reservation,2,73,59
before,3703214,reservation,3,72,59
before,3703214,reservation,4,71,59
before,3703214,reservation,5,70,59
before,3703214,reservation,6,69,59
before,3703214,reservation,7,178,127
before,3703214,reservation,8,179,127
before,3703214,reservation,9,43,95
before,3703214,reservation,10,72,59
before,3703214,reservation,11,73,59
before,3703214,reservation,12,175,127
before,3703214,reservation,13,176,127
before,3703214,reservation,14,177,127
before,3703215,landscape,0,201,51
before,3703215,airport_animation,0,182,128
before,3703215,reservation,0,217,99
before,3703215,reservation,1,248,117
before,3703215,reservation,2,250,154
before,3703216,landscape,0,70,89
before,3703216,reservation,0,49,78
before,3703217,landscape,0,70,87
before,3703217,airport_animation,0,8,190
before,3703217,airport_animation,1,19,33
before,3703217,airport_animation,2,181,120
before,3703217,airport_animation,3,182,128
before,3703217,reservation,0,147,81
before,3703218,landscape,0,66,59
before,3703218,reservation,0,252,152
before,3703218,reservation,1,251,152
before,3703218,reservation,2,32,207
before,3703218,reservation,3,32,208
before,3703218,reservation,4,103,80
before,3703218,reservation,5,205,104
before,3703218,reservation,6,32,210
before,3703218,reservation,7,109,80
before,3703218,reservation,8,251,152
before,3703218,reservation,9,252,152
before,3703218,reservation,10,32,205
before,3703218,reservation,11,109,79
before,3703218,reservation,12,32,206
before,3703218,reservation,13,32,209
before,3703219,landscape,0,6,84
before,3703219,landscape,1,236,233
before,3703219,airport_animation,0,182,128
before,3703219,reservation,0,109,80
before,3703219,reservation,1,160,48
before,3703219,reservation,2,160,49
before,3703219,reservation,3,160,50
before,3703219,reservation,4,160,46
before,3703219,reservation,5,160,51
before,3703219,reservation,6,148,110
before,3703219,reservation,7,147,110
before,3703219,reservation,8,149,110
before,3703219,reservation,9,146,110
before,3703219,reservation,10,145,110
before,3703219,reservation,11,144,110
before,3703219,reservation,12,141,110
before,3703219,reservation,13,163,136
before,3703219,reservation,14,149,110
before,3703219,reservation,15,32,206
before,3703219,reservation,16,147,110
before,3703219,reservation,17,32,208
before,3703219,reservation,18,32,209
before,3703219,reservation,19,32,210
before,3703219,reservation,20,109,80
before,3703219,reservation,21,32,207
before,3703219,reservation,22,148,110
before,3703219,reservation,23,32,205
before,3703219,reservation,24,173,79
before,3703219,reservation,25,160,48
before,3703219,reservation,26,146,110
before,3703219,reservation,27,145,110
before,3703220,landscape,0,79,78
before,3703220,landscape,1,61,80
before,3703220,landscape,2,211,36
before,3703220,reservation,0,109,80
before,3703220,reservation,1,109,80
before,3703220,reservation,2,137,124
before,3703220,reservation,3,199,228
before,3703221,landscape,0,66,55
before,3703221,landscape,1,212,37
before,3703221,landscape,2,198,49
before,3703221,signal,0,18,233
before,3703221,airport_animation,0,8,190
before,3703221,airport_animation,1,19,33
before,3703221,airport_animation,2,181,120
before,3703221,airport_animation,3,182,128
before,3703221,reservation,0,109,80
before,3703221,reservation,1,13,61
before,3703221,reservation,2,12,61
before,3703221,reservation,3,14,61
before,3703221,reservation,4,13,61
before,3703221,reservation,5,250,149
before,3703221,reservation,6,14,61
before,3703221,reservation,7,109,80
before,3703222,industry,0,222,45
before,3703222,landscape,0,83,78
before,3703222,landscape,1,108,158
before,3703222,landscape,2,108,158
before,3703222,landscape,3,14,68
before,3703222,reservation,0,109,80
before,3703222,reservation,1,109,80
before,3703223,landscape,0,236,55
before,3703223,landscape,1,81,81
before,3703223,landscape,2,216,38
before,3703223,landscape,3,237,149
before,3703223,signal,0,133,165
before,3703223,signal,1,18,233
before,3703223,airport_animation,0,182,128
before,3703223,reservation,0,109,80
before,3703223,reservation,1,133,161
before,3703223,reservation,2,109,80
before,3703224,landscape,0,223,18
before,3703224,reservation,0,109,80
before,3703224,reservation,1,18,229
before,3703224,reservation,2,18,231
before,3703224,reservation,3,18,230
before,3703224,reservation,4,109,80
before,3703224,reservation,5,141,80
before,3703224,reservation,6,143,80
before,3703224,reservation,7,197,98
before,3703225,signal,0,55,78
before,3703225,airport_animation,0,8,190
before,3703225,airport_animation,1,19,33
before,3703225,airport_animation,2,181,120
before,3703225,airport_animation,3,182,128
before,3703225,reservation,0,109,80
before,3703225,reservation,1,152,81
before,3703225,reservation,2,109,80
before,3703225,reservation,3,55,78
before,3703226,industry,0,233,246
before,3703226,landscape,0,201,49
before,3703226,reservation,0,109,80
before,3703226,reservation,1,109,80
before,3703226,reservation,2,190,228
before,3703226,reservation,3,248,97
before,3703227,industry,0,224,46
before,3703227,industry,1,230,247
before,3703227,landscape,0,63,58
before,3703227,landscape,1,80,80
before,3703227,signal,0,250,153
before,3703227,airport_animation,0,182,128
before,3703227,reservation,0,109,80
before,3703227,reservation,1,147,84
before,3703227,reservation,2,109,80
before,3703227,reservation,3,148,84
before,3703227,reservation,4,250,153
before,3703227,reservation,5,133,124
before,3703227,reservation,6,150,84
before,3703227,reservation,7,146,84
before,3703227,reservation,8,149,84
before,3703227,reservation,9,172,80
before,3703227,reservation,10,151,84
before,3703228,landscape,0,6,83
before,3703228,landscape,1,78,77
before,3703228,reservation,0,205,16
before,3703228,reservation,1,207,16
before,3703228,reservation,2,212,16
before,3703228,reservation,3,211,16
before,3703228,reservation,4,209,16
before,3703228,reservation,5,210,16
before,3703228,reservation,6,109,80
before,3703228,reservation,7,208,16
before,3703228,reservation,8,204,16
before,3703228,reservation,9,206,16
before,3703228,reservation,10,211,16
before,3703228,reservation,11,212,16
before,3703228,reservation,12,150,84
before,3703228,reservation,13,151,84
before,3703228,reservation,14,147,84
before,3703228,reservation,15,206,16
before,3703228,reservation,16,207,16
before,3703228,reservation,17,148,84
before,3703228,reservation,18,146,84
before,3703228,reservation,19,209,16
before,3703228,reservation,20,205,16
before,3703228,reservation,21,149,84
before,3703228,reservation,22,204,16
before,3703228,reservation,23,210,16
before,3703228,reservation,24,109,80
before,3703228,reservation,25,208,16
before,3703229,landscape,0,68,76
before,3703229,landscape,1,74,86
before,3703229,airport_animation,0,8,190
before,3703229,airport_animation,1,19,33
before,3703229,airport_animation,2,181,120
before,3703229,airport_animation,3,182,128
before,3703229,reservation,0,109,80
before,3703229,reservation,1,251,152
before,3703229,reservation,2,252,152
before,3703229,reservation,3,162,60
before,3703229,reservation,4,251,152
before,3703229,reservation,5,248,114
before,3703229,reservation,6,249,98
before,3703229,reservation,7,43,96
before,3703229,reservation,8,162,52
before,3703229,reservation,9,109,80
before,3703229,reservation,10,252,152
before,3703230,landscape,0,73,86
before,3703230,reservation,0,109,80
before,3703230,reservation,1,134,228
before,3703230,reservation,2,134,229
before,3703230,reservation,3,134,230
before,3703230,reservation,4,134,231
before,3703230,reservation,5,216,99
before,3703230,reservation,6,134,229
before,3703230,reservation,7,134,227
before,3703230,reservation,8,109,80
before,3703230,reservation,9,134,230
before,3703230,reservation,10,134,228
before,3703231,landscape,0,239,53
before,3703231,airport_animation,0,182,128
before,3703231,reservation,0,109,80
before,3703231,reservation,1,109,80
before,3703232,reservation,0,109,80
before,3703232,reservation,1,140,149
before,3703232,reservation,2,141,149
before,3703232,reservation,3,149,149
before,3703232,reservation,4,14,61
before,3703232,reservation,5,13,61
before,3703232,reservation,6,104,80
before,3703232,reservation,7,109,80
before,3703232,reservation,8,163,56
before,3703232,reservation,9,149,149
before,3703232,reservation,10,14,61
before,3703232,reservation,11,141,149
before,3703232,reservation,12,148,81
before,3703232,reservation,13,12,61
before,3703232,reservation,14,140,149
before,3703232,reservation,15,173,78
before,3703232,reservation,16,163,58
before,3703232,reservation,17,13,61
before,3703233,landscape,0,235,52
before,3703233,landscape,1,106,170
before,3703233,landscape,2,106,170
before,3703233,signal,0,63,170
before,3703233,signal,1,250,148
before,3703233,airport_animation,0,8,190
before,3703233,airport_animation,1,19,33
before,3703233,airport_animation,2,181,120
before,3703233,airport_animation,3,182,128
before,3703233,reservation,0,109,80
before,3703233,reservation,1,62,170
before,3703233,reservation,2,63,170
before,3703233,reservation,3,61,170
before,3703233,reservation,4,64,170
before,3703233,reservation,5,109,80
before,3703233,reservation,6,63,170
before,3703233,reservation,7,62,170
before,3703233,reservation,8,250,148
before,3703233,reservation,9,61,170
before,3703233,reservation,10,198,228
before,3703234,industry,0,232,244
before,3703234,landscape,0,212,38
before,3703234,landscape,1,202,49
before,3703234,signal,0,137,124
before,3703234,reservation,0,109,80
before,3703234,reservation,1,138,124
before,3703234,reservation,2,109,80
before,3703234,reservation,3,50,78
before,3703234,reservation,4,142,124
before,3703235,airport_animation,0,182,128
before,3703235,reservation,0,109,80
before,3703235,reservation,1,109,80
before,3703236,landscape,0,199,52
before,3703236,landscape,1,201,50
before,3703236,reservation,0,109,80
before,3703236,reservation,1,109,80
before,3703237,industry,0,223,44
before,3703237,landscape,0,11,72
before,3703237,landscape,1,62,81
before,3703237,signal,0,13,185
before,3703237,airport_animation,0,8,190
before,3703237,airport_animation,1,19,33
before,3703237,airport_animation,2,181,120
before,3703237,airport_animation,3,182,128
before,3703237,reservation,0,14,181
before,3703237,reservation,1,14,184
before,3703237,reservation,2,14,183
before,3703237,reservation,3,14,180
before,3703237,reservation,4,109,80
before,3703237,reservation,5,14,179
before,3703237,reservation,6,14,182
before,3703237,reservation,7,204,128
before,3703237,reservation,8,77,239
before,3703237,reservation,9,20,183
before,3703237,reservation,10,212,99
before,3703237,reservation,11,109,80
before,3703237,reservation,12,111,9
before,3703237,reservation,13,20,185
before,3703238,industry,0,233,245
before,3703238,landscape,0,213,42
before,3703238,landscape,1,60,83
before,3703238,signal,0,173,71
before,3703238,signal,1,250,104
before,3703238,reservation,0,109,80
before,3703238,reservation,1,250,107
before,3703238,reservation,2,250,106
before,3703238,reservation,3,250,105
before,3703238,reservation,4,250,104
before,3703238,reservation,5,250,102
before,3703238,reservation,6,250,105
before,3703238,reservation,7,250,102
before,3703238,reservation,8,250,106
before,3703238,reservation,9,173,72
before,3703238,reservation,10,250,103
before,3703238,reservation,11,109,80
before,3703238,reservation,12,250,104
before,3703239,landscape,0,12,72
before,3703239,landscape,1,70,82
before,3703239,airport_animation,0,182,128
before,3703239,reservation,0,109,80
before,3703239,reservation,1,189,228
before,3703239,reservation,2,109,80
before,3703239,reservation,3,205,101
before,3703240,industry,0,224,43
before,3703240,landscape,0,69,87
before,3703240,landscape,1,67,59
before,3703240,landscape,2,62,82
before,3703240,signal,0,145,81
before,3703240,signal,1,250,153
before,3703240,signal,2,145,80
before,3703240,signal,3,151,81
before,3703240,reservation,0,109,80
before,3703240,reservation,1,198,12
before,3703240,reservation,2,197,12
before,3703240,reservation,3,149,81
before,3703240,reservation,4,150,81
before,3703240,reservation,5,151,81
before,3703240,reservation,6,152,81
before,3703240,reservation,7,145,81
before,3703240,reservation,8,250,152
before,3703240,reservation,9,150,81
before,3703240,reservation,10,149,81
before,3703240,reservation,11,148,81
before,3703240,reservation,12,144,81
before,3703240,reservation,13,147,81
before,3703240,reservation,14,134,124
before,3703240,reservation,15,109,80
before,3703240,reservation,16,146,81
before,3703241,landscape,0,68,57
before,3703241,landscape,1,66,87
before,3703241,signal,0,139,78
before,3703241,airport_animation,0,8,190
before,3703241,airport_animation,1,19,33
before,3703241,airport_animation,2,181,120
before,3703241,airport_animation,3,182,128
before,3703241,reservation,0,109,80
before,3703241,reservation,1,252,152
before,3703241,reservation,2,251,152
before,3703241,reservation,3,139,79
before,3703241,reservation,4,248,110
before,3703241,reservation,5,109,80
before,3703241,reservation,6,199,94
before,3703241,reservation,7,252,152
before,3703241,reservation,8,251,152
before,3703242,landscape,0,74,87
before,3703242,landscape,1,200,48
before,3703242,landscape,2,235,55
before,3703242,landscape,3,215,40
before,3703242,reservation,0,109,80
before,3703242,reservation,1,109,80
before,3703242,reservation,2,133,166
before,3703242,reservation,3,56,78
before,3703243,landscape,0,237,54
before,3703243,landscape,1,170,108
before,3703243,airport_animation,0,182,128
before,3703243,reservation,0,109,80
before,3703243,reservation,1,109,80
before,3703243,reservation,2,105,80
before,3703243,reservation,3,106,80
before,3703243,reservation,4,107,80
before,3703243,reservation,5,108,80
before,3703243,reservation,6,109,79
before,3703243,reservation,7,105,80
before,3703243,reservation,8,43,97
before,3703243,reservation,9,104,80
before,3703243,reservation,10,106,80
before,3703244,reservation,0,215,99
before,3703244,reservation,1,173,77
before,3703245,airport_animation,0,8,190
before,3703245,airport_animation,1,19,33
before,3703245,airport_animation,2,181,120
before,3703245,airport_animation,3,182,128
before,3703245,reservation,0,197,228
before,3703246,industry,0,232,247
before,3703246,reservation,0,40,91
before,3703247,landscape,0,73,89
before,3703247,signal,0,250,153
before,3703247,airport_animation,0,182,128
before,3703247,reservation,0,250,151
before,3703247,reservation,1,250,150
before,3703247,reservation,2,250,149
before,3703247,reservation,3,250,148
before,3703247,reservation,4,172,82
before,3703247,reservation,5,250,152
before,3703247,reservation,6,165,53
before,3703247,reservation,7,250,151
before,3703247,reservation,8,172,80
before,3703248,landscape,0,238,53
before,3703248,landscape,1,249,37
before,3703248,reservation,0,205,16
before,3703248,reservation,1,209,16
before,3703248,reservation,2,210,16
before,3703248,reservation,3,204,16
before,3703248,reservation,4,206,16
before,3703248,reservation,5,212,16
before,3703248,reservation,6,207,16
before,3703248,reservation,7,211,16
before,3703248,reservation,8,208,16
before,3703248,reservation,9,135,124
before,3703248,reservation,10,136,124
before,3703248,reservation,11,137,124
before,3703248,reservation,12,138,124
before,3703248,reservation,13,142,124
before,3703248,reservation,14,31,38
before,3703248,reservation,15,32,38
before,3703248,reservation,16,33,38
before,3703248,reservation,17,34,38
before,3703248,reservation,18,208,16
before,3703248,reservation,19,132,124
before,3703248,reservation,20,212,16
before,3703248,reservation,21,204,16
before,3703248,reservation,22,206,16
before,3703248,reservation,23,205,16
before,3703248,reservation,24,34,38
before,3703248,reservation,25,133,124
before,3703248,reservation,26,136,124
before,3703248,reservation,27,211,16
before,3703248,reservation,28,32,38
before,3703248,reservation,29,131,124
before,3703248,reservation,30,207,16
before,3703248,reservation,31,33,38
before,3703248,reservation,32,135,124
before,3703248,reservation,33,209,16
before,3703248,reservation,34,134,124
before,3703248,reservation,35,183,133
before,3703248,reservation,36,210,16
before,3703249,landscape,0,210,41
before,3703249,landscape,1,62,84
before,3703249,landscape,2,82,81
before,3703249,landscape,3,73,84
before,3703249,signal,0,20,209
before,3703249,airport_animation,0,8,190
before,3703249,airport_animation,1,19,33
before,3703249,airport_animation,2,181,120
before,3703249,airport_animation,3,182,128
before,3703249,reservation,0,20,209
before,3703250,landscape,0,217,13
before,3703250,reservation,0,173,71
before,3703251,landscape,0,206,223
before,3703251,signal,0,139,78
before,3703251,airport_animation,0,182,128
before,3703251,reservation,0,140,79
before,3703251,reservation,1,139,80
before,3703251,reservation,2,140,80
before,3703251,reservation,3,141,80
before,3703251,reservation,4,143,80
before,3703251,reservation,5,51,78
before,3703251,reservation,6,188,228
before,3703251,reservation,7,138,79
before,3703251,reservation,8,163,52
before,3703251,reservation,9,139,79
before,3703251,reservation,10,163,58
before,3703251,reservation,11,140,79
before,3703252,landscape,0,77,83
before,3703252,landscape,1,5,57
before,3703252,landscape,2,193,50
before,3703252,reservation,0,251,152
before,3703252,reservation,1,252,152
before,3703252,reservation,2,252,152
before,3703252,reservation,3,251,152
before,3703253,landscape,0,12,67
before,3703253,landscape,1,80,87
before,3703253,airport_animation,0,8,190
before,3703253,airport_animation,1,19,33
before,3703253,airport_animation,2,181,120
before,3703253,airport_animation,3,182,128
before,3703253,reservation,0,249,92
before,3703253,reservation,1,249,94
before,3703253,reservation,2,249,95
before,3703253,reservation,3,249,93
before,3703253,reservation,4,163,135
before,3703253,reservation,5,248,115
before,3703254,landscape,0,243,53
before,3703254,landscape,1,56,69
before,3703254,landscape,2,211,38
before,3703254,signal,0,23,189
before,3703254,reservation,0,64,75
before,3703254,reservation,1,22,190
before,3703254,reservation,2,209,227
before,3703254,reservation,3,23,190
before,3703255,industry,0,50,245
before,3703255,industry,1,232,248
before,3703255,landscape,0,75,66
before,3703255,landscape,1,192,52
before,3703255,landscape,2,53,57
before,3703255,airport_animation,0,182,128
before,3703255,reservation,0,141,149
before,3703255,reservation,1,149,149
before,3703255,reservation,2,140,149
before,3703255,reservation,3,83,237
before,3703255,reservation,4,82,237
before,3703255,reservation,5,81,237
before,3703255,reservation,6,81,237
before,3703255,reservation,7,83,237
before,3703255,reservation,8,82,237
before,3703256,landscape,0,244,53
before,3703256,landscape,1,20,60
before,3703256,landscape,2,72,65
before,3703256,reservation,0,141,149
before,3703256,reservation,1,152,149
before,3703256,reservation,2,149,149
before,3703256,reservation,3,151,149
before,3703256,reservation,4,153,149
before,3703256,reservation,5,140,149
before,3703256,reservation,6,154,149
before,3703256,reservation,7,173,76
before,3703256,reservation,8,155,149
before,3703257,landscape,0,76,66
before,3703257,landscape,1,238,50
before,3703257,signal,0,20,209
before,3703257,signal,1,204,128
before,3703257,airport_animation,0,8,190
before,3703257,airport_animation,1,19,33
before,3703257,airport_animation,2,181,120
before,3703257,airport_animation,3,182,128
before,3703257,reservation,0,155,149
before,3703257,reservation,1,154,149
before,3703257,reservation,2,151,149
before,3703257,reservation,3,153,149
before,3703257,reservation,4,152,149
before,3703257,reservation,5,20,208
before,3703257,reservation,6,20,207
before,3703257,reservation,7,20,206
before,3703257,reservation,8,214,99
before,3703257,reservation,9,43,98
before,3703257,reservation,10,196,228
before,3703257,reservation,11,203,128
before,3703257,reservation,12,20,208
before,3703257,reservation,13,20,209
before,3703258,landscape,0,241,28
before,3703258,landscape,1,81,82
before,3703258,reservation,0,64,75
before,3703258,reservation,1,153,83
before,3703258,reservation,2,154,83
before,3703258,reservation,3,155,83
before,3703258,reservation,4,156,83
before,3703258,reservation,5,161,83
before,3703258,reservation,6,156,83
before,3703258,reservation,7,155,83
before,3703258,reservation,8,161,83
before,3703258,reservation,9,154,83
before,3703258,reservation,10,153,83
before,3703259,signal,0,205,105
before,3703259,airport_animation,0,182,128
before,3703259,reservation,0,57,78
before,3703259,reservation,1,205,105
before,3703260,landscape,0,49,58
before,3703260,signal,0,248,91
before,3703260,signal,1,248,97
before,3703260,reservation,0,248,97
before,3703260,reservation,1,248,95
before,3703261,landscape,0,244,49
before,3703261,landscape,1,80,89
before,3703261,landscape,2,221,219
before,3703261,airport_animation,0,8,190
before,3703261,airport_animation,1,19,33
before,3703261,airport_animation,2,181,120
before,3703261,airport_animation,3,182,128
before,3703262,landscape,0,12,64
before,3703262,landscape,1,79,71
before,3703262,signal,0,173,66
before,3703262,reservation,0,173,70
before,3703263,landscape,0,240,29
before,3703263,landscape,1,79,87
before,3703263,landscape,2,223,16
before,3703263,signal,0,204,129
before,3703263,airport_animation,0,182,128
before,3703263,reservation,0,160,48
before,3703263,reservation,1,252,152
before,3703263,reservation,2,251,152
before,3703263,reservation,3,251,152
before,3703263,reservation,4,194,98
before,3703263,reservation,5,162,53
before,3703263,reservation,6,252,152
before,3703263,reservation,7,162,61
before,3703264,landscape,0,67,83
before,3703264,landscape,1,65,60
before,3703264,landscape,2,79,174
before,3703264,reservation,0,213,99
before,3703264,reservation,1,212,99
before,3703264,reservation,2,211,99
before,3703264,reservation,3,187,228
before,3703264,reservation,4,215,99
before,3703264,reservation,5,172,82
before,3703264,reservation,6,172,84
before,3703264,reservation,7,212,99
before,3703264,reservation,8,216,99
before,3703264,reservation,9,217,99
before,3703264,reservation,10,213,99
before,3703264,reservation,11,214,99
before,3703265,landscape,0,231,250
before,3703265,landscape,1,231,250
before,3703265,landscape,2,19,70
before,3703265,signal,0,248,111
before,3703265,airport_animation,0,8,190
before,3703265,airport_animation,1,19,33
before,3703265,airport_animation,2,181,120
before,3703265,airport_animation,3,182,128
before,3703265,reservation,0,198,129
before,3703265,reservation,1,200,129
before,3703265,reservation,2,199,129
before,3703265,reservation,3,201,129
before,3703265,reservation,4,248,111
before,3703266,landscape,0,18,67
before,3703266,landscape,1,18,60
before,3703266,reservation,0,133,163
before,3703266,reservation,1,133,162
before,3703266,reservation,2,133,161
before,3703266,reservation,3,133,164
before,3703266,reservation,4,133,160
before,3703266,reservation,5,210,227
before,3703267,landscape,0,80,83
before,3703267,landscape,1,23,60
before,3703267,airport_animation,0,182,128
before,3703267,reservation,0,159,91
before,3703267,reservation,1,160,91
before,3703267,reservation,2,158,91
before,3703267,reservation,3,52,78
before,3703267,reservation,4,157,91
before,3703267,reservation,5,160,91
before,3703267,reservation,6,173,75
before,3703267,reservation,7,159,91
before,3703267,reservation,8,51,174
before,3703267,reservation,9,158,91
before,3703267,reservation,10,156,91
before,3703268,landscape,0,219,34
before,3703268,reservation,0,206,16
before,3703268,reservation,1,211,16
before,3703268,reservation,2,209,16
before,3703268,reservation,3,210,16
before,3703268,reservation,4,207,16
before,3703268,reservation,5,208,16
before,3703268,reservation,6,212,16
before,3703268,reservation,7,205,16
before,3703268,reservation,8,204,16
before,3703268,reservation,9,208,16
before,3703268,reservation,10,212,16
before,3703268,reservation,11,207,16
before,3703268,reservation,12,210,16
before,3703268,reservation,13,204,16
before,3703268,reservation,14,206,16
before,3703268,reservation,15,205,16
before,3703268,reservation,16,163,60
before,3703268,reservation,17,211,16
before,3703268,reservation,18,209,16
before,3703269,landscape,0,76,62
before,3703269,airport_animation,0,8,190
before,3703269,airport_animation,1,19,33
before,3703269,airport_animation,2,181,120
before,3703269,airport_animation,3,182,128
before,3703269,reservation,0,163,84
before,3703269,reservation,1,162,84
before,3703269,reservation,2,161,84
before,3703269,reservation,3,156,84
before,3703269,reservation,4,53,7
before,3703269,reservation,5,156,84
before,3703269,reservation,6,162,84
before,3703269,reservation,7,161,84
before,3703270,landscape,0,67,82
before,3703270,landscape,1,62,61
before,3703270,landscape,2,48,199
before,3703270,signal,0,250,153
before,3703270,reservation,0,200,131
before,3703270,reservation,1,201,131
before,3703270,reservation,2,199,131
before,3703270,reservation,3,198,131
before,3703270,reservation,4,250,95
before,3703270,reservation,5,250,92
before,3703270,reservation,6,250,154
before,3703270,reservation,7,165,44
before,3703270,reservation,8,250,93
before,3703270,reservation,9,250,94
before,3703270,reservation,10,195,228
before,3703271,landscape,0,8,232
before,3703271,landscape,1,8,232
before,3703271,signal,0,43,99
before,3703271,airport_animation,0,182,128
before,3703271,reservation,0,43,99
before,3703271,reservation,1,250,93
before,3703271,reservation,2,250,92
before,3703271,reservation,3,250,94
before,3703271,reservation,4,250,95
before,3703272,landscape,0,245,53
before,3703272,reservation,0,122,123
before,3703272,reservation,1,123,123
before,3703272,reservation,2,124,123
before,3703272,reservation,3,125,123
before,3703272,reservation,4,124,123
before,3703272,reservation,5,126,123
before,3703272,reservation,6,130,123
before,3703272,reservation,7,125,123
before,3703272,reservation,8,127,123
before,3703272,reservation,9,172,84
before,3703273,landscape,0,78,64
before,3703273,landscape,1,241,26
before,3703273,airport_animation,0,8,190
before,3703273,airport_animation,1,19,33
before,3703273,airport_animation,2,181,120
before,3703273,airport_animation,3,182,128
before,3703273,reservation,0,53,7
before,3703273,reservation,1,78,239
before,3703273,reservation,2,173,69
before,3703274,landscape,0,73,64
before,3703274,reservation,0,235,117
before,3703274,reservation,1,234,117
before,3703274,reservation,2,233,117
before,3703274,reservation,3,236,117
before,3703274,reservation,4,53,78
before,3703274,reservation,5,54,78
before,3703274,reservation,6,55,78
before,3703274,reservation,7,56,78
before,3703274,reservation,8,57,78
before,3703274,reservation,9,236,117
before,3703274,reservation,10,53,78
before,3703274,reservation,11,54,78
before,3703274,reservation,12,184,133
before,3703274,reservation,13,52,78
before,3703274,reservation,14,237,117
before,3703274,reservation,15,50,78
before,3703274,reservation,16,51,78
before,3703274,reservation,17,235,117
before,3703274,reservation,18,238,117
before,3703274,reservation,19,49,78
after,3703075,signal,0,168,132
after,3703075,signal,1,47,176
after,3703075,signal,2,201,95
after,3703075,signal,3,48,177
after,3703075,signal,4,166,133
after,3703075,signal,5,168,130
after,3703075,signal,6,168,131
after,3703075,signal,7,163,138
after,3703075,signal,8,92,76
after,3703075,signal,9,139,78
after,3703075,signal,10,89,69
after,3703075,signal,11,219,176
after,3703075,signal,12,47,78
after,3703075,signal,13,146,152
after,3703075,signal,14,30,38
after,3703075,signal,15,89,63
after,3703075,signal,16,158,76
after,3703075,signal,17,158,85
after,3703075,signal,18,47,79
after,3703075,signal,19,247,91
after,3703075,signal,20,252,153
after,3703075,signal,21,248,111
after,3703075,signal,22,12,62
after,3703075,signal,23,146,125
after,3703075,signal,24,227,208
after,3703075,signal,25,145,95
after,3703075,signal,26,139,149
after,3703075,signal,27,159,85
after,3703075,signal,28,180,131
after,3703075,signal,29,183,28
after,3703075,signal,30,133,165
after,3703075,signal,31,18,233
after,3703075,signal,32,40,129
after,3703075,signal,33,85,7
after,3703075,signal,34,163,45
after,3703075,signal,35,248,97
after,3703075,signal,36,45,115
after,3703075,signal,37,84,237
after,3703075,signal,38,153,110
after,3703075,signal,39,226,48
after,3703075,signal,40,247,123
after,3703075,signal,41,139,106
after,3703075,signal,42,162,83
after,3703075,signal,43,137,124
after,3703075,signal,44,20,180
after,3703075,signal,45,177,125
after,3703075,signal,46,120,104
after,3703075,signal,47,121,124
after,3703075,signal,48,164,85
after,3703075,signal,49,198,227
after,3703075,signal,50,121,123
after,3703075,signal,51,170,97
after,3703075,signal,52,160,51
after,3703075,signal,53,205,98
after,3703075,signal,54,108,35
after,3703075,signal,55,169,97
after,3703075,signal,56,163,58
after,3703075,signal,57,196,27
after,3703075,signal,58,215,137
after,3703075,signal,59,204,128
after,3703075,signal,60,204,130
after,3703075,signal,61,109,35
after,3703075,signal,62,171,75
after,3703075,signal,63,194,98
after,3703075,signal,64,164,84
after,3703075,signal,65,115,147
after,3703075,signal,66,15,173
after,3703075,signal,67,139,150
after,3703075,signal,68,152,83
after,3703075,signal,69,158,93
after,3703075,signal,70,164,45
after,3703075,signal,71,14,185
after,3703075,signal,72,215,147
after,3703075,signal,73,230,215
after,3703075,signal,74,43,91
after,3703075,signal,75,111,10
after,3703075,signal,76,39,164
after,3703075,signal,77,194,99
after,3703075,signal,78,58,238
after,3703075,signal,79,185,29
after,3703075,signal,80,23,189
after,3703075,signal,81,162,44
after,3703075,signal,82,204,132
after,3703075,signal,83,173,71
after,3703075,signal,84,205,102
after,3703075,signal,85,208,228
after,3703075,signal,86,248,104
after,3703075,signal,87,249,98
after,3703075,signal,88,157,92
after,3703075,signal,89,227,87
after,3703075,signal,90,205,132
after,3703075,signal,91,204,127
after,3703075,signal,92,250,104
after,3703075,signal,93,251,148
after,3703075,signal,94,251,153
after,3703075,signal,95,195,20
after,3703075,signal,96,248,119
after,3703075,signal,97,20,209
after,3703075,signal,98,139,54
after,3703075,signal,99,155,91
after,3703075,signal,100,40,155
after,3703075,signal,101,204,105
after,3703075,airport_animation,0,182,128
after,3703075,reservation,0,166,132
after,3703075,reservation,1,171,130
after,3703075,reservation,2,23,183
after,3703075,reservation,3,166,133
after,3703075,reservation,4,172,130
after,3703075,reservation,5,166,131
after,3703075,reservation,6,23,185
after,3703075,reservation,7,173,130
after,3703075,reservation,8,203,95
after,3703075,reservation,9,23,187
after,3703075,reservation,10,167,130
after,3703075,reservation,11,23,182
after,3703075,reservation,12,41,177
after,3703075,reservation,13,45,177
after,3703075,reservation,14,23,184
after,3703075,reservation,15,167,131
after,3703075,reservation,16,42,177
after,3703075,reservation,17,43,177
after,3703075,reservation,18,23,181
after,3703075,reservation,19,48,177
after,3703075,reservation,20,46,177
after,3703075,reservation,21,47,177
after,3703075,reservation,22,169,130
after,3703075,reservation,23,44,177
after,3703075,reservation,24,23,186
after,3703075,reservation,25,23,188
after,3703075,reservation,26,170,130
after,3703075,reservation,27,164,54
after,3703075,reservation,28,164,48
after,3703075,reservation,29,164,50
after,3703075,reservation,30,158,74
after,3703075,reservation,31,23,188
after,3703075,reservation,32,90,76
after,3703075,reservation,33,220,174
after,3703075,reservation,34,89,73
after,3703075,reservation,35,164,47
after,3703075,reservation,36,164,52
after,3703075,reservation,37,89,71
after,3703075,reservation,38,158,73
after,3703075,reservation,39,158,72
after,3703075,reservation,40,91,77
after,3703075,reservation,41,158,71
after,3703075,reservation,42,89,74
after,3703075,reservation,43,139,78
after,3703075,reservation,44,164,53
after,3703075,reservation,45,89,75
after,3703075,reservation,46,164,51
after,3703075,reservation,47,92,77
after,3703075,reservation,48,164,46
after,3703075,reservation,49,89,70
after,3703075,reservation,50,164,55
after,3703075,reservation,51,90,75
after,3703075,reservation,52,158,76
after,3703075,reservation,53,158,75
after,3703075,reservation,54,89,72
after,3703075,reservation,55,89,69
after,3703075,reservation,56,164,49
after,3703075,reservation,57,91,76
after,3703075,field_crop,0,245,14
after,3703076,signal,0,212,227
after,3703076,signal,1,22,189
after,3703076,reservation,0,130,112
after,3703076,reservation,1,149,165
after,3703076,field_crop,0,211,12
after,3703077,signal,0,182,133
after,3703077,signal,1,204,128
after,3703077,signal,2,251,153
after,3703077,signal,3,14,57
after,3703077,signal,4,252,153
after,3703077,signal,5,204,129
after,3703077,airport_animation,0,8,190
after,3703077,airport_animation,1,19,33
after,3703077,airport_animation,2,181,120
after,3703077,airport_animation,3,182,128
after,3703077,reservation,0,205,128
after,3703077,reservation,1,253,151
after,3703077,reservation,2,13,61
after,3703077,reservation,3,251,152
after,3703077,reservation,4,12,61
after,3703077,field_crop,0,17,83
after,3703077,field_crop,1,73,63
after,3703077,field_crop,2,225,9
after,3703078,landscape,0,30,217
after,3703078,signal,0,157,124
after,3703078,signal,1,110,82
after,3703078,reservation,0,119,82
after,3703078,reservation,1,117,82
after,3703078,reservation,2,158,123
after,3703078,reservation,3,118,82
after,3703078,field_crop,0,241,12
after,3703078,field_crop,1,240,41
after,3703078,field_crop,2,237,41
after,3703078,field_crop,3,224,10
after,3703079,signal,0,251,148
after,3703079,signal,1,118,83
after,3703079,airport_animation,0,182,128
after,3703079,field_crop,0,60,62
after,3703079,field_crop,1,77,63
after,3703080,field_crop,0,241,9
after,3703080,field_crop,1,25,64
after,3703081,industry,0,47,32
after,3703081,signal,0,42,97
after,3703081,signal,1,152,82
after,3703081,airport_animation,0,8,190
after,3703081,airport_animation,1,19,33
after,3703081,airport_animation,2,181,120
after,3703081,airport_animation,3,182,128
after,3703081,reservation,0,41,91
after,3703081,reservation,1,153,83
after,3703081,reservation,2,42,91
after,3703081,field_crop,0,205,48
after,3703081,field_crop,1,239,39
after,3703082,signal,0,248,104
after,3703082,reservation,0,248,126
after,3703082,field_crop,0,63,61
after,3703082,field_crop,1,239,40
after,3703083,airport_animation,0,182,128
after,3703083,reservation,0,169,97
after,3703084,signal,0,160,51
after,3703084,reservation,0,158,91
after,3703084,reservation,1,160,48
after,3703084,field_crop,0,73,66
after,3703085,airport_animation,0,8,190
after,3703085,airport_animation,1,19,33
after,3703085,airport_animation,2,181,120
after,3703085,airport_animation,3,182,128
after,3703085,reservation,0,172,79
after,3703085,reservation,1,227,87
after,3703085,reservation,2,185,80
after,3703085,field_crop,0,16,76
after,3703085,field_crop,1,22,61
after,3703085,field_crop,2,81,85
after,3703085,field_crop,3,25,68
after,3703086,signal,0,171,75
after,3703086,reservation,0,171,74
after,3703086,reservation,1,155,125
after,3703086,field_crop,0,219,26
after,3703086,field_crop,1,216,24
after,3703086,field_crop,2,24,64
after,3703087,landscape,0,54,247
after,3703087,airport_animation,0,182,128
after,3703087,reservation,0,139,78
after,3703087,reservation,1,139,80
after,3703087,reservation,2,158,86
after,3703088,reservation,0,251,151
after,3703088,reservation,1,251,154
after,3703088,reservation,2,251,148
after,3703088,reservation,3,251,149
after,3703088,field_crop,0,245,10
after,3703089,airport_animation,0,8,190
after,3703089,airport_animation,1,19,33
after,3703089,airport_animation,2,181,120
after,3703089,airport_animation,3,182,128
after,3703089,reservation,0,149,165
after,3703089,reservation,1,149,164
after,3703089,field_crop,0,75,64
after,3703089,field_crop,1,203,49
after,3703090,landscape,0,204,194
after,3703090,landscape,1,204,194
after,3703090,signal,0,139,148
after,3703090,signal,1,147,136
after,3703090,reservation,0,246,86
after,3703090,reservation,1,133,149
after,3703090,reservation,2,138,149
after,3703090,reservation,3,140,149
after,3703090,field_crop,0,74,60
after,3703090,field_crop,1,16,79
after,3703091,industry,0,48,29
after,3703091,signal,0,196,20
after,3703091,airport_animation,0,182,128
after,3703091,reservation,0,130,112
after,3703091,reservation,1,134,227
after,3703091,field_crop,0,76,63
after,3703091,field_crop,1,49,62
after,3703092,signal,0,84,238
after,3703092,signal,1,74,238
after,3703092,signal,2,157,125
after,3703092,reservation,0,139,102
after,3703092,reservation,1,140,102
after,3703092,reservation,2,13,61
after,3703092,reservation,3,12,61
after,3703092,reservation,4,14,61
after,3703092,reservation,5,14,61
after,3703092,reservation,6,13,61
after,3703092,reservation,7,139,102
after,3703092,reservation,8,82,237
after,3703092,reservation,9,140,102
after,3703092,field_crop,0,224,9
after,3703092,field_crop,1,231,52
after,3703093,airport_animation,0,8,190
after,3703093,airport_animation,1,19,33
after,3703093,airport_animation,2,181,120
after,3703093,airport_animation,3,182,128
after,3703093,reservation,0,252,152
after,3703093,reservation,1,251,152
after,3703093,reservation,2,253,152
after,3703093,reservation,3,139,102
after,3703093,reservation,4,251,152
after,3703093,reservation,5,248,113
after,3703093,reservation,6,140,102
after,3703093,reservation,7,139,106
after,3703093,reservation,8,139,107
after,3703093,reservation,9,252,152
after,3703093,reservation,10,248,111
after,3703094,signal,0,171,83
after,3703094,signal,1,171,82
after,3703094,reservation,0,172,86
after,3703094,reservation,1,212,99
after,3703094,reservation,2,172,81
after,3703094,reservation,3,172,79
after,3703094,reservation,4,172,83
after,3703094,reservation,5,248,126
after,3703094,field_crop,0,232,51
after,3703095,signal,0,121,123
after,3703095,signal,1,16,203
after,3703095,airport_animation,0,182,128
after,3703095,reservation,0,42,91
after,3703095,reservation,1,155,125
after,3703095,reservation,2,162,53
after,3703095,reservation,3,185,80
after,3703095,reservation,4,185,82
after,3703095,field_crop,0,211,39
after,3703095,field_crop,1,229,51
after,3703095,field_crop,2,53,59
after,3703096,industry,0,180,188
after,3703096,signal,0,200,229
after,3703096,signal,1,212,227
after,3703096,signal,2,206,226
after,3703096,reservation,0,155,125
after,3703096,reservation,1,211,227
after,3703096,reservation,2,212,227
after,3703096,reservation,3,210,227
after,3703096,reservation,4,213,227
after,3703096,reservation,5,219,227
after,3703096,reservation,6,155,125
after,3703096,reservation,7,210,227
after,3703096,reservation,8,212,227
after,3703096,reservation,9,211,227
after,3703096,field_crop,0,230,47
after,3703097,landscape,0,133,143
after,3703097,landscape,1,133,143
after,3703097,signal,0,20,209
after,3703097,signal,1,250,104
after,3703097,airport_animation,0,8,190
after,3703097,airport_animation,1,19,33
after,3703097,airport_animation,2,181,120
after,3703097,airport_animation,3,182,128
after,3703097,reservation,0,155,125
after,3703097,reservation,1,250,107
after,3703097,reservation,2,250,108
after,3703097,reservation,3,250,107
after,3703097,reservation,4,20,206
after,3703097,reservation,5,155,125
after,3703097,field_crop,0,81,83
after,3703097,field_crop,1,239,43
after,3703098,signal,0,160,51
after,3703098,signal,1,248,104
after,3703098,signal,2,18,233
after,3703098,reservation,0,155,125
after,3703098,reservation,1,131,124
after,3703098,reservation,2,130,124
after,3703098,reservation,3,127,124
after,3703098,reservation,4,132,124
after,3703098,reservation,5,160,51
after,3703098,reservation,6,160,50
after,3703098,reservation,7,160,46
after,3703098,reservation,8,160,48
after,3703098,reservation,9,33,38
after,3703098,reservation,10,34,38
after,3703098,reservation,11,32,38
after,3703098,reservation,12,127,124
after,3703098,reservation,13,160,49
after,3703098,reservation,14,139,78
after,3703098,reservation,15,34,38
after,3703098,reservation,16,131,124
after,3703098,reservation,17,248,108
after,3703098,reservation,18,248,105
after,3703098,reservation,19,32,38
after,3703098,reservation,20,248,107
after,3703098,reservation,21,155,125
after,3703098,reservation,22,160,48
after,3703098,reservation,23,14,185
after,3703098,reservation,24,139,80
after,3703098,reservation,25,160,50
after,3703098,reservation,26,248,104
after,3703098,reservation,27,160,46
after,3703098,reservation,28,132,124
after,3703098,reservation,29,130,124
after,3703098,reservation,30,33,38
after,3703099,airport_animation,0,182,128
after,3703099,reservation,0,155,125
after,3703099,reservation,1,155,125
after,3703099,field_crop,0,223,9
after,3703099,field_crop,1,75,65
after,3703099,field_crop,2,243,12
after,3703099,field_crop,3,75,62
after,3703100,landscape,0,162,90
after,3703100,landscape,1,162,90
after,3703100,signal,0,145,95
after,3703100,signal,1,22,189
after,3703100,reservation,0,155,125
after,3703100,reservation,1,22,189
after,3703100,reservation,2,22,191
after,3703100,reservation,3,155,125
after,3703100,reservation,4,22,192
after,3703100,field_crop,0,227,7
after,3703101,signal,0,115,79
after,3703101,airport_animation,0,8,190
after,3703101,airport_animation,1,19,33
after,3703101,airport_animation,2,181,120
after,3703101,airport_animation,3,182,128
after,3703101,reservation,0,22,192
after,3703101,reservation,1,155,125
after,3703101,reservation,2,22,191
after,3703101,reservation,3,115,79
after,3703101,reservation,4,155,125
after,3703102,signal,0,158,85
after,3703102,signal,1,139,149
after,3703102,reservation,0,155,125
after,3703102,reservation,1,149,165
after,3703102,reservation,2,158,86
after,3703102,reservation,3,155,125
after,3703102,reservation,4,138,149
after,3703102,reservation,5,133,149
after,3703102,reservation,6,213,99
after,3703102,field_crop,0,72,63
after,3703103,signal,0,75,239
after,3703103,signal,1,171,75
after,3703103,airport_animation,0,182,128
after,3703103,reservation,0,155,125
after,3703103,reservation,1,177,127
after,3703103,reservation,2,178,127
after,3703103,reservation,3,176,127
after,3703103,reservation,4,179,127
after,3703103,reservation,5,171,74
after,3703103,reservation,6,171,73
after,3703103,reservation,7,14,61
after,3703103,reservation,8,13,61
after,3703103,reservation,9,196,30
after,3703103,reservation,10,196,31
after,3703103,reservation,11,246,88
after,3703103,reservation,12,246,87
after,3703103,reservation,13,246,86
after,3703103,reservation,14,14,174
after,3703103,reservation,15,76,239
after,3703103,reservation,16,12,61
after,3703103,reservation,17,155,125
after,3703103,reservation,18,175,127
after,3703103,reservation,19,176,127
after,3703103,reservation,20,187,27
after,3703103,reservation,21,179,127
after,3703103,reservation,22,75,239
after,3703103,reservation,23,177,127
after,3703103,reservation,24,14,61
after,3703103,reservation,25,178,127
after,3703103,reservation,26,163,45
after,3703103,reservation,27,73,239
after,3703103,reservation,28,15,175
after,3703103,reservation,29,13,61
after,3703103,field_crop,0,52,59
after,3703104,signal,0,173,84
after,3703104,signal,1,173,85
after,3703104,reservation,0,155,125
after,3703104,reservation,1,198,12
after,3703104,reservation,2,197,12
after,3703104,reservation,3,252,152
after,3703104,reservation,4,251,152
after,3703104,reservation,5,172,85
after,3703104,reservation,6,252,152
after,3703104,reservation,7,251,152
after,3703104,reservation,8,155,125
after,3703104,reservation,9,172,83
after,3703104,field_crop,0,73,82
after,3703105,landscape,0,240,97
after,3703105,landscape,1,240,97
after,3703105,airport_animation,0,8,190
after,3703105,airport_animation,1,19,33
after,3703105,airport_animation,2,181,120
after,3703105,airport_animation,3,182,128
after,3703105,reservation,0,155,125
after,3703105,reservation,1,146,148
after,3703105,reservation,2,146,147
after,3703105,reservation,3,146,146
after,3703105,reservation,4,146,143
after,3703105,reservation,5,146,143
after,3703105,reservation,6,146,146
after,3703105,reservation,7,155,125
after,3703106,reservation,0,155,125
after,3703106,reservation,1,248,126
after,3703106,reservation,2,155,125
after,3703106,field_crop,0,217,28
after,3703107,landscape,0,79,233
after,3703107,landscape,1,79,233
after,3703107,signal,0,13,38
after,3703107,airport_animation,0,182,128
after,3703107,reservation,0,155,125
after,3703107,reservation,1,155,125
after,3703107,reservation,2,233,117
after,3703107,reservation,3,13,38
after,3703107,reservation,4,234,117
after,3703107,field_crop,0,19,59
after,3703107,field_crop,1,218,36
after,3703108,reservation,0,155,125
after,3703108,reservation,1,162,84
after,3703108,reservation,2,163,84
after,3703108,reservation,3,164,84
after,3703108,reservation,4,161,84
after,3703108,reservation,5,156,84
after,3703108,reservation,6,134,227
after,3703108,reservation,7,162,84
after,3703108,reservation,8,156,84
after,3703108,reservation,9,205,102
after,3703108,reservation,10,163,84
after,3703108,reservation,11,155,125
after,3703108,reservation,12,205,104
after,3703108,reservation,13,161,84
after,3703108,reservation,14,162,55
after,3703108,reservation,15,162,53
after,3703109,airport_animation,0,8,190
after,3703109,airport_animation,1,19,33
after,3703109,airport_animation,2,181,120
after,3703109,airport_animation,3,182,128
after,3703109,reservation,0,155,125
after,3703109,reservation,1,172,85
after,3703109,reservation,2,155,125
after,3703110,reservation,0,155,125
after,3703110,reservation,1,155,125
after,3703111,industry,0,47,29
after,3703111,signal,0,139,78
after,3703111,airport_animation,0,182,128
after,3703111,reservation,0,155,125
after,3703111,reservation,1,111,10
after,3703111,reservation,2,155,125
after,3703111,reservation,3,139,79
after,3703111,reservation,4,111,8
after,3703111,reservation,5,192,98
after,3703111,reservation,6,214,99
after,3703112,reservation,0,155,125
after,3703112,reservation,1,155,125
after,3703112,field_crop,0,239,27
after,3703113,landscape,0,219,137
after,3703113,landscape,1,219,137
after,3703113,landscape,2,248,238
after,3703113,signal,0,182,132
after,3703113,airport_animation,0,8,190
after,3703113,airport_animation,1,19,33
after,3703113,airport_animation,2,181,120
after,3703113,airport_animation,3,182,128
after,3703113,reservation,0,155,125
after,3703113,reservation,1,165,47
after,3703113,reservation,2,155,125
after,3703113,field_crop,0,14,64
after,3703114,signal,0,248,104
after,3703114,reservation,0,155,125
after,3703114,reservation,1,15,178
after,3703114,reservation,2,248,107
after,3703114,reservation,3,15,176
after,3703114,reservation,4,248,108
after,3703114,reservation,5,248,105
after,3703114,reservation,6,155,125
after,3703114,field_crop,0,16,66
after,3703114,field_crop,1,245,50
after,3703115,airport_animation,0,182,128
after,3703115,reservation,0,155,125
after,3703115,reservation,1,251,152
after,3703115,reservation,2,252,152
after,3703115,reservation,3,185,82
after,3703115,reservation,4,252,152
after,3703115,reservation,5,251,152
after,3703115,reservation,6,155,125
after,3703115,field_crop,0,241,10
after,3703115,field_crop,1,74,63
after,3703116,landscape,0,133,58
after,3703116,signal,0,158,85
after,3703116,reservation,0,155,125
after,3703116,reservation,1,149,162
after,3703116,reservation,2,149,163
after,3703116,reservation,3,149,164
after,3703116,reservation,4,149,165
after,3703116,reservation,5,203,95
after,3703116,reservation,6,158,84
after,3703116,reservation,7,155,125
after,3703116,reservation,8,149,162
after,3703116,reservation,9,20,206
after,3703116,reservation,10,158,86
after,3703116,reservation,11,149,163
after,3703116,reservation,12,149,164
after,3703116,field_crop,0,219,36
after,3703116,field_crop,1,68,69
after,3703117,signal,0,169,97
after,3703117,airport_animation,0,8,190
after,3703117,airport_animation,1,19,33
after,3703117,airport_animation,2,181,120
after,3703117,airport_animation,3,182,128
after,3703117,reservation,0,64,75
after,3703117,reservation,1,155,125
after,3703117,reservation,2,172,76
after,3703117,reservation,3,172,77
after,3703117,reservation,4,172,78
after,3703117,reservation,5,172,79
after,3703117,reservation,6,172,80
after,3703117,reservation,7,155,125
after,3703117,reservation,8,20,180
after,3703117,reservation,9,172,76
after,3703117,reservation,10,169,96
after,3703117,reservation,11,172,74
after,3703117,field_crop,0,211,41
after,3703118,reservation,0,155,125
after,3703118,reservation,1,139,75
after,3703118,reservation,2,155,125
after,3703118,field_crop,0,246,15
after,3703119,signal,0,128,104
after,3703119,signal,1,139,149
after,3703119,airport_animation,0,182,128
after,3703119,reservation,0,155,125
after,3703119,reservation,1,16,199
after,3703119,reservation,2,16,200
after,3703119,reservation,3,16,202
after,3703119,reservation,4,128,104
after,3703119,reservation,5,155,125
after,3703119,reservation,6,136,148
after,3703119,reservation,7,133,149
after,3703119,reservation,8,140,148
after,3703119,reservation,9,16,200
after,3703119,reservation,10,138,149
after,3703119,reservation,11,16,202
after,3703119,field_crop,0,245,15
after,3703120,landscape,0,161,134
after,3703120,landscape,1,161,134
after,3703120,signal,0,227,87
after,3703120,signal,1,204,129
after,3703120,reservation,0,155,125
after,3703120,reservation,1,215,99
after,3703120,reservation,2,95,80
after,3703120,reservation,3,155,125
after,3703120,reservation,4,227,89
after,3703120,reservation,5,227,88
after,3703120,field_crop,0,236,50
after,3703120,field_crop,1,74,80
after,3703120,field_crop,2,216,27
after,3703121,industry,0,48,30
after,3703121,signal,0,162,58
after,3703121,signal,1,188,131
after,3703121,airport_animation,0,8,190
after,3703121,airport_animation,1,19,33
after,3703121,airport_animation,2,181,120
after,3703121,airport_animation,3,182,128
after,3703121,reservation,0,155,125
after,3703121,reservation,1,146,143
after,3703121,reservation,2,146,146
after,3703121,reservation,3,162,59
after,3703121,reservation,4,185,77
after,3703121,reservation,5,188,131
after,3703121,reservation,6,155,125
after,3703121,reservation,7,162,57
after,3703121,field_crop,0,16,61
after,3703121,field_crop,1,81,87
after,3703121,field_crop,2,68,67
after,3703121,field_crop,3,245,13
after,3703121,field_crop,4,49,56
after,3703122,signal,0,250,153
after,3703122,signal,1,20,35
after,3703122,reservation,0,155,125
after,3703122,reservation,1,248,109
after,3703122,reservation,2,20,35
after,3703122,reservation,3,155,125
after,3703122,reservation,4,250,153
after,3703122,field_crop,0,216,33
after,3703122,field_crop,1,72,81
after,3703123,airport_animation,0,182,128
after,3703123,reservation,0,155,125
after,3703123,reservation,1,185,27
after,3703123,reservation,2,186,27
after,3703123,reservation,3,187,27
after,3703123,reservation,4,155,125
after,3703123,reservation,5,186,27
after,3703123,reservation,6,185,27
after,3703123,field_crop,0,237,51
after,3703123,field_crop,1,76,64
after,3703123,field_crop,2,81,86
after,3703124,reservation,0,155,125
after,3703124,reservation,1,134,230
after,3703124,reservation,2,134,229
after,3703124,reservation,3,134,228
after,3703124,reservation,4,134,227
after,3703124,reservation,5,248,123
after,3703124,reservation,6,134,228
after,3703124,reservation,7,134,231
after,3703124,reservation,8,155,125
after,3703124,reservation,9,134,229
after,3703124,reservation,10,134,230
after,3703124,field_crop,0,49,60
after,3703124,field_crop,1,233,37
after,3703125,airport_animation,0,8,190
after,3703125,airport_animation,1,19,33
after,3703125,airport_animation,2,181,120
after,3703125,airport_animation,3,182,128
after,3703125,reservation,0,155,125
after,3703125,reservation,1,83,237
after,3703125,reservation,2,82,237
after,3703125,reservation,3,84,237
after,3703125,reservation,4,81,237
after,3703125,reservation,5,139,79
after,3703125,reservation,6,140,79
after,3703125,reservation,7,155,125
after,3703125,field_crop,0,243,29
after,3703125,field_crop,1,17,62
after,3703125,field_crop,2,17,59
after,3703126,landscape,0,96,143
after,3703126,reservation,0,155,125
after,3703126,reservation,1,32,205
after,3703126,reservation,2,82,237
after,3703126,reservation,3,32,209
after,3703126,reservation,4,32,210
after,3703126,reservation,5,32,206
after,3703126,reservation,6,83,237
after,3703126,reservation,7,32,208
after,3703126,reservation,8,155,125
after,3703126,reservation,9,32,207
after,3703126,field_crop,0,219,35
after,3703126,field_crop,1,229,37
after,3703127,signal,0,44,108
after,3703127,signal,1,43,91
after,3703127,signal,2,35,87
after,3703127,signal,3,22,41
after,3703127,signal,4,43,99
after,3703127,signal,5,43,108
after,3703127,signal,6,20,87
after,3703127,airport_animation,0,182,128
after,3703127,reservation,0,32,206
after,3703127,reservation,1,32,210
after,3703127,reservation,2,32,209
after,3703127,reservation,3,32,208
after,3703127,reservation,4,155,125
after,3703127,reservation,5,32,207
after,3703127,reservation,6,32,205
after,3703127,reservation,7,252,152
after,3703127,reservation,8,251,152
after,3703127,reservation,9,43,102
after,3703127,reservation,10,155,125
after,3703127,reservation,11,43,103
after,3703127,reservation,12,35,87
after,3703127,reservation,13,46,111
after,3703127,reservation,14,30,88
after,3703127,reservation,15,34,88
after,3703127,reservation,16,157,123
after,3703127,reservation,17,44,105
after,3703127,reservation,18,251,152
after,3703127,reservation,19,43,105
after,3703127,reservation,20,43,100
after,3703127,reservation,21,22,41
after,3703127,reservation,22,46,114
after,3703127,reservation,23,46,110
after,3703127,reservation,24,33,88
after,3703127,reservation,25,27,88
after,3703127,reservation,26,31,88
after,3703127,reservation,27,43,101
after,3703127,reservation,28,45,106
after,3703127,reservation,29,43,99
after,3703127,reservation,30,29,88
after,3703127,reservation,31,40,90
after,3703127,reservation,32,46,112
after,3703127,reservation,33,34,87
after,3703127,reservation,34,28,88
after,3703127,reservation,35,43,104
after,3703127,reservation,36,45,107
after,3703127,reservation,37,44,106
after,3703127,reservation,38,252,152
after,3703127,reservation,39,46,107
after,3703127,reservation,40,32,88
after,3703127,reservation,41,46,109
after,3703127,reservation,42,46,108
after,3703127,reservation,43,46,113
after,3703128,reservation,0,155,125
after,3703128,reservation,1,185,78
after,3703128,reservation,2,185,79
after,3703128,reservation,3,185,80
after,3703128,reservation,4,185,81
after,3703128,reservation,5,185,82
after,3703128,reservation,6,185,78
after,3703128,reservation,7,185,77
after,3703128,reservation,8,155,125
after,3703128,field_crop,0,2,57
after,3703128,field_crop,1,215,35
after,3703129,signal,0,16,203
after,3703129,signal,1,248,97
after,3703129,airport_animation,0,8,190
after,3703129,airport_animation,1,19,33
after,3703129,airport_animation,2,181,120
after,3703129,airport_animation,3,182,128
after,3703129,reservation,0,155,125
after,3703129,reservation,1,16,202
after,3703129,reservation,2,16,200
after,3703129,reservation,3,248,102
after,3703129,reservation,4,248,103
after,3703129,reservation,5,248,104
after,3703129,reservation,6,248,105
after,3703129,reservation,7,248,108
after,3703129,reservation,8,216,99
after,3703129,reservation,9,155,125
after,3703129,reservation,10,248,98
after,3703129,reservation,11,248,102
after,3703129,field_crop,0,17,68
after,3703129,field_crop,1,48,58
after,3703130,landscape,0,201,11
after,3703130,landscape,1,201,11
after,3703130,signal,0,157,125
after,3703130,signal,1,157,124
after,3703130,signal,2,161,120
after,3703130,reservation,0,155,125
after,3703130,reservation,1,158,78
after,3703130,reservation,2,164,46
after,3703130,reservation,3,158,82
after,3703130,reservation,4,164,48
after,3703130,reservation,5,158,89
after,3703130,reservation,6,158,73
after,3703130,reservation,7,164,120
after,3703130,reservation,8,157,124
after,3703130,reservation,9,158,77
after,3703130,reservation,10,165,120
after,3703130,reservation,11,164,52
after,3703130,reservation,12,158,86
after,3703130,reservation,13,164,49
after,3703130,reservation,14,164,55
after,3703130,reservation,15,158,80
after,3703130,reservation,16,164,54
after,3703130,reservation,17,166,120
after,3703130,reservation,18,163,120
after,3703130,reservation,19,158,72
after,3703130,reservation,20,164,51
after,3703130,reservation,21,164,53
after,3703130,reservation,22,158,75
after,3703130,reservation,23,158,76
after,3703130,reservation,24,158,79
after,3703130,reservation,25,158,71
after,3703130,reservation,26,164,50
after,3703130,reservation,27,167,120
after,3703130,reservation,28,80,59
after,3703130,reservation,29,136,148
after,3703130,reservation,30,158,87
after,3703130,reservation,31,164,47
after,3703130,reservation,32,158,88
after,3703130,reservation,33,96,80
after,3703130,reservation,34,158,74
after,3703130,reservation,35,158,81
after,3703130,field_crop,0,244,10
after,3703130,field_crop,1,72,82
after,3703131,signal,0,248,119
after,3703131,airport_animation,0,182,128
after,3703131,reservation,0,248,124
after,3703131,reservation,1,248,125
after,3703131,reservation,2,248,126
after,3703131,reservation,3,248,127
after,3703131,reservation,4,248,123
after,3703131,reservation,5,248,124
after,3703132,signal,0,145,95
after,3703132,signal,1,149,94
after,3703132,signal,2,150,94
after,3703132,signal,3,154,84
after,3703132,reservation,0,145,95
after,3703132,reservation,1,144,95
after,3703132,reservation,2,139,95
after,3703132,reservation,3,146,95
after,3703132,reservation,4,149,84
after,3703132,reservation,5,146,95
after,3703132,reservation,6,150,95
after,3703132,reservation,7,147,84
after,3703132,reservation,8,193,98
after,3703132,reservation,9,20,206
after,3703132,reservation,10,146,84
after,3703132,reservation,11,151,84
after,3703132,reservation,12,145,95
after,3703132,reservation,13,148,84
after,3703132,reservation,14,150,84
after,3703132,field_crop,0,215,34
after,3703132,field_crop,1,219,33
after,3703133,industry,0,49,31
after,3703133,airport_animation,0,8,190
after,3703133,airport_animation,1,19,33
after,3703133,airport_animation,2,181,120
after,3703133,airport_animation,3,182,128
after,3703133,reservation,0,124,104
after,3703133,reservation,1,125,104
after,3703133,reservation,2,123,104
after,3703133,reservation,3,126,104
after,3703133,reservation,4,127,104
after,3703133,reservation,5,128,104
after,3703133,reservation,6,148,84
after,3703133,reservation,7,149,84
after,3703133,reservation,8,127,104
after,3703133,reservation,9,123,104
after,3703133,reservation,10,151,84
after,3703133,reservation,11,150,84
after,3703133,reservation,12,146,84
after,3703133,reservation,13,124,104
after,3703133,reservation,14,147,84
after,3703133,reservation,15,125,104
after,3703133,reservation,16,126,104
after,3703134,landscape,0,89,166
after,3703134,landscape,1,89,166
after,3703134,signal,0,162,58
after,3703134,reservation,0,162,59
after,3703134,reservation,1,235,117
after,3703134,reservation,2,162,55
after,3703134,field_crop,0,245,30
after,3703135,signal,0,108,80
after,3703135,signal,1,103,80
after,3703135,airport_animation,0,182,128
after,3703135,reservation,0,116,79
after,3703135,reservation,1,103,80
after,3703135,field_crop,0,248,54
after,3703135,field_crop,1,239,51
after,3703135,field_crop,2,53,60
after,3703136,signal,0,155,91
after,3703136,reservation,0,169,98
after,3703136,reservation,1,169,97
after,3703136,reservation,2,169,96
after,3703136,reservation,3,196,94
after,3703136,reservation,4,111,9
after,3703136,reservation,5,111,12
after,3703136,reservation,6,165,47
after,3703136,reservation,7,169,98
after,3703136,reservation,8,169,97
after,3703136,reservation,9,165,49
after,3703137,signal,0,182,133
after,3703137,airport_animation,0,8,190
after,3703137,airport_animation,1,19,33
after,3703137,airport_animation,2,181,120
after,3703137,airport_animation,3,182,128
after,3703137,reservation,0,217,99
after,3703137,reservation,1,218,99
after,3703137,reservation,2,219,99
after,3703137,reservation,3,183,133
after,3703137,reservation,4,182,133
after,3703137,reservation,5,184,133
after,3703137,reservation,6,181,133
after,3703137,reservation,7,216,99
after,3703137,reservation,8,215,99
after,3703137,reservation,9,183,133
after,3703137,reservation,10,218,99
after,3703137,reservation,11,217,99
after,3703137,reservation,12,188,133
after,3703137,reservation,13,184,133
after,3703137,reservation,14,213,99
after,3703137,reservation,15,214,99
after,3703137,field_crop,0,78,65
after,3703137,field_crop,1,240,26
after,3703137,field_crop,2,237,50
after,3703138,reservation,0,251,152
after,3703138,reservation,1,252,152
after,3703138,reservation,2,252,152
after,3703138,reservation,3,251,152
after,3703138,reservation,4,139,76
after,3703138,field_crop,0,3,56
after,3703138,field_crop,1,82,84
after,3703139,signal,0,250,104
after,3703139,signal,1,18,227
after,3703139,airport_animation,0,182,128
after,3703139,reservation,0,15,178
after,3703139,reservation,1,15,176
after,3703139,reservation,2,97,80
after,3703139,reservation,3,15,179
after,3703139,reservation,4,18,227
after,3703139,reservation,5,14,174
after,3703139,reservation,6,15,174
after,3703139,reservation,7,45,78
after,3703139,field_crop,0,74,62
after,3703140,signal,0,133,165
after,3703140,signal,1,20,209
after,3703140,signal,2,160,51
after,3703140,reservation,0,160,51
after,3703140,reservation,1,133,166
after,3703140,reservation,2,227,89
after,3703140,reservation,3,20,209
after,3703140,reservation,4,163,48
after,3703140,reservation,5,133,162
after,3703140,reservation,6,133,165
after,3703140,field_crop,0,81,84
after,3703141,landscape,0,151,145
after,3703141,signal,0,22,40
after,3703141,signal,1,121,123
after,3703141,airport_animation,0,8,190
after,3703141,airport_animation,1,19,33
after,3703141,airport_animation,2,181,120
after,3703141,airport_animation,3,182,128
after,3703141,reservation,0,120,123
after,3703141,reservation,1,23,41
after,3703141,reservation,2,22,191
after,3703141,reservation,3,141,148
after,3703141,reservation,4,149,148
after,3703141,field_crop,0,206,10
after,3703143,industry,0,213,197
after,3703143,signal,0,63,170
after,3703143,airport_animation,0,182,128
after,3703143,reservation,0,53,7
after,3703143,reservation,1,79,59
after,3703143,reservation,2,63,170
after,3703143,field_crop,0,52,62
after,3703144,industry,0,214,196
after,3703144,reservation,0,104,80
after,3703144,field_crop,0,80,86
after,3703145,signal,0,119,113
after,3703145,signal,1,119,112
after,3703145,airport_animation,0,8,190
after,3703145,airport_animation,1,19,33
after,3703145,airport_animation,2,181,120
after,3703145,airport_animation,3,182,128
after,3703145,reservation,0,250,151
after,3703145,reservation,1,250,153
after,3703145,reservation,2,119,112
after,3703145,field_crop,0,243,54
after,3703147,signal,0,20,209
after,3703147,airport_animation,0,182,128
after,3703147,reservation,0,20,208
after,3703147,reservation,1,20,207
after,3703147,reservation,2,20,206
after,3703147,reservation,3,20,208
after,3703147,reservation,4,162,61
after,3703147,reservation,5,14,178
after,3703147,reservation,6,20,209
after,3703147,field_crop,0,218,35
after,3703147,field_crop,1,242,30
after,3703147,field_crop,2,53,61
after,3703147,field_crop,3,70,67
after,3703148,signal,0,20,36
after,3703148,reservation,0,21,35
after,3703148,reservation,1,17,41
after,3703148,reservation,2,227,86
after,3703148,field_crop,0,233,35
after,3703148,field_crop,1,239,49
after,3703148,field_crop,2,241,13
after,3703149,signal,0,73,59
after,3703149,airport_animation,0,8,190
after,3703149,airport_animation,1,19,33
after,3703149,airport_animation,2,181,120
after,3703149,airport_animation,3,182,128
after,3703149,reservation,0,83,237
after,3703149,reservation,1,82,237
after,3703149,reservation,2,252,152
after,3703149,reservation,3,251,152
after,3703149,reservation,4,251,152
after,3703149,reservation,5,73,59
after,3703149,reservation,6,81,237
after,3703149,reservation,7,82,237
after,3703149,reservation,8,83,237
after,3703149,reservation,9,252,152
after,3703149,reservation,10,194,98
after,3703149,field_crop,0,50,58
after,3703149,field_crop,1,239,28
after,3703150,reservation,0,173,74
after,3703150,reservation,1,173,76
after,3703150,field_crop,0,4,57
after,3703150,field_crop,1,60,61
after,3703150,field_crop,2,68,68
after,3703150,field_crop,3,2,55
after,3703150,field_crop,4,245,29
after,3703150,field_crop,5,242,13
after,3703151,airport_animation,0,182,128
after,3703151,reservation,0,98,80
after,3703151,field_crop,0,1,57
after,3703151,field_crop,1,73,80
after,3703152,industry,0,215,195
after,3703152,landscape,0,186,119
after,3703152,reservation,0,139,149
after,3703152,field_crop,0,246,14
after,3703153,airport_animation,0,8,190
after,3703153,airport_animation,1,19,33
after,3703153,airport_animation,2,181,120
after,3703153,airport_animation,3,182,128
after,3703153,field_crop,0,74,66
after,3703153,field_crop,1,65,62
after,3703154,reservation,0,236,117
after,3703154,field_crop,0,240,28
after,3703154,field_crop,1,51,59
after,3703154,field_crop,2,11,66
after,3703155,signal,0,204,128
after,3703155,airport_animation,0,182,128
after,3703155,reservation,0,114,79
after,3703155,reservation,1,115,79
after,3703155,reservation,2,113,79
after,3703155,reservation,3,116,79
after,3703155,reservation,4,203,128
after,3703155,reservation,5,78,59
after,3703155,reservation,6,24,41
after,3703155,reservation,7,139,80
after,3703155,reservation,8,116,79
after,3703155,reservation,9,115,79
after,3703155,field_crop,0,8,69
after,3703155,field_crop,1,244,27
after,3703156,signal,0,111,10
after,3703156,signal,1,188,132
after,3703156,reservation,0,227,87
after,3703156,reservation,1,227,88
after,3703156,reservation,2,227,89
after,3703156,reservation,3,121,123
after,3703156,reservation,4,111,14
after,3703156,reservation,5,227,86
after,3703156,reservation,6,227,87
after,3703156,reservation,7,189,131
after,3703156,field_crop,0,4,55
after,3703156,field_crop,1,50,61
after,3703157,airport_animation,0,8,190
after,3703157,airport_animation,1,19,33
after,3703157,airport_animation,2,181,120
after,3703157,airport_animation,3,182,128
after,3703157,reservation,0,13,61
after,3703157,reservation,1,12,61
after,3703157,reservation,2,14,61
after,3703157,reservation,3,105,80
after,3703157,reservation,4,165,51
after,3703157,reservation,5,13,61
after,3703157,reservation,6,14,61
after,3703157,field_crop,0,72,80
after,3703157,field_crop,1,197,48
after,3703158,signal,0,47,78
after,3703158,reservation,0,46,78
after,3703158,field_crop,0,211,40
after,3703158,field_crop,1,8,68
after,3703159,airport_animation,0,182,128
after,3703159,reservation,0,133,160
after,3703159,reservation,1,133,164
after,3703160,industry,0,214,198
after,3703160,signal,0,150,148
after,3703160,reservation,0,199,94
after,3703160,reservation,1,200,94
after,3703160,reservation,2,140,149
after,3703160,reservation,3,141,149
after,3703160,reservation,4,149,149
after,3703160,reservation,5,140,148
after,3703160,reservation,6,141,148
after,3703160,reservation,7,149,148
after,3703160,reservation,8,153,148
after,3703160,reservation,9,141,149
after,3703160,reservation,10,151,148
after,3703160,reservation,11,155,148
after,3703160,reservation,12,154,148
after,3703160,reservation,13,152,148
after,3703160,reservation,14,162,57
after,3703160,reservation,15,140,149
after,3703160,reservation,16,149,149
after,3703160,field_crop,0,52,57
after,3703160,field_crop,1,245,11
after,3703160,field_crop,2,238,49
after,3703160,field_crop,3,17,60
after,3703161,airport_animation,0,8,190
after,3703161,airport_animation,1,19,33
after,3703161,airport_animation,2,181,120
after,3703161,airport_animation,3,182,128
after,3703161,reservation,0,155,148
after,3703161,reservation,1,153,148
after,3703161,reservation,2,152,148
after,3703161,reservation,3,151,148
after,3703161,reservation,4,154,148
after,3703161,reservation,5,251,152
after,3703161,reservation,6,252,152
after,3703161,reservation,7,252,152
after,3703161,reservation,8,251,152
after,3703161,reservation,9,43,90
after,3703161,field_crop,0,79,89
after,3703161,field_crop,1,2,56
after,3703162,signal,0,70,59
after,3703162,signal,1,157,125
after,3703162,reservation,0,157,124
after,3703162,reservation,1,147,125
after,3703162,reservation,2,159,123
after,3703162,reservation,3,157,123
after,3703162,reservation,4,166,120
after,3703162,reservation,5,164,120
after,3703162,reservation,6,158,124
after,3703162,reservation,7,72,59
after,3703162,reservation,8,156,125
after,3703162,reservation,9,156,124
after,3703162,reservation,10,154,125
after,3703162,reservation,11,155,125
after,3703162,reservation,12,163,120
after,3703162,reservation,13,167,120
after,3703162,reservation,14,158,123
after,3703162,reservation,15,165,120
after,3703162,field_crop,0,52,58
after,3703163,signal,0,172,71
after,3703163,airport_animation,0,182,128
after,3703163,reservation,0,99,80
after,3703163,reservation,1,172,71
after,3703163,reservation,2,172,73
after,3703164,signal,0,248,111
after,3703164,signal,1,194,98
after,3703164,signal,2,22,39
after,3703164,reservation,0,24,41
after,3703164,reservation,1,24,40
after,3703164,reservation,2,18,41
after,3703164,reservation,3,250,153
after,3703164,reservation,4,195,98
after,3703164,reservation,5,248,113
after,3703164,reservation,6,248,115
after,3703164,reservation,7,250,151
after,3703164,reservation,8,248,112
after,3703164,field_crop,0,3,57
after,3703165,airport_animation,0,8,190
after,3703165,airport_animation,1,19,33
after,3703165,airport_animation,2,181,120
after,3703165,airport_animation,3,182,128
after,3703165,reservation,0,24,41
after,3703165,reservation,1,24,41
after,3703165,reservation,2,203,228
after,3703165,reservation,3,22,192
after,3703165,field_crop,0,14,63
after,3703165,field_crop,1,239,48
after,3703166,landscape,0,125,233
after,3703166,reservation,0,24,41
after,3703166,reservation,1,19,35
after,3703166,reservation,2,20,35
after,3703166,reservation,3,18,35
after,3703166,reservation,4,21,35
after,3703166,reservation,5,20,35
after,3703166,reservation,6,24,41
after,3703166,reservation,7,21,35
after,3703166,field_crop,0,236,48
after,3703166,field_crop,1,48,57
after,3703166,field_crop,2,48,59
after,3703167,landscape,0,242,118
after,3703167,landscape,1,242,118
after,3703167,airport_animation,0,182,128
after,3703167,reservation,0,24,41
after,3703167,reservation,1,24,41
after,3703167,reservation,2,14,178
after,3703167,field_crop,0,80,88
after,3703167,field_crop,1,15,60
after,3703168,signal,0,43,91
after,3703168,signal,1,173,71
after,3703168,reservation,0,24,41
after,3703168,reservation,1,14,61
after,3703168,reservation,2,13,61
after,3703168,reservation,3,204,128
after,3703168,reservation,4,12,61
after,3703168,reservation,5,43,92
after,3703168,reservation,6,14,61
after,3703168,reservation,7,163,48
after,3703168,reservation,8,173,74
after,3703168,reservation,9,163,50
after,3703168,reservation,10,77,59
after,3703168,reservation,11,13,61
after,3703168,reservation,12,24,41
after,3703169,landscape,0,216,47
after,3703169,signal,0,119,111
after,3703169,airport_animation,0,8,190
after,3703169,airport_animation,1,19,33
after,3703169,airport_animation,2,181,120
after,3703169,airport_animation,3,182,128
after,3703169,reservation,0,24,41
after,3703169,reservation,1,24,41
after,3703169,reservation,2,118,112
after,3703169,reservation,3,122,123
after,3703169,field_crop,0,233,47
after,3703169,field_crop,1,60,63
after,3703169,field_crop,2,15,83
after,3703169,field_crop,3,74,65
after,3703170,industry,0,214,194
after,3703170,reservation,0,24,41
after,3703170,reservation,1,24,41
after,3703170,reservation,2,106,80
after,3703170,field_crop,0,245,28
after,3703170,field_crop,1,77,62
after,3703171,signal,0,20,209
after,3703171,signal,1,13,37
after,3703171,airport_animation,0,182,128
after,3703171,reservation,0,24,41
after,3703171,reservation,1,20,208
after,3703171,reservation,2,20,209
after,3703171,reservation,3,20,207
after,3703171,reservation,4,20,206
after,3703171,reservation,5,24,41
after,3703171,reservation,6,20,209
after,3703171,reservation,7,12,38
after,3703171,reservation,8,237,117
after,3703171,reservation,9,20,208
after,3703171,field_crop,0,25,62
after,3703172,signal,0,205,102
after,3703172,signal,1,205,105
after,3703172,reservation,0,24,41
after,3703172,reservation,1,252,152
after,3703172,reservation,2,251,152
after,3703172,reservation,3,192,98
after,3703172,reservation,4,24,41
after,3703172,reservation,5,205,104
after,3703172,reservation,6,250,149
after,3703172,reservation,7,252,152
after,3703172,reservation,8,162,58
after,3703172,reservation,9,205,103
after,3703172,reservation,10,139,77
after,3703172,reservation,11,251,152
after,3703172,reservation,12,205,106
after,3703172,field_crop,0,238,42
after,3703172,field_crop,1,51,60
after,3703172,field_crop,2,246,12
after,3703172,field_crop,3,2,53
after,3703172,field_crop,4,205,49
after,3703173,airport_animation,0,8,190
after,3703173,airport_animation,1,19,33
after,3703173,airport_animation,2,181,120
after,3703173,airport_animation,3,182,128
after,3703173,reservation,0,24,41
after,3703173,reservation,1,24,41
after,3703173,field_crop,0,228,53
after,3703173,field_crop,1,242,26
after,3703174,signal,0,111,10
after,3703174,reservation,0,24,41
after,3703174,reservation,1,163,84
after,3703174,reservation,2,162,84
after,3703174,reservation,3,161,84
after,3703174,reservation,4,156,84
after,3703174,reservation,5,156,84
after,3703174,reservation,6,162,84
after,3703174,reservation,7,24,41
after,3703174,reservation,8,161,84
after,3703174,reservation,9,111,11
after,3703174,field_crop,0,246,9
after,3703175,landscape,0,176,23
after,3703175,signal,0,73,58
after,3703175,airport_animation,0,182,128
after,3703175,reservation,0,24,41
after,3703175,reservation,1,24,41
after,3703175,reservation,2,71,59
after,3703175,field_crop,0,239,42
after,3703176,landscape,0,112,235
after,3703176,landscape,1,112,235
after,3703176,landscape,2,11,92
after,3703176,signal,0,173,71
after,3703176,reservation,0,24,41
after,3703176,reservation,1,173,72
after,3703176,reservation,2,249,96
after,3703176,reservation,3,100,80
after,3703176,reservation,4,24,41
after,3703176,field_crop,0,1,54
after,3703176,field_crop,1,20,59
after,3703177,signal,0,133,159
after,3703177,airport_animation,0,8,190
after,3703177,airport_animation,1,19,33
after,3703177,airport_animation,2,181,120
after,3703177,airport_animation,3,182,128
after,3703177,reservation,0,24,41
after,3703177,reservation,1,19,41
after,3703177,reservation,2,133,158
after,3703177,reservation,3,165,49
after,3703177,reservation,4,165,53
after,3703177,reservation,5,133,163
after,3703177,reservation,6,24,41
after,3703177,field_crop,0,217,36
after,3703177,field_crop,1,197,47
after,3703178,landscape,0,84,62
after,3703178,signal,0,18,233
after,3703178,reservation,0,24,41
after,3703178,reservation,1,24,41
after,3703178,reservation,2,18,227
after,3703179,airport_animation,0,182,128
after,3703179,reservation,0,24,41
after,3703179,reservation,1,24,41
after,3703179,reservation,2,233,117
after,3703179,reservation,3,202,228
after,3703179,reservation,4,47,78
after,3703180,signal,0,250,153
after,3703180,reservation,0,24,41
after,3703180,reservation,1,24,41
after,3703180,reservation,2,250,152
after,3703180,field_crop,0,58,72
after,3703180,field_crop,1,67,56
after,3703180,field_crop,2,14,66
after,3703180,field_crop,3,69,81
after,3703181,airport_animation,0,8,190
after,3703181,airport_animation,1,19,33
after,3703181,airport_animation,2,181,120
after,3703181,airport_animation,3,182,128
after,3703181,reservation,0,24,41
after,3703181,reservation,1,172,76
after,3703181,reservation,2,172,75
after,3703181,reservation,3,172,74
after,3703181,reservation,4,172,71
after,3703181,reservation,5,172,75
after,3703181,reservation,6,172,79
after,3703181,reservation,7,172,78
after,3703181,reservation,8,76,59
after,3703181,reservation,9,24,41
after,3703181,reservation,10,172,76
after,3703181,reservation,11,172,77
after,3703181,field_crop,0,214,35
after,3703181,field_crop,1,234,37
after,3703182,signal,0,108,80
after,3703182,reservation,0,24,41
after,3703182,reservation,1,185,78
after,3703182,reservation,2,185,77
after,3703182,reservation,3,24,41
after,3703182,reservation,4,123,123
after,3703182,reservation,5,205,128
after,3703182,reservation,6,130,124
after,3703182,reservation,7,107,80
after,3703182,reservation,8,127,124
after,3703182,field_crop,0,217,33
after,3703182,field_crop,1,77,85
after,3703183,industry,0,60,253
after,3703183,airport_animation,0,182,128
after,3703183,reservation,0,24,41
after,3703183,reservation,1,64,75
after,3703183,reservation,2,24,41
after,3703183,field_crop,0,79,63
after,3703183,field_crop,1,61,87
after,3703183,field_crop,2,64,87
after,3703183,field_crop,3,65,86
after,3703183,field_crop,4,214,36
after,3703184,reservation,0,24,41
after,3703184,reservation,1,140,149
after,3703184,reservation,2,141,149
after,3703184,reservation,3,149,149
after,3703184,reservation,4,251,152
after,3703184,reservation,5,252,152
after,3703184,reservation,6,149,149
after,3703184,reservation,7,173,76
after,3703184,reservation,8,251,152
after,3703184,reservation,9,140,149
after,3703184,reservation,10,24,41
after,3703184,reservation,11,141,149
after,3703184,reservation,12,43,93
after,3703184,reservation,13,252,152
after,3703184,field_crop,0,78,73
after,3703185,industry,0,213,195
after,3703185,landscape,0,111,192
after,3703185,landscape,1,111,192
after,3703185,signal,0,162,58
after,3703185,airport_animation,0,8,190
after,3703185,airport_animation,1,19,33
after,3703185,airport_animation,2,181,120
after,3703185,airport_animation,3,182,128
after,3703185,reservation,0,24,41
after,3703185,reservation,1,192,131
after,3703185,reservation,2,20,183
after,3703185,reservation,3,190,131
after,3703185,reservation,4,196,98
after,3703185,reservation,5,24,41
after,3703185,reservation,6,162,59
after,3703185,reservation,7,162,50
after,3703185,field_crop,0,76,86
after,3703185,field_crop,1,14,65
after,3703185,field_crop,2,63,87
after,3703186,signal,0,133,165
after,3703186,reservation,0,24,41
after,3703186,reservation,1,238,117
after,3703186,reservation,2,24,41
after,3703186,reservation,3,133,158
after,3703187,landscape,0,223,201
after,3703187,landscape,1,223,201
after,3703187,airport_animation,0,182,128
after,3703187,reservation,0,64,75
after,3703187,reservation,1,24,41
after,3703187,reservation,2,250,156
after,3703187,reservation,3,24,41
after,3703187,reservation,4,70,59
after,3703187,field_crop,0,70,79
after,3703188,signal,0,22,41
after,3703188,reservation,0,24,41
after,3703188,reservation,1,24,41
after,3703188,reservation,2,20,41
after,3703188,reservation,3,21,41
after,3703188,reservation,4,22,41
after,3703188,reservation,5,23,41
after,3703188,reservation,6,24,40
after,3703188,reservation,7,21,41
after,3703188,reservation,8,18,41
after,3703188,reservation,9,101,80
after,3703188,reservation,10,19,41
after,3703188,reservation,11,17,41
after,3703188,reservation,12,20,41
after,3703188,field_crop,0,213,43
after,3703188,field_crop,1,67,77
after,3703188,field_crop,2,203,39
after,3703188,field_crop,3,214,40
after,3703189,airport_animation,0,8,190
after,3703189,airport_animation,1,19,33
after,3703189,airport_animation,2,181,120
after,3703189,airport_animation,3,182,128
after,3703189,reservation,0,206,128
after,3703189,reservation,1,207,128
after,3703189,reservation,2,208,128
after,3703189,reservation,3,209,128
after,3703189,reservation,4,210,128
after,3703189,reservation,5,211,128
after,3703189,reservation,6,140,80
after,3703189,reservation,7,207,128
after,3703189,reservation,8,206,128
after,3703189,field_crop,0,60,79
after,3703189,field_crop,1,71,81
after,3703189,field_crop,2,210,36
after,3703190,signal,0,78,239
after,3703190,reservation,0,124,123
after,3703190,reservation,1,125,123
after,3703190,reservation,2,126,123
after,3703190,reservation,3,127,123
after,3703190,reservation,4,130,123
after,3703190,reservation,5,124,123
after,3703190,reservation,6,123,123
after,3703190,reservation,7,153,83
after,3703190,reservation,8,125,123
after,3703190,reservation,9,122,123
after,3703190,field_crop,0,70,80
after,3703191,signal,0,111,10
after,3703191,airport_animation,0,182,128
after,3703191,reservation,0,117,112
after,3703191,reservation,1,173,81
after,3703191,reservation,2,173,86
after,3703191,reservation,3,163,52
after,3703191,field_crop,0,15,72
after,3703191,field_crop,1,63,81
after,3703191,field_crop,2,77,77
after,3703191,field_crop,3,60,81
after,3703191,field_crop,4,59,84
after,3703193,airport_animation,0,8,190
after,3703193,airport_animation,1,19,33
after,3703193,airport_animation,2,181,120
after,3703193,airport_animation,3,182,128
after,3703193,reservation,0,201,228
after,3703193,reservation,1,234,117
after,3703193,field_crop,0,197,41
after,3703193,field_crop,1,68,82
after,3703194,signal,0,80,57
after,3703194,reservation,0,84,55
after,3703194,reservation,1,84,53
after,3703194,reservation,2,14,174
after,3703194,reservation,3,84,51
after,3703194,reservation,4,84,52
after,3703194,reservation,5,14,176
after,3703194,reservation,6,84,54
after,3703194,reservation,7,84,50
after,3703194,reservation,8,75,59
after,3703194,field_crop,0,214,42
after,3703194,field_crop,1,248,37
after,3703195,signal,0,250,104
after,3703195,airport_animation,0,182,128
after,3703195,reservation,0,252,152
after,3703195,reservation,1,251,152
after,3703195,reservation,2,84,53
after,3703195,reservation,3,251,152
after,3703195,reservation,4,84,54
after,3703195,reservation,5,84,52
after,3703195,reservation,6,84,50
after,3703195,reservation,7,250,151
after,3703195,reservation,8,108,80
after,3703195,reservation,9,84,55
after,3703195,reservation,10,250,102
after,3703195,reservation,11,252,152
after,3703195,reservation,12,84,51
after,3703195,field_crop,0,223,19
after,3703195,field_crop,1,77,78
after,3703196,reservation,0,165,55
after,3703196,reservation,1,205,106
after,3703196,field_crop,0,236,53
after,3703197,signal,0,133,165
after,3703197,airport_animation,0,8,190
after,3703197,airport_animation,1,19,33
after,3703197,airport_animation,2,181,120
after,3703197,airport_animation,3,182,128
after,3703197,reservation,0,218,99
after,3703197,reservation,1,64,170
after,3703197,field_crop,0,208,44
after,3703198,reservation,0,149,164
after,3703198,reservation,1,149,163
after,3703198,reservation,2,149,162
after,3703198,reservation,3,82,237
after,3703198,reservation,4,81,237
after,3703198,reservation,5,83,237
after,3703198,reservation,6,186,131
after,3703198,reservation,7,48,78
after,3703198,reservation,8,162,59
after,3703198,reservation,9,83,237
after,3703198,reservation,10,150,91
after,3703198,reservation,11,131,124
after,3703198,reservation,12,162,51
after,3703198,reservation,13,173,75
after,3703198,reservation,14,82,237
after,3703198,reservation,15,81,237
after,3703198,field_crop,0,72,88
after,3703199,airport_animation,0,182,128
after,3703199,reservation,0,185,27
after,3703199,reservation,1,186,27
after,3703199,reservation,2,186,27
after,3703199,reservation,3,43,94
after,3703199,reservation,4,185,27
after,3703199,reservation,5,187,27
after,3703199,field_crop,0,60,80
after,3703199,field_crop,1,56,81
after,3703199,field_crop,2,64,58
after,3703200,landscape,0,7,195
after,3703200,landscape,1,7,195
after,3703200,landscape,2,177,197
after,3703200,landscape,3,81,209
after,3703200,signal,0,192,228
after,3703200,signal,1,70,59
after,3703200,reservation,0,248,113
after,3703200,reservation,1,248,115
after,3703200,reservation,2,211,227
after,3703200,reservation,3,192,228
after,3703200,reservation,4,212,227
after,3703200,reservation,5,248,117
after,3703200,reservation,6,209,227
after,3703200,reservation,7,69,59
after,3703200,reservation,8,210,227
after,3703200,field_crop,0,69,86
after,3703200,field_crop,1,238,54
after,3703201,signal,0,103,80
after,3703201,airport_animation,0,8,190
after,3703201,airport_animation,1,19,33
after,3703201,airport_animation,2,181,120
after,3703201,airport_animation,3,182,128
after,3703201,reservation,0,236,117
after,3703201,reservation,1,235,117
after,3703201,reservation,2,237,117
after,3703201,reservation,3,238,117
after,3703201,reservation,4,161,84
after,3703201,reservation,5,156,84
after,3703201,reservation,6,162,84
after,3703201,reservation,7,102,80
after,3703201,reservation,8,156,84
after,3703201,reservation,9,236,117
after,3703201,reservation,10,235,117
after,3703201,reservation,11,234,117
after,3703201,reservation,12,233,117
after,3703201,reservation,13,146,81
after,3703201,reservation,14,161,84
after,3703201,reservation,15,162,84
after,3703201,reservation,16,163,84
after,3703201,field_crop,0,205,10
after,3703201,field_crop,1,240,54
after,3703201,field_crop,2,5,84
after,3703202,landscape,0,201,148
after,3703202,reservation,0,250,155
after,3703202,field_crop,0,202,52
after,3703203,industry,0,225,43
after,3703203,landscape,0,25,83
after,3703203,airport_animation,0,182,128
after,3703203,field_crop,0,214,37
after,3703203,field_crop,1,58,83
after,3703203,field_crop,2,61,84
after,3703203,field_crop,3,65,57
after,3703204,industry,0,223,43
after,3703204,reservation,0,178,127
after,3703204,reservation,1,177,127
after,3703204,reservation,2,176,127
after,3703204,reservation,3,175,127
after,3703204,reservation,4,179,127
after,3703204,reservation,5,53,7
after,3703204,reservation,6,178,127
after,3703204,reservation,7,179,127
after,3703204,reservation,8,193,98
after,3703204,field_crop,0,67,78
after,3703204,field_crop,1,78,81
after,3703205,airport_animation,0,8,190
after,3703205,airport_animation,1,19,33
after,3703205,airport_animation,2,181,120
after,3703205,airport_animation,3,182,128
after,3703205,reservation,0,173,80
after,3703206,signal,0,188,131
after,3703206,reservation,0,187,131
after,3703206,reservation,1,188,131
after,3703206,reservation,2,189,131
after,3703206,reservation,3,190,131
after,3703206,reservation,4,192,131
after,3703206,reservation,5,251,152
after,3703206,reservation,6,252,152
after,3703206,reservation,7,186,131
after,3703206,reservation,8,136,124
after,3703206,reservation,9,187,131
after,3703206,reservation,10,188,131
after,3703206,reservation,11,252,152
after,3703206,reservation,12,251,152
after,3703206,field_crop,0,209,35
after,3703207,signal,0,73,59
after,3703207,signal,1,139,78
after,3703207,signal,2,150,149
after,3703207,airport_animation,0,182,128
after,3703207,reservation,0,141,149
after,3703207,reservation,1,149,149
after,3703207,reservation,2,140,149
after,3703207,reservation,3,109,80
after,3703207,reservation,4,151,149
after,3703207,reservation,5,200,228
after,3703207,reservation,6,149,149
after,3703207,reservation,7,141,149
after,3703207,reservation,8,139,78
after,3703207,reservation,9,153,149
after,3703207,reservation,10,155,149
after,3703207,reservation,11,74,59
after,3703207,reservation,12,152,149
after,3703207,reservation,13,198,12
after,3703207,reservation,14,154,149
after,3703207,reservation,15,140,149
after,3703207,reservation,16,197,12
after,3703207,field_crop,0,82,78
after,3703208,reservation,0,155,149
after,3703208,reservation,1,151,149
after,3703208,reservation,2,53,7
after,3703208,reservation,3,154,149
after,3703208,reservation,4,153,149
after,3703208,reservation,5,152,149
after,3703208,reservation,6,121,112
after,3703208,reservation,7,120,112
after,3703208,reservation,8,122,112
after,3703208,reservation,9,119,112
after,3703208,reservation,10,118,112
after,3703208,reservation,11,117,112
after,3703208,reservation,12,119,112
after,3703208,reservation,13,205,128
after,3703208,reservation,14,118,112
after,3703209,signal,0,151,81
after,3703209,signal,1,151,80
after,3703209,airport_animation,0,8,190
after,3703209,airport_animation,1,19,33
after,3703209,airport_animation,2,181,120
after,3703209,airport_animation,3,182,128
after,3703209,reservation,0,151,81
after,3703209,field_crop,0,69,82
after,3703209,field_crop,1,14,73
after,3703209,field_crop,2,217,41
after,3703210,landscape,0,163,148
after,3703210,signal,0,111,10
after,3703210,reservation,0,249,96
after,3703210,reservation,1,111,13
after,3703210,reservation,2,111,8
after,3703210,reservation,3,249,98
after,3703210,field_crop,0,209,41
after,3703210,field_crop,1,68,80
after,3703210,field_crop,2,61,77
after,3703211,signal,0,13,38
after,3703211,airport_animation,0,182,128
after,3703211,reservation,0,14,38
after,3703211,reservation,1,13,38
after,3703211,reservation,2,15,38
after,3703211,reservation,3,12,38
after,3703211,reservation,4,13,38
after,3703211,reservation,5,14,38
after,3703211,reservation,6,15,38
after,3703211,field_crop,0,68,84
after,3703211,field_crop,1,217,16
after,3703212,signal,0,160,85
after,3703212,reservation,0,158,91
after,3703212,reservation,1,157,91
after,3703212,reservation,2,159,91
after,3703212,reservation,3,156,91
after,3703212,reservation,4,155,91
after,3703212,reservation,5,154,91
after,3703212,reservation,6,153,91
after,3703212,reservation,7,152,91
after,3703212,reservation,8,151,91
after,3703212,reservation,9,150,91
after,3703212,reservation,10,173,74
after,3703212,reservation,11,160,91
after,3703212,reservation,12,159,91
after,3703212,reservation,13,41,91
after,3703212,reservation,14,163,50
after,3703212,reservation,15,163,56
after,3703212,reservation,16,158,91
after,3703212,reservation,17,163,54
after,3703212,field_crop,0,215,38
after,3703212,field_crop,1,65,59
after,3703213,airport_animation,0,8,190
after,3703213,airport_animation,1,19,33
after,3703213,airport_animation,2,181,120
after,3703213,airport_animation,3,182,128
after,3703213,reservation,0,165,51
after,3703213,reservation,1,14,174
after,3703213,reservation,2,191,228
after,3703213,reservation,3,165,57
after,3703213,reservation,4,132,124
after,3703213,reservation,5,22,192
after,3703213,field_crop,0,213,38
after,3703214,reservation,0,179,127
after,3703214,reservation,1,178,127
after,3703214,reservation,2,73,59
after,3703214,reservation,3,72,59
after,3703214,reservation,4,71,59
after,3703214,reservation,5,70,59
after,3703214,reservation,6,69,59
after,3703214,reservation,7,43,95
after,3703214,reservation,8,73,59
after,3703214,reservation,9,175,127
after,3703214,reservation,10,178,127
after,3703214,reservation,11,72,59
after,3703214,reservation,12,177,127
after,3703214,reservation,13,179,127
after,3703214,reservation,14,176,127
after,3703214,field_crop,0,67,87
after,3703214,field_crop,1,209,36
after,3703215,airport_animation,0,182,128
after,3703215,reservation,0,250,154
after,3703215,reservation,1,217,99
after,3703215,reservation,2,248,117
after,3703215,field_crop,0,201,51
after,3703216,reservation,0,49,78
after,3703216,field_crop,0,70,89
after,3703217,airport_animation,0,8,190
after,3703217,airport_animation,1,19,33
after,3703217,airport_animation,2,181,120
after,3703217,airport_animation,3,182,128
after,3703217,reservation,0,147,81
after,3703217,field_crop,0,70,87
after,3703218,reservation,0,252,152
after,3703218,reservation,1,251,152
after,3703218,reservation,2,32,208
after,3703218,reservation,3,109,80
after,3703218,reservation,4,32,205
after,3703218,reservation,5,32,207
after,3703218,reservation,6,205,104
after,3703218,reservation,7,32,206
after,3703218,reservation,8,32,210
after,3703218,reservation,9,109,79
after,3703218,reservation,10,32,209
after,3703218,reservation,11,252,152
after,3703218,reservation,12,251,152
after,3703218,reservation,13,103,80
after,3703218,field_crop,0,66,59
after,3703219,landscape,0,236,233
after,3703219,airport_animation,0,182,128
after,3703219,reservation,0,109,80
after,3703219,reservation,1,160,48
after,3703219,reservation,2,160,49
after,3703219,reservation,3,160,50
after,3703219,reservation,4,160,46
after,3703219,reservation,5,160,51
after,3703219,reservation,6,148,110
after,3703219,reservation,7,147,110
after,3703219,reservation,8,149,110
after,3703219,reservation,9,146,110
after,3703219,reservation,10,145,110
after,3703219,reservation,11,144,110
after,3703219,reservation,12,141,110
after,3703219,reservation,13,146,110
after,3703219,reservation,14,109,80
after,3703219,reservation,15,173,79
after,3703219,reservation,16,149,110
after,3703219,reservation,17,32,210
after,3703219,reservation,18,32,207
after,3703219,reservation,19,32,205
after,3703219,reservation,20,32,206
after,3703219,reservation,21,145,110
after,3703219,reservation,22,32,209
after,3703219,reservation,23,160,48
after,3703219,reservation,24,148,110
after,3703219,reservation,25,147,110
after,3703219,reservation,26,32,208
after,3703219,reservation,27,163,136
after,3703219,field_crop,0,6,84
after,3703220,reservation,0,109,80
after,3703220,reservation,1,109,80
after,3703220,reservation,2,137,124
after,3703220,reservation,3,199,228
after,3703220,field_crop,0,79,78
after,3703220,field_crop,1,61,80
after,3703220,field_crop,2,211,36
after,3703221,signal,0,18,233
after,3703221,airport_animation,0,8,190
after,3703221,airport_animation,1,19,33
after,3703221,airport_animation,2,181,120
after,3703221,airport_animation,3,182,128
after,3703221,reservation,0,109,80
after,3703221,reservation,1,13,61
after,3703221,reservation,2,12,61
after,3703221,reservation,3,14,61
after,3703221,reservation,4,109,80
after,3703221,reservation,5,250,149
after,3703221,reservation,6,13,61
after,3703221,reservation,7,14,61
after,3703221,field_crop,0,66,55
after,3703221,field_crop,1,212,37
after,3703221,field_crop,2,198,49
after,3703222,industry,0,222,45
after,3703222,landscape,0,108,158
after,3703222,landscape,1,108,158
after,3703222,reservation,0,109,80
after,3703222,reservation,1,109,80
after,3703222,field_crop,0,83,78
after,3703222,field_crop,1,14,68
after,3703223,landscape,0,237,149
after,3703223,signal,0,133,165
after,3703223,signal,1,18,233
after,3703223,airport_animation,0,182,128
after,3703223,reservation,0,109,80
after,3703223,reservation,1,109,80
after,3703223,reservation,2,133,161
after,3703223,field_crop,0,236,55
after,3703223,field_crop,1,81,81
after,3703223,field_crop,2,216,38
after,3703224,reservation,0,18,229
after,3703224,reservation,1,18,230
after,3703224,reservation,2,18,231
after,3703224,reservation,3,109,80
after,3703224,reservation,4,141,80
after,3703224,reservation,5,143,80
after,3703224,reservation,6,109,80
after,3703224,reservation,7,197,98
after,3703224,field_crop,0,223,18
after,3703225,signal,0,55,78
after,3703225,airport_animation,0,8,190
after,3703225,airport_animation,1,19,33
after,3703225,airport_animation,2,181,120
after,3703225,airport_animation,3,182,128
after,3703225,reservation,0,109,80
after,3703225,reservation,1,55,78
after,3703225,reservation,2,152,81
after,3703225,reservation,3,109,80
after,3703226,industry,0,233,246
after,3703226,reservation,0,109,80
after,3703226,reservation,1,190,228
after,3703226,reservation,2,248,97
after,3703226,reservation,3,109,80
after,3703226,field_crop,0,201,49
after,3703227,industry,0,224,46
after,3703227,industry,1,230,247
after,3703227,signal,0,250,153
after,3703227,airport_animation,0,182,128
after,3703227,reservation,0,109,80
after,3703227,reservation,1,149,84
after,3703227,reservation,2,109,80
after,3703227,reservation,3,133,124
after,3703227,reservation,4,151,84
after,3703227,reservation,5,148,84
after,3703227,reservation,6,146,84
after,3703227,reservation,7,172,80
after,3703227,reservation,8,147,84
after,3703227,reservation,9,250,153
after,3703227,reservation,10,150,84
after,3703227,field_crop,0,63,58
after,3703227,field_crop,1,80,80
after,3703228,reservation,0,209,16
after,3703228,reservation,1,208,16
after,3703228,reservation,2,207,16
after,3703228,reservation,3,205,16
after,3703228,reservation,4,206,16
after,3703228,reservation,5,210,16
after,3703228,reservation,6,204,16
after,3703228,reservation,7,212,16
after,3703228,reservation,8,211,16
after,3703228,reservation,9,109,80
after,3703228,reservation,10,146,84
after,3703228,reservation,11,148,84
after,3703228,reservation,12,206,16
after,3703228,reservation,13,205,16
after,3703228,reservation,14,149,84
after,3703228,reservation,15,209,16
after,3703228,reservation,16,109,80
after,3703228,reservation,17,150,84
after,3703228,reservation,18,207,16
after,3703228,reservation,19,204,16
after,3703228,reservation,20,211,16
after,3703228,reservation,21,210,16
after,3703228,reservation,22,147,84
after,3703228,reservation,23,212,16
after,3703228,reservation,24,208,16
after,3703228,reservation,25,151,84
after,3703228,field_crop,0,6,83
after,3703228,field_crop,1,78,77
after,3703229,airport_animation,0,8,190
after,3703229,airport_animation,1,19,33
after,3703229,airport_animation,2,181,120
after,3703229,airport_animation,3,182,128
after,3703229,reservation,0,109,80
after,3703229,reservation,1,251,152
after,3703229,reservation,2,252,152
after,3703229,reservation,3,43,96
after,3703229,reservation,4,251,152
after,3703229,reservation,5,162,52
after,3703229,reservation,6,162,60
after,3703229,reservation,7,248,114
after,3703229,reservation,8,109,80
after,3703229,reservation,9,249,98
after,3703229,reservation,10,252,152
after,3703229,field_crop,0,68,76
after,3703229,field_crop,1,74,86
after,3703230,reservation,0,109,80
after,3703230,reservation,1,134,228
after,3703230,reservation,2,134,229
after,3703230,reservation,3,134,230
after,3703230,reservation,4,134,231
after,3703230,reservation,5,134,230
after,3703230,reservation,6,134,227
after,3703230,reservation,7,216,99
after,3703230,reservation,8,134,228
after,3703230,reservation,9,134,229
after,3703230,reservation,10,109,80
after,3703230,field_crop,0,73,86
after,3703231,airport_animation,0,182,128
after,3703231,reservation,0,109,80
after,3703231,reservation,1,109,80
after,3703231,field_crop,0,239,53
after,3703232,reservation,0,109,80
after,3703232,reservation,1,140,149
after,3703232,reservation,2,141,149
after,3703232,reservation,3,149,149
after,3703232,reservation,4,14,61
after,3703232,reservation,5,13,61
after,3703232,reservation,6,148,81
after,3703232,reservation,7,163,56
after,3703232,reservation,8,13,61
after,3703232,reservation,9,12,61
after,3703232,reservation,10,14,61
after,3703232,reservation,11,140,149
after,3703232,reservation,12,149,149
after,3703232,reservation,13,173,78
after,3703232,reservation,14,163,58
after,3703232,reservation,15,104,80
after,3703232,reservation,16,141,149
after,3703232,reservation,17,109,80
after,3703233,landscape,0,106,170
after,3703233,landscape,1,106,170
after,3703233,signal,0,250,148
after,3703233,signal,1,63,170
after,3703233,airport_animation,0,8,190
after,3703233,airport_animation,1,19,33
after,3703233,airport_animation,2,181,120
after,3703233,airport_animation,3,182,128
after,3703233,reservation,0,109,80
after,3703233,reservation,1,62,170
after,3703233,reservation,2,63,170
after,3703233,reservation,3,61,170
after,3703233,reservation,4,64,170
after,3703233,reservation,5,109,80
after,3703233,reservation,6,198,228
after,3703233,reservation,7,61,170
after,3703233,reservation,8,250,148
after,3703233,reservation,9,62,170
after,3703233,reservation,10,63,170
after,3703233,field_crop,0,235,52
after,3703234,industry,0,232,244
after,3703234,signal,0,137,124
after,3703234,reservation,0,109,80
after,3703234,reservation,1,142,124
after,3703234,reservation,2,50,78
after,3703234,reservation,3,109,80
after,3703234,reservation,4,138,124
after,3703234,field_crop,0,212,38
after,3703234,field_crop,1,202,49
after,3703235,airport_animation,0,182,128
after,3703235,reservation,0,109,80
after,3703235,reservation,1,109,80
after,3703236,reservation,0,109,80
after,3703236,reservation,1,109,80
after,3703236,field_crop,0,199,52
after,3703236,field_crop,1,201,50
after,3703237,industry,0,223,44
after,3703237,signal,0,13,185
after,3703237,airport_animation,0,8,190
after,3703237,airport_animation,1,19,33
after,3703237,airport_animation,2,181,120
after,3703237,airport_animation,3,182,128
after,3703237,reservation,0,14,181
after,3703237,reservation,1,14,183
after,3703237,reservation,2,14,184
after,3703237,reservation,3,14,182
after,3703237,reservation,4,14,179
after,3703237,reservation,5,109,80
after,3703237,reservation,6,14,180
after,3703237,reservation,7,109,80
after,3703237,reservation,8,212,99
after,3703237,reservation,9,77,239
after,3703237,reservation,10,111,9
after,3703237,reservation,11,20,183
after,3703237,reservation,12,204,128
after,3703237,reservation,13,20,185
after,3703237,field_crop,0,11,72
after,3703237,field_crop,1,62,81
after,3703238,industry,0,233,245
after,3703238,signal,0,173,71
after,3703238,signal,1,250,104
after,3703238,reservation,0,109,80
after,3703238,reservation,1,250,107
after,3703238,reservation,2,250,106
after,3703238,reservation,3,250,105
after,3703238,reservation,4,250,104
after,3703238,reservation,5,250,102
after,3703238,reservation,6,250,103
after,3703238,reservation,7,173,72
after,3703238,reservation,8,250,105
after,3703238,reservation,9,250,102
after,3703238,reservation,10,250,106
after,3703238,reservation,11,109,80
after,3703238,reservation,12,250,104
after,3703238,field_crop,0,213,42
after,3703238,field_crop,1,60,83
after,3703239,airport_animation,0,182,128
after,3703239,reservation,0,109,80
after,3703239,reservation,1,109,80
after,3703239,reservation,2,189,228
after,3703239,reservation,3,205,101
after,3703239,field_crop,0,12,72
after,3703239,field_crop,1,70,82
after,3703240,industry,0,224,43
after,3703240,signal,0,145,80
after,3703240,signal,1,151,81
after,3703240,signal,2,145,81
after,3703240,signal,3,250,153
after,3703240,reservation,0,109,80
after,3703240,reservation,1,198,12
after,3703240,reservation,2,197,12
after,3703240,reservation,3,149,81
after,3703240,reservation,4,150,81
after,3703240,reservation,5,151,81
after,3703240,reservation,6,152,81
after,3703240,reservation,7,145,81
after,3703240,reservation,8,149,81
after,3703240,reservation,9,146,81
after,3703240,reservation,10,134,124
after,3703240,reservation,11,150,81
after,3703240,reservation,12,109,80
after,3703240,reservation,13,144,81
after,3703240,reservation,14,147,81
after,3703240,reservation,15,250,152
after,3703240,reservation,16,148,81
after,3703240,field_crop,0,69,87
after,3703240,field_crop,1,67,59
after,3703240,field_crop,2,62,82
after,3703241,signal,0,139,78
after,3703241,airport_animation,0,8,190
after,3703241,airport_animation,1,19,33
after,3703241,airport_animation,2,181,120
after,3703241,airport_animation,3,182,128
after,3703241,reservation,0,109,80
after,3703241,reservation,1,252,152
after,3703241,reservation,2,251,152
after,3703241,reservation,3,199,94
after,3703241,reservation,4,252,152
after,3703241,reservation,5,139,79
after,3703241,reservation,6,248,110
after,3703241,reservation,7,109,80
after,3703241,reservation,8,251,152
after,3703241,field_crop,0,68,57
after,3703241,field_crop,1,66,87
after,3703242,reservation,0,109,80
after,3703242,reservation,1,133,166
after,3703242,reservation,2,109,80
after,3703242,reservation,3,56,78
after,3703242,field_crop,0,74,87
after,3703242,field_crop,1,200,48
after,3703242,field_crop,2,235,55
after,3703242,field_crop,3,215,40
after,3703243,landscape,0,170,108
after,3703243,airport_animation,0,182,128
after,3703243,reservation,0,109,80
after,3703243,reservation,1,109,80
after,3703243,reservation,2,105,80
after,3703243,reservation,3,106,80
after,3703243,reservation,4,107,80
after,3703243,reservation,5,108,80
after,3703243,reservation,6,109,79
after,3703243,reservation,7,43,97
after,3703243,reservation,8,105,80
after,3703243,reservation,9,104,80
after,3703243,reservation,10,106,80
after,3703243,field_crop,0,237,54
after,3703244,reservation,0,215,99
after,3703244,reservation,1,173,77
after,3703245,airport_animation,0,8,190
after,3703245,airport_animation,1,19,33
after,3703245,airport_animation,2,181,120
after,3703245,airport_animation,3,182,128
after,3703245,reservation,0,197,228
after,3703246,industry,0,232,247
after,3703246,reservation,0,40,91
after,3703247,signal,0,250,153
after,3703247,airport_animation,0,182,128
after,3703247,reservation,0,250,151
after,3703247,reservation,1,250,150
after,3703247,reservation,2,250,149
after,3703247,reservation,3,250,148
after,3703247,reservation,4,165,53
after,3703247,reservation,5,250,151
after,3703247,reservation,6,172,82
after,3703247,reservation,7,250,152
after,3703247,reservation,8,172,80
after,3703247,field_crop,0,73,89
after,3703248,reservation,0,211,16
after,3703248,reservation,1,206,16
after,3703248,reservation,2,212,16
after,3703248,reservation,3,205,16
after,3703248,reservation,4,209,16
after,3703248,reservation,5,210,16
after,3703248,reservation,6,208,16
after,3703248,reservation,7,207,16
after,3703248,reservation,8,204,16
after,3703248,reservation,9,135,124
after,3703248,reservation,10,136,124
after,3703248,reservation,11,137,124
after,3703248,reservation,12,138,124
after,3703248,reservation,13,142,124
after,3703248,reservation,14,31,38
after,3703248,reservation,15,32,38
after,3703248,reservation,16,33,38
after,3703248,reservation,17,34,38
after,3703248,reservation,18,134,124
after,3703248,reservation,19,204,16
after,3703248,reservation,20,209,16
after,3703248,reservation,21,211,16
after,3703248,reservation,22,32,38
after,3703248,reservation,23,135,124
after,3703248,reservation,24,132,124
after,3703248,reservation,25,207,16
after,3703248,reservation,26,205,16
after,3703248,reservation,27,33,38
after,3703248,reservation,28,208,16
after,3703248,reservation,29,136,124
after,3703248,reservation,30,34,38
after,3703248,reservation,31,212,16
after,3703248,reservation,32,210,16
after,3703248,reservation,33,131,124
after,3703248,reservation,34,183,133
after,3703248,reservation,35,133,124
after,3703248,reservation,36,206,16
after,3703248,field_crop,0,238,53
after,3703248,field_crop,1,249,37
after,3703249,signal,0,20,209
after,3703249,airport_animation,0,8,190
after,3703249,airport_animation,1,19,33
after,3703249,airport_animation,2,181,120
after,3703249,airport_animation,3,182,128
after,3703249,reservation,0,20,209
after,3703249,field_crop,0,210,41
after,3703249,field_crop,1,62,84
after,3703249,field_crop,2,82,81
after,3703249,field_crop,3,73,84
after,3703250,reservation,0,173,71
after,3703250,field_crop,0,217,13
after,3703251,landscape,0,206,223
after,3703251,signal,0,139,78
after,3703251,airport_animation,0,182,128
after,3703251,reservation,0,140,79
after,3703251,reservation,1,139,80
after,3703251,reservation,2,140,80
after,3703251,reservation,3,141,80
after,3703251,reservation,4,143,80
after,3703251,reservation,5,163,52
after,3703251,reservation,6,139,79
after,3703251,reservation,7,163,58
after,3703251,reservation,8,140,79
after,3703251,reservation,9,51,78
after,3703251,reservation,10,188,228
after,3703251,reservation,11,138,79
after,3703252,reservation,0,251,152
after,3703252,reservation,1,252,152
after,3703252,reservation,2,251,152
after,3703252,reservation,3,252,152
after,3703252,field_crop,0,77,83
after,3703252,field_crop,1,5,57
after,3703252,field_crop,2,193,50
after,3703253,airport_animation,0,8,190
after,3703253,airport_animation,1,19,33
after,3703253,airport_animation,2,181,120
after,3703253,airport_animation,3,182,128
after,3703253,reservation,0,249,95
after,3703253,reservation,1,249,94
after,3703253,reservation,2,249,92
after,3703253,reservation,3,249,93
after,3703253,reservation,4,248,115
after,3703253,reservation,5,163,135
after,3703253,field_crop,0,12,67
after,3703253,field_crop,1,80,87
after,3703254,signal,0,23,189
after,3703254,reservation,0,22,190
after,3703254,reservation,1,64,75
after,3703254,reservation,2,209,227
after,3703254,reservation,3,23,190
after,3703254,field_crop,0,243,53
after,3703254,field_crop,1,56,69
after,3703254,field_crop,2,211,38
after,3703255,industry,0,50,245
after,3703255,industry,1,232,248
after,3703255,airport_animation,0,182,128
after,3703255,reservation,0,141,149
after,3703255,reservation,1,149,149
after,3703255,reservation,2,140,149
after,3703255,reservation,3,83,237
after,3703255,reservation,4,82,237
after,3703255,reservation,5,81,237
after,3703255,reservation,6,81,237
after,3703255,reservation,7,82,237
after,3703255,reservation,8,83,237
after,3703255,field_crop,0,75,66
after,3703255,field_crop,1,192,52
after,3703255,field_crop,2,53,57
after,3703256,reservation,0,155,149
after,3703256,reservation,1,141,149
after,3703256,reservation,2,152,149
after,3703256,reservation,3,153,149
after,3703256,reservation,4,149,149
after,3703256,reservation,5,140,149
after,3703256,reservation,6,151,149
after,3703256,reservation,7,154,149
after,3703256,reservation,8,173,76
after,3703256,field_crop,0,244,53
after,3703256,field_crop,1,20,60
after,3703256,field_crop,2,72,65
after,3703257,signal,0,20,209
after,3703257,signal,1,204,128
after,3703257,airport_animation,0,8,190
after,3703257,airport_animation,1,19,33
after,3703257,airport_animation,2,181,120
after,3703257,airport_animation,3,182,128
after,3703257,reservation,0,154,149
after,3703257,reservation,1,153,149
after,3703257,reservation,2,152,149
after,3703257,reservation,3,151,149
after,3703257,reservation,4,155,149
after,3703257,reservation,5,20,208
after,3703257,reservation,6,20,207
after,3703257,reservation,7,20,206
after,3703257,reservation,8,43,98
after,3703257,reservation,9,20,208
after,3703257,reservation,10,214,99
after,3703257,reservation,11,20,209
after,3703257,reservation,12,203,128
after,3703257,reservation,13,196,228
after,3703257,field_crop,0,76,66
after,3703257,field_crop,1,238,50
after,3703258,reservation,0,64,75
after,3703258,reservation,1,153,83
after,3703258,reservation,2,154,83
after,3703258,reservation,3,155,83
after,3703258,reservation,4,156,83
after,3703258,reservation,5,161,83
after,3703258,reservation,6,154,83
after,3703258,reservation,7,161,83
after,3703258,reservation,8,156,83
after,3703258,reservation,9,153,83
after,3703258,reservation,10,155,83
after,3703258,field_crop,0,241,28
after,3703258,field_crop,1,81,82
after,3703259,signal,0,205,105
after,3703259,airport_animation,0,182,128
after,3703259,reservation,0,205,105
after,3703259,reservation,1,57,78
after,3703260,signal,0,248,97
after,3703260,signal,1,248,91
after,3703260,reservation,0,248,97
after,3703260,reservation,1,248,95
after,3703260,field_crop,0,49,58
after,3703261,landscape,0,221,219
after,3703261,airport_animation,0,8,190
after,3703261,airport_animation,1,19,33
after,3703261,airport_animation,2,181,120
after,3703261,airport_animation,3,182,128
after,3703261,field_crop,0,244,49
after,3703261,field_crop,1,80,89
after,3703262,signal,0,173,66
after,3703262,reservation,0,173,70
after,3703262,field_crop,0,12,64
after,3703262,field_crop,1,79,71
after,3703263,signal,0,204,129
after,3703263,airport_animation,0,182,128
after,3703263,reservation,0,160,48
after,3703263,reservation,1,252,152
after,3703263,reservation,2,251,152
after,3703263,reservation,3,162,53
after,3703263,reservation,4,252,152
after,3703263,reservation,5,162,61
after,3703263,reservation,6,194,98
after,3703263,reservation,7,251,152
after,3703263,field_crop,0,240,29
after,3703263,field_crop,1,79,87
after,3703263,field_crop,2,223,16
after,3703264,landscape,0,79,174
after,3703264,reservation,0,213,99
after,3703264,reservation,1,212,99
after,3703264,reservation,2,211,99
after,3703264,reservation,3,212,99
after,3703264,reservation,4,187,228
after,3703264,reservation,5,172,82
after,3703264,reservation,6,214,99
after,3703264,reservation,7,172,84
after,3703264,reservation,8,217,99
after,3703264,reservation,9,215,99
after,3703264,reservation,10,216,99
after,3703264,reservation,11,213,99
after,3703264,field_crop,0,67,83
after,3703264,field_crop,1,65,60
after,3703265,landscape,0,231,250
after,3703265,landscape,1,231,250
after,3703265,signal,0,248,111
after,3703265,airport_animation,0,8,190
after,3703265,airport_animation,1,19,33
after,3703265,airport_animation,2,181,120
after,3703265,airport_animation,3,182,128
after,3703265,reservation,0,198,129
after,3703265,reservation,1,199,129
after,3703265,reservation,2,200,129
after,3703265,reservation,3,201,129
after,3703265,reservation,4,248,111
after,3703265,field_crop,0,19,70
after,3703266,reservation,0,133,163
after,3703266,reservation,1,133,162
after,3703266,reservation,2,133,160
after,3703266,reservation,3,133,164
after,3703266,reservation,4,133,161
after,3703266,reservation,5,210,227
after,3703266,field_crop,0,18,67
after,3703266,field_crop,1,18,60
after,3703267,airport_animation,0,182,128
after,3703267,reservation,0,159,91
after,3703267,reservation,1,160,91
after,3703267,reservation,2,158,91
after,3703267,reservation,3,159,91
after,3703267,reservation,4,156,91
after,3703267,reservation,5,160,91
after,3703267,reservation,6,158,91
after,3703267,reservation,7,52,78
after,3703267,reservation,8,157,91
after,3703267,reservation,9,173,75
after,3703267,reservation,10,51,174
after,3703267,field_crop,0,80,83
after,3703267,field_crop,1,23,60
after,3703268,reservation,0,205,16
after,3703268,reservation,1,208,16
after,3703268,reservation,2,212,16
after,3703268,reservation,3,204,16
after,3703268,reservation,4,210,16
after,3703268,reservation,5,207,16
after,3703268,reservation,6,209,16
after,3703268,reservation,7,206,16
after,3703268,reservation,8,211,16
after,3703268,reservation,9,211,16
after,3703268,reservation,10,212,16
after,3703268,reservation,11,208,16
after,3703268,reservation,12,206,16
after,3703268,reservation,13,210,16
after,3703268,reservation,14,207,16
after,3703268,reservation,15,204,16
after,3703268,reservation,16,163,60
after,3703268,reservation,17,209,16
after,3703268,reservation,18,205,16
after,3703268,field_crop,0,219,34
after,3703269,airport_animation,0,8,190
after,3703269,airport_animation,1,19,33
after,3703269,airport_animation,2,181,120
after,3703269,airport_animation,3,182,128
after,3703269,reservation,0,163,84
after,3703269,reservation,1,162,84
after,3703269,reservation,2,161,84
after,3703269,reservation,3,156,84
after,3703269,reservation,4,162,84
after,3703269,reservation,5,156,84
after,3703269,reservation,6,161,84
after,3703269,reservation,7,53,7
after,3703269,field_crop,0,76,62
after,3703270,landscape,0,48,199
after,3703270,signal,0,250,153
after,3703270,reservation,0,201,131
after,3703270,reservation,1,199,131
after,3703270,reservation,2,198,131
after,3703270,reservation,3,200,131
after,3703270,reservation,4,165,44
after,3703270,reservation,5,250,94
after,3703270,reservation,6,250,154
after,3703270,reservation,7,250,93
after,3703270,reservation,8,195,228
after,3703270,reservation,9,250,95
after,3703270,reservation,10,250,92
after,3703270,field_crop,0,67,82
after,3703270,field_crop,1,62,61
after,3703271,landscape,0,8,232
after,3703271,landscape,1,8,232
after,3703271,signal,0,43,99
after,3703271,airport_animation,0,182,128
after,3703271,reservation,0,250,94
after,3703271,reservation,1,250,93
after,3703271,reservation,2,250,95
after,3703271,reservation,3,250,92
after,3703271,reservation,4,43,99
after,3703272,reservation,0,122,123
after,3703272,reservation,1,123,123
after,3703272,reservation,2,124,123
after,3703272,reservation,3,125,123
after,3703272,reservation,4,127,123
after,3703272,reservation,5,172,84
after,3703272,reservation,6,130,123
after,3703272,reservation,7,125,123
after,3703272,reservation,8,126,123
after,3703272,reservation,9,124,123
after,3703272,field_crop,0,245,53
after,3703273,airport_animation,0,8,190
after,3703273,airport_animation,1,19,33
after,3703273,airport_animation,2,181,120
after,3703273,airport_animation,3,182,128
after,3703273,reservation,0,53,7
after,3703273,reservation,1,173,69
after,3703273,reservation,2,78,239
after,3703273,field_crop,0,78,64
after,3703273,field_crop,1,241,26
after,3703274,reservation,0,235,117
after,3703274,reservation,1,234,117
after,3703274,reservation,2,233,117
after,3703274,reservation,3,236,117
after,3703274,reservation,4,53,78
after,3703274,reservation,5,54,78
after,3703274,reservation,6,55,78
after,3703274,reservation,7,56,78
after,3703274,reservation,8,57,78
after,3703274,reservation,9,237,117
after,3703274,reservation,10,50,78
after,3703274,reservation,11,184,133
after,3703274,reservation,12,238,117
after,3703274,reservation,13,51,78
after,3703274,reservation,14,53,78
after,3703274,reservation,15,236,117
after,3703274,reservation,16,49,78
after,3703274,reservation,17,52,78
after,3703274,reservation,18,235,117
after,3703274,reservation,19,54,78
after,3703274,field_crop,0,73,64
