mode,rank,samples,sampled_cpu_ms,process_cpu_percent,tids,symbol,dso
active,1,105,527.638125,4.973945997157745,671792;671793;671794;671795;671796;671797;671818,"<&mut openttdrs_client::render::rail_glass_compositor::sync_rail_glass_mask_proxies as core::ops::function::FnMut<(bevy_ecs::system::commands::Commands, bevy_ecs::system::system_param::Local<openttdrs_client::render::rail_glass_compositor::RailGlassMaskProxyCache>, bevy_ecs::system::query::Query<(bevy_ecs::entity::Entity, bevy_ecs::change_detection::params::Ref<bevy_sprite::sprite::Sprite>, bevy_ecs::change_detection::params::Ref<bevy_sprite::sprite::Anchor>, bevy_ecs::change_detection::params::Ref<bevy_transform::components::transform::Transform>, bevy_ecs::change_detection::params::Ref<bevy_camera::visibility::Visibility>, core::option::Option<bevy_ecs::change_detection::params::Ref<openttdrs_client::render::components::MapTileChunk>>, core::option::Option<&openttdrs_client::render::rail_glass_compositor::RailGlassMaskSource>), (bevy_ecs::query::filter::Or<(bevy_ecs::query::filter::With<openttdrs_client::render::components::MapVisualLayer>, bevy_ecs::query::filter::With<openttdrs_client::render::components::MapDynamicVisual>)>, bevy_ecs::query::filter::Without<openttdrs_client::render::rail_glass_compositor::RailGlassMaskProxy>)>, bevy_ecs::system::system_param::ParamSet<(bevy_ecs::system::query::Query<bevy_ecs::entity::Entity, (bevy_ecs::query::filter::With<openttdrs_client::render::rail_glass_compositor::RailGlassMaskProxy>, bevy_ecs::query::filter::Or<(bevy_ecs::query::filter::Changed<bevy_sprite::sprite_mesh::SpriteMesh>, bevy_ecs::query::filter::Changed<bevy_sprite::sprite::Anchor>, bevy_ecs::query::filter::Changed<bevy_transform::components::transform::Transform>, bevy_ecs::query::filter::Changed<bevy_camera::visibility::Visibility>, bevy_ecs::query::filter::Changed<openttdrs_client::render::components::MapTileChunk>)>)>, bevy_ecs::system::query::Query<(bevy_ecs::entity::Entity, &openttdrs_client::render::rail_glass_compositor::RailGlassMaskProxy, &mut bevy_sprite::sprite_mesh::SpriteMesh, &mut bevy_sprite::sprite::Anchor, &mut bevy_transform::components::transform::Transform, &mut bevy_camera::visibility::Visibility, core::option::Option<&mut openttdrs_client::render::components::MapTileChunk>)>)>, bevy_ecs::system::system_param::Local<bevy_ecs::entity::hash_set::EntityHashSet>)>>::call_mut",/home/cristian/repos/propios/ProyectoOpenTtd/openttdrs/target/performance/render-residual-cpu-20261002/active/client
active,2,92,462.3115,4.358124111795358,671785;671792;671793;671794;671795;671796;671797;671803;671818,__memmove_avx512_unaligned_erms,/usr/lib/x86_64-linux-gnu/libc.so.6
active,3,75,376.884375,3.5528185693983896,671792;671793;671794;671795;671796;671797;671818,"<bevy_ecs::query::par_iter::QueryParIter<(bevy_ecs::entity::Entity, &bevy_camera::visibility::InheritedVisibility, &mut bevy_camera::visibility::ViewVisibility, core::option::Option<&bevy_camera::visibility::VisibilityClass>, core::option::Option<&bevy_camera::visibility::render_layers::RenderLayers>, core::option::Option<&bevy_camera::primitives::Aabb>, core::option::Option<&bevy_camera::primitives::Sphere>, &bevy_transform::components::global_transform::GlobalTransform, bevy_ecs::query::fetch::Has<bevy_camera::visibility::NoFrustumCulling>, bevy_ecs::query::fetch::Has<bevy_camera::visibility::range::VisibilityRange>), bevy_ecs::query::filter::Without<bevy_camera::visibility::NoCpuCulling>>>::for_each_init::<bevy_camera::visibility::check_visibility_cpu_culling::{closure#1}, bevy_camera::visibility::check_visibility_cpu_culling::{closure#0}, core::cell::RefMut<indexmap::map::IndexMap<core::any::TypeId, alloc::vec::Vec<bevy_ecs::entity::Entity>, bevy_platform::hash::NoOpHash>>>::{closure#0}",/home/cristian/repos/propios/ProyectoOpenTtd/openttdrs/target/performance/render-residual-cpu-20261002/active/client
active,4,62,311.55775,2.936996684036002,671803,"<alloc::collections::binary_heap::BinaryHeap<((i64, i64), u16)>>::pop",/home/cristian/repos/propios/ProyectoOpenTtd/openttdrs/target/performance/render-residual-cpu-20261002/active/client
active,5,48,241.206,2.2738038844149693,671792;671793;671794;671795;671796;671797;671818,openttdrs_client::render::house_viewport_sort::sort_viewport_sortable_parents,/home/cristian/repos/propios/ProyectoOpenTtd/openttdrs/target/performance/render-residual-cpu-20261002/active/client
active,6,45,226.130625,2.131691141639034,671803,<openttdrs_core::cargodist::parity::mcf::MCF1stPass>::run,/home/cristian/repos/propios/ProyectoOpenTtd/openttdrs/target/performance/render-residual-cpu-20261002/active/client
active,7,38,190.95475,1.8000947418285174,671792;671793;671794;671795;671796;671797;671818,bevy_sprite_render::mesh2d::mesh::extract_mesh2d,/home/cristian/repos/propios/ProyectoOpenTtd/openttdrs/target/performance/render-residual-cpu-20261002/active/client
active,8,37,185.929625,1.752723827569872,671792;671793;671794;671795;671796;671797;671818,"<&mut openttdrs_client::render::house_viewport_sort::sync_viewport_sortable_children as core::ops::function::FnMut<(bevy_ecs::system::query::Query<(bevy_ecs::entity::Entity, &openttdrs_client::render::house_viewport_sort::ViewportSortableParent, &bevy_transform::components::transform::Transform), (bevy_ecs::query::filter::With<openttdrs_client::render::house_viewport_sort::ViewportSortableParent>, bevy_ecs::query::filter::Without<openttdrs_client::render::house_viewport_sort::ViewportSortableChild>)>, bevy_ecs::system::query::Query<(bevy_ecs::entity::Entity, bevy_ecs::change_detection::params::Ref<openttdrs_client::render::house_viewport_sort::ViewportSortableChild>, core::option::Option<bevy_ecs::change_detection::params::Ref<openttdrs_client::render::house_viewport_sort::ViewportSortablePromotableChild>>), bevy_ecs::query::filter::With<openttdrs_client::render::house_viewport_sort::ViewportSortableChild>>, bevy_ecs::system::query::Query<&mut bevy_transform::components::transform::Transform, bevy_ecs::query::filter::With<openttdrs_client::render::house_viewport_sort::ViewportSortableChild>>, bevy_ecs::change_detection::params::Res<openttdrs_client::render::house_viewport_sort::ViewportSortableChildDepthWindows>, bevy_ecs::lifecycle::RemovedComponents<openttdrs_client::render::house_viewport_sort::ViewportSortableChild>, bevy_ecs::system::system_param::Local<openttdrs_client::render::house_viewport_sort::ViewportChildGroups>)>>::call_mut",/home/cristian/repos/propios/ProyectoOpenTtd/openttdrs/target/performance/render-residual-cpu-20261002/active/client
active,9,33,165.829125,1.5632401705352914,671792;671793;671794;671795;671796;671797;671818,"<indexmap::inner::Core<(bevy_ecs::entity::Entity, bevy_render::sync_world::MainEntity), bevy_core_pipeline::core_2d::Transparent2d>>::swap_remove_full::<(bevy_ecs::entity::Entity, bevy_render::sync_world::MainEntity)>",/home/cristian/repos/propios/ProyectoOpenTtd/openttdrs/target/performance/render-residual-cpu-20261002/active/client
active,10,32,160.804,1.515869256276646,671792;671793;671794;671795;671796;671797,openttdrs_core::sim_step::cargo_transfer::station_index_at_vehicle,/home/cristian/repos/propios/ProyectoOpenTtd/openttdrs/target/performance/render-residual-cpu-20261002/active/client
active,11,29,145.728625,1.3737565135007106,671792;671793;671794;671795;671796;671797;671818,<core::hash::sip::Hasher<core::hash::sip::Sip13Rounds> as core::hash::Hasher>::write,/home/cristian/repos/propios/ProyectoOpenTtd/openttdrs/target/performance/render-residual-cpu-20261002/active/client
active,12,27,135.678375,1.27901468498342,671785,<bevy_ecs::storage::table::Tables>::move_row::<true>,/home/cristian/repos/propios/ProyectoOpenTtd/openttdrs/target/performance/render-residual-cpu-20261002/active/client
active,13,24,120.603,1.1369019422074846,671792;671793;671794;671795;671796;671797;671818,openttdrs_client::render::viewport_sort::viewport_sort_parent_sprites,/home/cristian/repos/propios/ProyectoOpenTtd/openttdrs/target/performance/render-residual-cpu-20261002/active/client
active,14,24,120.603,1.1369019422074846,671785;671818,<bevy_ecs::world::entity_access::world_mut::EntityWorldMut>::despawn_no_free_with_caller,/home/cristian/repos/propios/ProyectoOpenTtd/openttdrs/target/performance/render-residual-cpu-20261002/active/client
active,15,24,120.603,1.1369019422074846,671792;671793;671794;671795;671796;671797,<bevy_sprite_render::mesh2d::mesh::Mesh2dPipeline as bevy_render::batching::GetFullBatchData>::get_binned_batch_data,/home/cristian/repos/propios/ProyectoOpenTtd/openttdrs/target/performance/render-residual-cpu-20261002/active/client
active,16,22,110.55275,1.0421601136901941,671792;671793;671794;671795;671796;671797;671818,_int_malloc,/usr/lib/x86_64-linux-gnu/libc.so.6
active,17,22,110.55275,1.0421601136901941,671803,<openttdrs_core::cargodist::parity::mcf::MCF2ndPass>::run,/home/cristian/repos/propios/ProyectoOpenTtd/openttdrs/target/performance/render-residual-cpu-20261002/active/client
active,18,20,100.5025,0.9474182851729038,671792;671793;671794;671795;671796;671797;671818,openttdrs_client::render::house_viewport_sort::sprite_screen_bounds,/home/cristian/repos/propios/ProyectoOpenTtd/openttdrs/target/performance/render-residual-cpu-20261002/active/client
active,19,19,95.477375,0.9000473709142587,671792;671793;671794;671795;671796;671818,bevy_render::camera::extract_cameras,/home/cristian/repos/propios/ProyectoOpenTtd/openttdrs/target/performance/render-residual-cpu-20261002/active/client
active,20,17,85.427125,0.8053055423969683,671792;671793;671794;671795;671796;671797,openttdrs_core::rail_signals::routing::consist_occupied_tiles_indexed,/home/cristian/repos/propios/ProyectoOpenTtd/openttdrs/target/performance/render-residual-cpu-20261002/active/client
active,21,17,85.427125,0.8053055423969683,671785;671792;671793;671794;671796;671797;671803,cfree@GLIBC_2.2.5,/usr/lib/x86_64-linux-gnu/libc.so.6
active,22,17,85.427125,0.8053055423969683,671792;671793;671794;671796;671797,openttdrs_core::rail_pbs::conflicts::pbs_exit_has_complete_reservation,/home/cristian/repos/propios/ProyectoOpenTtd/openttdrs/target/performance/render-residual-cpu-20261002/active/client
active,23,16,80.402,0.757934628138323,671792;671793;671795;671796;671797;671818,bevy_ui::layout::ui_layout_system::update_uinode_geometry_recursive,/home/cristian/repos/propios/ProyectoOpenTtd/openttdrs/target/performance/render-residual-cpu-20261002/active/client
active,24,15,75.376875,0.7105637138796779,671792;671793;671795;671796;671797;671818,"<bevy_ecs::query::iter::QueryIter<(bevy_ecs::entity::Entity, &bevy_camera::visibility::InheritedVisibility, &mut bevy_camera::visibility::ViewVisibility, core::option::Option<&bevy_camera::visibility::VisibilityClass>, core::option::Option<&bevy_camera::visibility::render_layers::RenderLayers>, core::option::Option<&bevy_camera::primitives::Aabb>, core::option::Option<&bevy_camera::primitives::Sphere>, &bevy_transform::components::global_transform::GlobalTransform, bevy_ecs::query::fetch::Has<bevy_camera::visibility::NoFrustumCulling>, bevy_ecs::query::fetch::Has<bevy_camera::visibility::range::VisibilityRange>), bevy_ecs::query::filter::Without<bevy_camera::visibility::NoCpuCulling>>>::fold_over_storage_range::<core::cell::RefMut<indexmap::map::IndexMap<core::any::TypeId, alloc::vec::Vec<bevy_ecs::entity::Entity>, bevy_platform::hash::NoOpHash>>, <bevy_ecs::query::par_iter::QueryParIter<(bevy_ecs::entity::Entity, &bevy_camera::visibility::InheritedVisibility, &mut bevy_camera::visibility::ViewVisibility, core::option::Option<&bevy_camera::visibility::VisibilityClass>, core::option::Option<&bevy_camera::visibility::render_layers::RenderLayers>, core::option::Option<&bevy_camera::primitives::Aabb>, core::option::Option<&bevy_camera::primitives::Sphere>, &bevy_transform::components::global_transform::GlobalTransform, bevy_ecs::query::fetch::Has<bevy_camera::visibility::NoFrustumCulling>, bevy_ecs::query::fetch::Has<bevy_camera::visibility::range::VisibilityRange>), bevy_ecs::query::filter::Without<bevy_camera::visibility::NoCpuCulling>>>::for_each_init<bevy_camera::visibility::check_visibility_cpu_culling::{closure#1}, bevy_camera::visibility::check_visibility_cpu_culling::{closure#0}, core::cell::RefMut<indexmap::map::IndexMap<core::any::TypeId, alloc::vec::Vec<bevy_ecs::entity::Entity>, bevy_platform::hash::NoOpHash>>>::{closure#0}>",/home/cristian/repos/propios/ProyectoOpenTtd/openttdrs/target/performance/render-residual-cpu-20261002/active/client
active,25,15,75.376875,0.7105637138796779,671792;671797;671818,[unknown],/usr/lib/x86_64-linux-gnu/libvulkan_radeon.so
active,26,15,75.376875,0.7105637138796779,671792;671793;671794;671795;671796;671797,"<hashbrown::map::HashMap<openttdrs_core::map::types::TileCoord, (), ahash::random_state::RandomState>>::insert",/home/cristian/repos/propios/ProyectoOpenTtd/openttdrs/target/performance/render-residual-cpu-20261002/active/client
active,27,15,75.376875,0.7105637138796779,671803,<openttdrs_core::cargodist::parity::mcf::MCF1stPass>::eliminate_cycles_from,/home/cristian/repos/propios/ProyectoOpenTtd/openttdrs/target/performance/render-residual-cpu-20261002/active/client
active,28,14,70.35175,0.6631927996210327,671793;671794;671795;671796;671797;671818,"<hashbrown::raw::RawTable<(bevy_ecs::entity::Entity, openttdrs_client::render::house_viewport_sort::ViewportParentSortState)>>::reserve_rehash::<hashbrown::map::make_hasher<bevy_ecs::entity::Entity, openttdrs_client::render::house_viewport_sort::ViewportParentSortState, bevy_ecs::entity::hash::EntityHash>::{closure#0}>",/home/cristian/repos/propios/ProyectoOpenTtd/openttdrs/target/performance/render-residual-cpu-20261002/active/client
active,29,14,70.35175,0.6631927996210327,671792;671793;671794;671795;671797,<std::hash::random::RandomState as core::hash::BuildHasher>::hash_one::<&openttdrs_core::command::terraform::CornerKey>,/home/cristian/repos/propios/ProyectoOpenTtd/openttdrs/target/performance/render-residual-cpu-20261002/active/client
active,30,14,70.35175,0.6631927996210327,671792;671793;671794;671795;671796;671797,openttdrs_core::sim_step::refresh_road_stop_statuses,/home/cristian/repos/propios/ProyectoOpenTtd/openttdrs/target/performance/render-residual-cpu-20261002/active/client
active,31,14,70.35175,0.6631927996210327,671792;671793;671794;671795;671796;671797;671818,"taffy::compute::round_layout::round_layout_inner::<taffy::tree::taffy_tree::TaffyView<bevy_ui::measurement::NodeMeasure, <bevy_ui::layout::ui_surface::UiSurface>::compute_layout::{closure#0}>>",/home/cristian/repos/propios/ProyectoOpenTtd/openttdrs/target/performance/render-residual-cpu-20261002/active/client
active,32,13,65.326625,0.6158218853623875,671792;671793;671794;671796;671797,openttdrs_core::station::geometry::vehicle_physically_at_station_with_footprint,/home/cristian/repos/propios/ProyectoOpenTtd/openttdrs/target/performance/render-residual-cpu-20261002/active/client
active,33,13,65.326625,0.6158218853623875,671792;671793;671794;671795;671796,bevy_sprite_render::render::extract_sprites,/home/cristian/repos/propios/ProyectoOpenTtd/openttdrs/target/performance/render-residual-cpu-20261002/active/client
active,34,13,65.326625,0.6158218853623875,671785;671792;671794;671795;671796;671797;671803,_int_free_chunk,/usr/lib/x86_64-linux-gnu/libc.so.6
active,35,13,65.326625,0.6158218853623875,671792;671793;671794;671795;671796;671797,bevy_sprite_render::render::prepare_sprite_image_bind_groups,/home/cristian/repos/propios/ProyectoOpenTtd/openttdrs/target/performance/render-residual-cpu-20261002/active/client
active,36,13,65.326625,0.6158218853623875,671792;671793;671794;671795;671796;671797;671818,bevy_ui::stack::update_uistack_recursive,/home/cristian/repos/propios/ProyectoOpenTtd/openttdrs/target/performance/render-residual-cpu-20261002/active/client
active,37,11,55.276375,0.5210800568450971,671792;671793;671795;671797,openttdrs_core::pathfinder::astar::find_road_or_tram_path_with_wormholes,/home/cristian/repos/propios/ProyectoOpenTtd/openttdrs/target/performance/render-residual-cpu-20261002/active/client
active,38,10,50.25125,0.4737091425864519,671792;671793;671794;671795;671796;671797;671818,<openttdrs_core::house_spec::HouseScopeCounts>::from_map,/home/cristian/repos/propios/ProyectoOpenTtd/openttdrs/target/performance/render-residual-cpu-20261002/active/client
active,39,10,50.25125,0.4737091425864519,671792;671795;671796;671797;671803,malloc,/usr/lib/x86_64-linux-gnu/libc.so.6
active,40,10,50.25125,0.4737091425864519,671792;671793;671794;671795;671796;671797,openttdrs_core::rail_pbs::map_sync::sync_reservations_to_map,/home/cristian/repos/propios/ProyectoOpenTtd/openttdrs/target/performance/render-residual-cpu-20261002/active/client
active,41,10,50.25125,0.4737091425864519,671793;671794;671795;671796;671797,"<&mut openttdrs_client::render::world::remap::apply_remap_map_visuals as core::ops::function::FnMut<(bevy_ecs::system::commands::Commands, bevy_ecs::change_detection::params::ResMut<openttdrs_client::render::world::plugin::RemapMapVisualsPending>, bevy_ecs::system::query::Query<(bevy_ecs::entity::Entity, core::option::Option<&openttdrs_client::render::components::MapDynamicVisual>, core::option::Option<&openttdrs_client::render::vehicles::sync::VehicleSprite>), bevy_ecs::query::filter::With<openttdrs_client::render::components::MapVisualLayer>>, bevy_ecs::system::query::Query<(bevy_ecs::entity::Entity, &openttdrs_client::render::components::MapTileChunk), bevy_ecs::query::filter::With<openttdrs_client::render::components::MapVisualLayer>>, openttdrs_client::render::world::plugin::MapLabelEntities, bevy_ecs::system::query::Query<&bevy_window::window::Window, bevy_ecs::query::filter::With<bevy_window::window::PrimaryWindow>>, bevy_ecs::system::query::Query<(&mut bevy_transform::components::transform::Transform, &mut bevy_camera::projection::Projection), (bevy_ecs::query::filter::With<openttdrs_client::render::components::PrimaryGameCamera>, bevy_ecs::query::filter::Without<openttdrs_client::render::components::MapPreviewCamera>)>, bevy_ecs::change_detection::params::Res<bevy_asset::server::AssetServer>, core::option::Option<bevy_ecs::change_detection::params::Res<openttdrs_client::render::assets::WorldAssets>>, core::option::Option<bevy_ecs::change_detection::params::ResMut<openttdrs_client::sprites::company_palette::CompanyColoredSprites>>, core::option::Option<bevy_ecs::change_detection::params::ResMut<bevy_asset::assets::Assets<bevy_image::image::Image>>>, openttdrs_client::render::world::plugin::NewGrfMapSpriteCaches, bevy_ecs::change_detection::params::Res<openttdrs_client::state::SimWorld>, bevy_ecs::change_detection::params::ResMut<openttdrs_client::render::vehicles::sync::VehicleIndex>, bevy_ecs::change_detection::params::ResMut<openttdrs_client::render::world::plugin::LoadedMapTileChunks>, bevy_ecs::change_detection::params::Res<openttdrs_client::settings::ClientPreferences>)>>::call_mut",/home/cristian/repos/propios/ProyectoOpenTtd/openttdrs/target/performance/render-residual-cpu-20261002/active/client
active,42,10,50.25125,0.4737091425864519,671792;671793;671794;671796;671797,"core::slice::sort::stable::quicksort::quicksort::<indexmap::Bucket<(bevy_ecs::entity::Entity, bevy_render::sync_world::MainEntity), bevy_core_pipeline::core_2d::Transparent2d>, <[indexmap::Bucket<(bevy_ecs::entity::Entity, bevy_render::sync_world::MainEntity), bevy_core_pipeline::core_2d::Transparent2d>]>::sort_by_key<bevy_math::float_ord::FloatOrd, <indexmap::map::IndexMap<(bevy_ecs::entity::Entity, bevy_render::sync_world::MainEntity), bevy_core_pipeline::core_2d::Transparent2d, bevy_ecs::entity::hash::EntityHash>>::sort_by_key<bevy_math::float_ord::FloatOrd, <bevy_core_pipeline::core_2d::Transparent2d as bevy_render::render_phase::SortedPhaseItem>::sort::{closure#0}>::{closure#0}::{closure#0}>::{closure#0}>",/home/cristian/repos/propios/ProyectoOpenTtd/openttdrs/target/performance/render-residual-cpu-20261002/active/client
active,43,10,50.25125,0.4737091425864519,671792;671793;671796;671797,"<bevy_render::render_phase::draw::RenderCommandState<bevy_core_pipeline::core_2d::Transparent2d, (bevy_render::render_phase::SetItemPipeline, bevy_sprite_render::render::SetSpriteViewBindGroup<0>, bevy_sprite_render::render::SetSpriteTextureBindGroup<1>, bevy_sprite_render::render::DrawSpriteBatch)> as bevy_render::render_phase::draw::Draw<bevy_core_pipeline::core_2d::Transparent2d>>::draw",/home/cristian/repos/propios/ProyectoOpenTtd/openttdrs/target/performance/render-residual-cpu-20261002/active/client
active,44,10,50.25125,0.4737091425864519,671785,<bevy_ecs::storage::table::Table>::swap_remove_unchecked,/home/cristian/repos/propios/ProyectoOpenTtd/openttdrs/target/performance/render-residual-cpu-20261002/active/client
active,45,10,50.25125,0.4737091425864519,671793;671794;671795;671796;671797;671818,floorf,/home/cristian/repos/propios/ProyectoOpenTtd/openttdrs/target/performance/render-residual-cpu-20261002/active/client
active,46,10,50.25125,0.4737091425864519,671803,<openttdrs_core::cargodist::parity::mcf::MultiCommodityFlow>::cleanup_paths,/home/cristian/repos/propios/ProyectoOpenTtd/openttdrs/target/performance/render-residual-cpu-20261002/active/client
active,47,9,45.226125,0.4263382283278067,671792;671794;671796;671797;671818,<std::hash::random::RandomState as core::hash::BuildHasher>::hash_one::<&u32>,/home/cristian/repos/propios/ProyectoOpenTtd/openttdrs/target/performance/render-residual-cpu-20261002/active/client
active,48,9,45.226125,0.4263382283278067,671792;671793;671796;671797,openttdrs_core::rail_signals::topology::rail_block_ahead_with_wormholes,/home/cristian/repos/propios/ProyectoOpenTtd/openttdrs/target/performance/render-residual-cpu-20261002/active/client
active,49,9,45.226125,0.4263382283278067,671792;671793;671796;671818,"taffy::compute::flexbox::compute_flexbox_layout::<taffy::tree::taffy_tree::TaffyView<bevy_ui::measurement::NodeMeasure, <bevy_ui::layout::ui_surface::UiSurface>::compute_layout::{closure#0}>>",/home/cristian/repos/propios/ProyectoOpenTtd/openttdrs/target/performance/render-residual-cpu-20261002/active/client
active,50,9,45.226125,0.4263382283278067,671785;671792;671793;671795;671796;671797;671818,_int_free_merge_chunk,/usr/lib/x86_64-linux-gnu/libc.so.6
active,51,9,45.226125,0.4263382283278067,671792;671793;671794;671795;671797,__libc_malloc2,/usr/lib/x86_64-linux-gnu/libc.so.6
active,52,9,45.226125,0.4263382283278067,671793;671795;671796;671797;671818,"<bevy_ecs::query::iter::QueryIter<bevy_ecs::entity::Entity, bevy_ecs::query::filter::Or<(bevy_ecs::query::filter::Changed<bevy_transform::components::transform::Transform>, bevy_ecs::query::filter::Changed<bevy_ecs::hierarchy::ChildOf>, bevy_ecs::query::filter::Added<bevy_transform::components::global_transform::GlobalTransform>)>>>::fold_over_storage_range::<(bevy_utils::buffered_channel::BufferedSender<bevy_ecs::entity::Entity>, bevy_utils::buffered_channel::BufferedSender<bevy_ecs::entity::Entity>), <bevy_ecs::query::par_iter::QueryParIter<bevy_ecs::entity::Entity, bevy_ecs::query::filter::Or<(bevy_ecs::query::filter::Changed<bevy_transform::components::transform::Transform>, bevy_ecs::query::filter::Changed<bevy_ecs::hierarchy::ChildOf>, bevy_ecs::query::filter::Added<bevy_transform::components::global_transform::GlobalTransform>)>>>::for_each_init<bevy_transform::systems::mark_dirty_trees::{closure#0}::{closure#2}::{closure#1}, bevy_transform::systems::mark_dirty_trees::{closure#0}::{closure#2}::{closure#0}, (bevy_utils::buffered_channel::BufferedSender<bevy_ecs::entity::Entity>, bevy_utils::buffered_channel::BufferedSender<bevy_ecs::entity::Entity>)>::{closure#0}>",/home/cristian/repos/propios/ProyectoOpenTtd/openttdrs/target/performance/render-residual-cpu-20261002/active/client
active,53,9,45.226125,0.4263382283278067,671803,<openttdrs_core::cargodist::parity::path::Path>::add_flow,/home/cristian/repos/propios/ProyectoOpenTtd/openttdrs/target/performance/render-residual-cpu-20261002/active/client
active,54,9,45.226125,0.4263382283278067,671803,"<alloc::collections::btree::map::Iter<u32, u32> as core::iter::traits::iterator::Iterator>::next",/home/cristian/repos/propios/ProyectoOpenTtd/openttdrs/target/performance/render-residual-cpu-20261002/active/client
active,55,9,45.226125,0.4263382283278067,671803,"<core::iter::adapters::map::Map<core::option::IntoIter<&openttdrs_core::cargodist::parity::flow_stat::FlowStat>, <openttdrs_core::cargodist::parity::mcf::MultiCommodityFlow>::destinations::{closure#0}> as core::iter::traits::iterator::Iterator>::try_fold::<(), <core::iter::adapters::flatten::FlattenCompat<_, _>>::iter_try_fold::flatten<alloc::collections::btree::map::Values<u32, u32>, (), core::ops::control_flow::ControlFlow<u16>, <core::iter::adapters::flatten::FlattenCompat<_, _> as core::iter::traits::iterator::Iterator>::try_fold::flatten<alloc::collections::btree::map::Values<u32, u32>, (), core::ops::control_flow::ControlFlow<u16>, core::iter::adapters::filter::filter_try_fold<&u32, (), core::ops::control_flow::ControlFlow<u16>, <openttdrs_core::cargodist::parity::mcf::MultiCommodityFlow>::destinations::{closure#1}, core::iter::traits::iterator::Iterator::find_map::check<&u32, u16, &mut <openttdrs_core::cargodist::parity::mcf::MultiCommodityFlow>::destinations::{closure#2}>::{closure#0}>::{closure#0}>::{closure#0}>::{closure#0}, core::ops::control_flow::ControlFlow<u16>>",/home/cristian/repos/propios/ProyectoOpenTtd/openttdrs/target/performance/render-residual-cpu-20261002/active/client
active,56,8,40.201,0.3789673140691615,671792;671794;671795;671796,openttdrs_core::map::rail_topology::rail_traversal_bits,/home/cristian/repos/propios/ProyectoOpenTtd/openttdrs/target/performance/render-residual-cpu-20261002/active/client
active,57,8,40.201,0.3789673140691615,671792;671793;671796,openttdrs_core::sim_step::cargo_transfer::unload_vehicles,/home/cristian/repos/propios/ProyectoOpenTtd/openttdrs/target/performance/render-residual-cpu-20261002/active/client
active,58,8,40.201,0.3789673140691615,671792;671793;671794;671795;671797,openttdrs_core::station::geometry::station_footprint_tiles,/home/cristian/repos/propios/ProyectoOpenTtd/openttdrs/target/performance/render-residual-cpu-20261002/active/client
active,59,8,40.201,0.3789673140691615,671792;671793;671795;671796;671818,"<hashbrown::raw::RawTable<(u32, ())>>::reserve_rehash::<hashbrown::map::make_hasher<u32, (), std::hash::random::RandomState>::{closure#0}>",/home/cristian/repos/propios/ProyectoOpenTtd/openttdrs/target/performance/render-residual-cpu-20261002/active/client
active,60,8,40.201,0.3789673140691615,671785;671792;671793;671794;671797;671818,<bevy_ecs::schedule::executor::multi_threaded::Context>::tick_executor,/home/cristian/repos/propios/ProyectoOpenTtd/openttdrs/target/performance/render-residual-cpu-20261002/active/client
active,61,8,40.201,0.3789673140691615,671792;671794;671795;671797,<wgpu_core::registry::Registry<alloc::sync::Arc<wgpu_core::device::queue::Queue>>>::get,/home/cristian/repos/propios/ProyectoOpenTtd/openttdrs/target/performance/render-residual-cpu-20261002/active/client
active,62,8,40.201,0.3789673140691615,671792;671793;671794;671796,"<hashbrown::raw::RawTable<(openttdrs_core::map::types::TileCoord, ())>>::reserve_rehash::<hashbrown::map::make_hasher<openttdrs_core::map::types::TileCoord, (), ahash::random_state::RandomState>::{closure#0}>",/home/cristian/repos/propios/ProyectoOpenTtd/openttdrs/target/performance/render-residual-cpu-20261002/active/client
active,63,8,40.201,0.3789673140691615,671803,"<alloc::vec::Vec<u16> as alloc::vec::spec_from_iter_nested::SpecFromIterNested<u16, core::iter::adapters::take_while::TakeWhile<core::iter::adapters::map::Map<core::slice::iter::Iter<openttdrs_core::cargodist::parity::types::BaseEdge>, <openttdrs_core::cargodist::parity::mcf::MultiCommodityFlow>::destinations::{closure#4}>, <openttdrs_core::cargodist::parity::mcf::MultiCommodityFlow>::destinations::{closure#5}>>>::from_iter",/home/cristian/repos/propios/ProyectoOpenTtd/openttdrs/target/performance/render-residual-cpu-20261002/active/client
active,64,8,40.201,0.3789673140691615,671803,<openttdrs_core::cargodist::parity::flowmapper::FlowMapper>::run,/home/cristian/repos/propios/ProyectoOpenTtd/openttdrs/target/performance/render-residual-cpu-20261002/active/client
active,65,7,35.175875,0.33159639981051636,671793;671794;671796;671818,"<bevy_ecs::query::iter::QueryIter<bevy_ecs::entity::Entity, (bevy_ecs::query::filter::Or<(bevy_ecs::query::filter::Changed<bevy_mesh::components::Mesh2d>, bevy_asset::asset_changed::AssetChanged<bevy_mesh::components::Mesh2d>, bevy_ecs::query::filter::Changed<bevy_sprite_render::mesh2d::material::MeshMaterial2d<bevy_sprite_render::sprite_mesh::sprite_material::SpriteMaterial>>, bevy_asset::asset_changed::AssetChanged<bevy_sprite_render::mesh2d::material::MeshMaterial2d<bevy_sprite_render::sprite_mesh::sprite_material::SpriteMaterial>>)>, bevy_ecs::query::filter::With<bevy_sprite_render::mesh2d::material::MeshMaterial2d<bevy_sprite_render::sprite_mesh::sprite_material::SpriteMaterial>>)>>::fold_over_storage_range::<(), <bevy_ecs::query::par_iter::QueryParIter<bevy_ecs::entity::Entity, (bevy_ecs::query::filter::Or<(bevy_ecs::query::filter::Changed<bevy_mesh::components::Mesh2d>, bevy_asset::asset_changed::AssetChanged<bevy_mesh::components::Mesh2d>, bevy_ecs::query::filter::Changed<bevy_sprite_render::mesh2d::material::MeshMaterial2d<bevy_sprite_render::sprite_mesh::sprite_material::SpriteMaterial>>, bevy_asset::asset_changed::AssetChanged<bevy_sprite_render::mesh2d::material::MeshMaterial2d<bevy_sprite_render::sprite_mesh::sprite_material::SpriteMaterial>>)>, bevy_ecs::query::filter::With<bevy_sprite_render::mesh2d::material::MeshMaterial2d<bevy_sprite_render::sprite_mesh::sprite_material::SpriteMaterial>>)>>::for_each_init<<bevy_ecs::query::par_iter::QueryParIter<bevy_ecs::entity::Entity, (bevy_ecs::query::filter::Or<(bevy_ecs::query::filter::Changed<bevy_mesh::components::Mesh2d>, bevy_asset::asset_changed::AssetChanged<bevy_mesh::components::Mesh2d>, bevy_ecs::query::filter::Changed<bevy_sprite_render::mesh2d::material::MeshMaterial2d<bevy_sprite_render::sprite_mesh::sprite_material::SpriteMaterial>>, bevy_asset::asset_changed::AssetChanged<bevy_sprite_render::mesh2d::material::MeshMaterial2d<bevy_sprite_render::sprite_mesh::sprite_material::SpriteMaterial>>)>, bevy_ecs::query::filter::With<bevy_sprite_render::mesh2d::material::MeshMaterial2d<bevy_sprite_render::sprite_mesh::sprite_material::SpriteMaterial>>)>>::for_each<bevy_sprite_render::mesh2d::material::check_entities_needing_specialization<bevy_sprite_render::sprite_mesh::sprite_material::SpriteMaterial>::{closure#0}>::{closure#1}, <bevy_ecs::query::par_iter::QueryParIter<bevy_ecs::entity::Entity, (bevy_ecs::query::filter::Or<(bevy_ecs::query::filter::Changed<bevy_mesh::components::Mesh2d>, bevy_asset::asset_changed::AssetChanged<bevy_mesh::components::Mesh2d>, bevy_ecs::query::filter::Changed<bevy_sprite_render::mesh2d::material::MeshMaterial2d<bevy_sprite_render::sprite_mesh::sprite_material::SpriteMaterial>>, bevy_asset::asset_changed::AssetChanged<bevy_sprite_render::mesh2d::material::MeshMaterial2d<bevy_sprite_render::sprite_mesh::sprite_material::SpriteMaterial>>)>, bevy_ecs::query::filter::With<bevy_sprite_render::mesh2d::material::MeshMaterial2d<bevy_sprite_render::sprite_mesh::sprite_material::SpriteMaterial>>)>>::for_each<bevy_sprite_render::mesh2d::material::check_entities_needing_specialization<bevy_sprite_render::sprite_mesh::sprite_material::SpriteMaterial>::{closure#0}>::{closure#0}, ()>::{closure#0}>",/home/cristian/repos/propios/ProyectoOpenTtd/openttdrs/target/performance/render-residual-cpu-20261002/active/client
active,66,7,35.175875,0.33159639981051636,671792;671793;671795;671797,<bevy_ecs::world::unsafe_world_cell::UnsafeWorldCell>::get_resource_with_ticks,/home/cristian/repos/propios/ProyectoOpenTtd/openttdrs/target/performance/render-residual-cpu-20261002/active/client
active,67,7,35.175875,0.33159639981051636,671792;671794;671795;671796,<wgpu_core::storage::Storage<wgpu_core::resource::Fallible<wgpu_core::binding_model::BindGroup>>>::get,/home/cristian/repos/propios/ProyectoOpenTtd/openttdrs/target/performance/render-residual-cpu-20261002/active/client
active,68,7,35.175875,0.33159639981051636,671818,<wgpu_core::command::memory_init::CommandBufferTextureMemoryActions>::register_init_action,/home/cristian/repos/propios/ProyectoOpenTtd/openttdrs/target/performance/render-residual-cpu-20261002/active/client
active,69,7,35.175875,0.33159639981051636,671792;671794;671797,unlink_chunk.isra.0,/usr/lib/x86_64-linux-gnu/libc.so.6
active,70,7,35.175875,0.33159639981051636,671794;671795;671797,<openttdrs_core::fleet_index::FleetIndex>::slot,/home/cristian/repos/propios/ProyectoOpenTtd/openttdrs/target/performance/render-residual-cpu-20261002/active/client
active,71,7,35.175875,0.33159639981051636,671792;671795;671796;671818,"<hashbrown::map::HashMap<u32, (), std::hash::random::RandomState>>::insert",/home/cristian/repos/propios/ProyectoOpenTtd/openttdrs/target/performance/render-residual-cpu-20261002/active/client
active,72,7,35.175875,0.33159639981051636,671792;671793;671794;671796,"<hashbrown::map::HashMap<u32, usize, ahash::random_state::RandomState>>::insert",/home/cristian/repos/propios/ProyectoOpenTtd/openttdrs/target/performance/render-residual-cpu-20261002/active/client
active,73,7,35.175875,0.33159639981051636,671793;671794;671795;671796;671797;671818,bevy_ui::update::update_clipping,/home/cristian/repos/propios/ProyectoOpenTtd/openttdrs/target/performance/render-residual-cpu-20261002/active/client
active,74,7,35.175875,0.33159639981051636,671792;671794;671795,"<hashbrown::map::HashMap<bevy_ecs::entity::Entity, openttdrs_client::render::rail_glass_compositor::CachedMaskProxy, bevy_ecs::entity::hash::EntityHash>>::retain::<openttdrs_client::render::rail_glass_compositor::sync_rail_glass_mask_proxies::{closure#0}>",/home/cristian/repos/propios/ProyectoOpenTtd/openttdrs/target/performance/render-residual-cpu-20261002/active/client
active,75,7,35.175875,0.33159639981051636,671792;671793;671794;671796;671818,bevy_ui_render::extract_uinode_background_colors,/home/cristian/repos/propios/ProyectoOpenTtd/openttdrs/target/performance/render-residual-cpu-20261002/active/client
active,76,7,35.175875,0.33159639981051636,671792;671793;671796;671797,openttdrs_core::sim_step::cargo_transfer::load_vehicles,/home/cristian/repos/propios/ProyectoOpenTtd/openttdrs/target/performance/render-residual-cpu-20261002/active/client
active,77,6,30.15075,0.28422548555187116,671794;671795;671797,__memcmp_evex_movbe,/usr/lib/x86_64-linux-gnu/libc.so.6
active,78,6,30.15075,0.28422548555187116,671794;671796;671797,openttdrs_core::sim_step::routing::recompute_vehicle_paths_profiled,/home/cristian/repos/propios/ProyectoOpenTtd/openttdrs/target/performance/render-residual-cpu-20261002/active/client
active,79,6,30.15075,0.28422548555187116,671794;671796;671797,<openttdrs_core::vehicle::model::Vehicle>::ensure_packets_from_legacy,/home/cristian/repos/propios/ProyectoOpenTtd/openttdrs/target/performance/render-residual-cpu-20261002/active/client
active,80,6,30.15075,0.28422548555187116,671818,<wgpu_core::command::bind::Binder>::assign_group,/home/cristian/repos/propios/ProyectoOpenTtd/openttdrs/target/performance/render-residual-cpu-20261002/active/client
active,81,6,30.15075,0.28422548555187116,671793;671795;671797;671818,openttdrs_client::ui::toolbar::minimap::sync::sync_minimap,/home/cristian/repos/propios/ProyectoOpenTtd/openttdrs/target/performance/render-residual-cpu-20261002/active/client
active,82,6,30.15075,0.28422548555187116,671792;671794;671797,"<bevy_ecs::query::iter::QueryIter<(&bevy_transform::components::transform::Transform, &mut bevy_transform::components::global_transform::GlobalTransform), (bevy_ecs::query::filter::Or<(bevy_ecs::query::filter::Changed<bevy_transform::components::transform::Transform>, bevy_ecs::query::filter::Added<bevy_transform::components::global_transform::GlobalTransform>)>, bevy_ecs::query::filter::Without<bevy_ecs::hierarchy::ChildOf>, bevy_ecs::query::filter::Without<bevy_ecs::hierarchy::Children>)>>::fold_over_storage_range::<(), <bevy_ecs::query::par_iter::QueryParIter<(&bevy_transform::components::transform::Transform, &mut bevy_transform::components::global_transform::GlobalTransform), (bevy_ecs::query::filter::Or<(bevy_ecs::query::filter::Changed<bevy_transform::components::transform::Transform>, bevy_ecs::query::filter::Added<bevy_transform::components::global_transform::GlobalTransform>)>, bevy_ecs::query::filter::Without<bevy_ecs::hierarchy::ChildOf>, bevy_ecs::query::filter::Without<bevy_ecs::hierarchy::Children>)>>::for_each_init<<bevy_ecs::query::par_iter::QueryParIter<(&bevy_transform::components::transform::Transform, &mut bevy_transform::components::global_transform::GlobalTransform), (bevy_ecs::query::filter::Or<(bevy_ecs::query::filter::Changed<bevy_transform::components::transform::Transform>, bevy_ecs::query::filter::Added<bevy_transform::components::global_transform::GlobalTransform>)>, bevy_ecs::query::filter::Without<bevy_ecs::hierarchy::ChildOf>, bevy_ecs::query::filter::Without<bevy_ecs::hierarchy::Children>)>>::for_each<bevy_transform::systems::sync_simple_transforms::{closure#0}>::{closure#1}, <bevy_ecs::query::par_iter::QueryParIter<(&bevy_transform::components::transform::Transform, &mut bevy_transform::components::global_transform::GlobalTransform), (bevy_ecs::query::filter::Or<(bevy_ecs::query::filter::Changed<bevy_transform::components::transform::Transform>, bevy_ecs::query::filter::Added<bevy_transform::components::global_transform::GlobalTransform>)>, bevy_ecs::query::filter::Without<bevy_ecs::hierarchy::ChildOf>, bevy_ecs::query::filter::Without<bevy_ecs::hierarchy::Children>)>>::for_each<bevy_transform::systems::sync_simple_transforms::{closure#0}>::{closure#0}, ()>::{closure#0}>",/home/cristian/repos/propios/ProyectoOpenTtd/openttdrs/target/performance/render-residual-cpu-20261002/active/client
active,83,6,30.15075,0.28422548555187116,671793;671794;671796;671797,openttdrs_client::render::vehicles::vehicle_livery_colours_for_state,/home/cristian/repos/propios/ProyectoOpenTtd/openttdrs/target/performance/render-residual-cpu-20261002/active/client
active,84,6,30.15075,0.28422548555187116,671792;671794;671797;671803;671818,__rustc::__rust_no_alloc_shim_is_unstable_v2,/home/cristian/repos/propios/ProyectoOpenTtd/openttdrs/target/performance/render-residual-cpu-20261002/active/client
active,85,6,30.15075,0.28422548555187116,671792;671795;671796;671797,"<hashbrown::map::HashMap<u32, (), ahash::random_state::RandomState>>::insert",/home/cristian/repos/propios/ProyectoOpenTtd/openttdrs/target/performance/render-residual-cpu-20261002/active/client
active,86,6,30.15075,0.28422548555187116,671795;671796;671797,"<alloc::collections::vec_deque::VecDeque<openttdrs_core::map::types::TileCoord> as alloc::collections::vec_deque::spec_extend::SpecExtend<openttdrs_core::map::types::TileCoord, core::iter::adapters::cloned::Cloned<alloc::collections::vec_deque::iter::Iter<openttdrs_core::map::types::TileCoord>>>>::spec_extend",/home/cristian/repos/propios/ProyectoOpenTtd/openttdrs/target/performance/render-residual-cpu-20261002/active/client
active,87,6,30.15075,0.28422548555187116,671792;671797;671803,_int_realloc,/usr/lib/x86_64-linux-gnu/libc.so.6
active,88,5,25.125625,0.23685457129322596,671792;671794;671797,openttdrs_core::pathfinder::water::find_ship_path_with_origins,/home/cristian/repos/propios/ProyectoOpenTtd/openttdrs/target/performance/render-residual-cpu-20261002/active/client
active,89,5,25.125625,0.23685457129322596,671792;671793;671794;671796;671797,bevy_sprite_render::render::queue_sprites,/home/cristian/repos/propios/ProyectoOpenTtd/openttdrs/target/performance/render-residual-cpu-20261002/active/client
active,90,5,25.125625,0.23685457129322596,671792;671793;671796;671818,"core::slice::sort::unstable::quicksort::quicksort::<(core::option::Option<usize>, openttdrs_client::render::viewport_sort::ParentSprite, core::option::Option<f32>, u64, u8, i64, u64), <[(core::option::Option<usize>, openttdrs_client::render::viewport_sort::ParentSprite, core::option::Option<f32>, u64, u8, i64, u64)]>::sort_unstable_by_key<(u64, u8, i64, u64), openttdrs_client::render::house_viewport_sort::segment_proxy_depths_for_band::{closure#1}>::{closure#0}>",/home/cristian/repos/propios/ProyectoOpenTtd/openttdrs/target/performance/render-residual-cpu-20261002/active/client
active,91,5,25.125625,0.23685457129322596,671793;671794;671795,<openttdrs_core::cargo_packet::types::StationCargoList>::stock_for_next_stations,/home/cristian/repos/propios/ProyectoOpenTtd/openttdrs/target/performance/render-residual-cpu-20261002/active/client
active,92,5,25.125625,0.23685457129322596,671792;671793;671797;671818,"<alloc::collections::btree::map::BTreeMap<(i64, usize), alloc::collections::btree::set_val::SetValZST>>::remove::<(i64, usize)>",/home/cristian/repos/propios/ProyectoOpenTtd/openttdrs/target/performance/render-residual-cpu-20261002/active/client
active,93,5,25.125625,0.23685457129322596,671792;671794;671795;671797,openttdrs_core::station::coverage::station_coverage_at,/home/cristian/repos/propios/ProyectoOpenTtd/openttdrs/target/performance/render-residual-cpu-20261002/active/client
active,94,5,25.125625,0.23685457129322596,671785,<bevy_ecs::event::trigger::EntityComponentsTrigger>::trigger_internal,/home/cristian/repos/propios/ProyectoOpenTtd/openttdrs/target/performance/render-residual-cpu-20261002/active/client
active,95,5,25.125625,0.23685457129322596,671793;671794;671795;671796,<bevy_ecs::system::query::Query<bevy_ui::focus::NodeQuery>>::get_inner,/home/cristian/repos/propios/ProyectoOpenTtd/openttdrs/target/performance/render-residual-cpu-20261002/active/client
active,96,5,25.125625,0.23685457129322596,671792;671794;671795;671796;671797,"<indexmap::inner::Core<(bevy_ecs::entity::Entity, bevy_render::sync_world::MainEntity), bevy_core_pipeline::core_2d::Transparent2d>>::insert_full",/home/cristian/repos/propios/ProyectoOpenTtd/openttdrs/target/performance/render-residual-cpu-20261002/active/client
active,97,5,25.125625,0.23685457129322596,671794;671796;671818,<core::panic::unwind_safe::AssertUnwindSafe<bevy_transform::systems::mark_dirty_trees::{closure#0}::{closure#1}> as core::future::future::Future>::poll,/home/cristian/repos/propios/ProyectoOpenTtd/openttdrs/target/performance/render-residual-cpu-20261002/active/client
active,98,5,25.125625,0.23685457129322596,671792;671794;671796;671797,bevy_ui::layout::ui_layout_system::update_children_recursively,/home/cristian/repos/propios/ProyectoOpenTtd/openttdrs/target/performance/render-residual-cpu-20261002/active/client
active,99,5,25.125625,0.23685457129322596,671792;671793;671797,"<core::iter::adapters::map::Map<core::iter::adapters::filter::Filter<core::iter::adapters::filter::Filter<core::iter::adapters::map::Map<core::iter::adapters::enumerate::Enumerate<taffy::tree::taffy_tree::TaffyTreeChildIter>, taffy::compute::flexbox::generate_anonymous_flex_items<taffy::tree::taffy_tree::TaffyView<bevy_ui::measurement::NodeMeasure, <bevy_ui::layout::ui_surface::UiSurface>::compute_layout::{closure#0}>>::{closure#0}>, taffy::compute::flexbox::generate_anonymous_flex_items<taffy::tree::taffy_tree::TaffyView<bevy_ui::measurement::NodeMeasure, <bevy_ui::layout::ui_surface::UiSurface>::compute_layout::{closure#0}>>::{closure#1}>, taffy::compute::flexbox::generate_anonymous_flex_items<taffy::tree::taffy_tree::TaffyView<bevy_ui::measurement::NodeMeasure, <bevy_ui::layout::ui_surface::UiSurface>::compute_layout::{closure#0}>>::{closure#2}>, taffy::compute::flexbox::generate_anonymous_flex_items<taffy::tree::taffy_tree::TaffyView<bevy_ui::measurement::NodeMeasure, <bevy_ui::layout::ui_surface::UiSurface>::compute_layout::{closure#0}>>::{closure#3}> as core::iter::traits::iterator::Iterator>::next",/home/cristian/repos/propios/ProyectoOpenTtd/openttdrs/target/performance/render-residual-cpu-20261002/active/client
active,100,5,25.125625,0.23685457129322596,671792;671794;671795;671796;671797,"<&mut bevy_sprite_render::mesh2d::material::specialize_material2d_meshes<bevy_sprite_render::sprite_mesh::sprite_material::SpriteMaterial> as core::ops::function::FnMut<(bevy_ecs::change_detection::params::Res<bevy_sprite_render::mesh2d::material::Material2dPipeline<bevy_sprite_render::sprite_mesh::sprite_material::SpriteMaterial>>, bevy_ecs::change_detection::params::ResMut<bevy_render::render_resource::pipeline_specializer::SpecializedMeshPipelines<bevy_sprite_render::mesh2d::material::Material2dPipeline<bevy_sprite_render::sprite_mesh::sprite_material::SpriteMaterial>>>, bevy_ecs::change_detection::params::Res<bevy_render::render_resource::pipeline_cache::PipelineCache>, (bevy_ecs::change_detection::params::Res<bevy_render::render_asset::RenderAssets<bevy_render::mesh::RenderMesh>>, bevy_ecs::change_detection::params::Res<bevy_render::render_asset::RenderAssets<bevy_sprite_render::mesh2d::material::PreparedMaterial2d<bevy_sprite_render::sprite_mesh::sprite_material::SpriteMaterial>>>), bevy_ecs::change_detection::params::ResMut<bevy_sprite_render::mesh2d::mesh::RenderMesh2dInstances>, bevy_ecs::change_detection::params::Res<bevy_sprite_render::mesh2d::material::RenderMaterial2dInstances<bevy_sprite_render::sprite_mesh::sprite_material::SpriteMaterial>>, bevy_ecs::change_detection::params::Res<bevy_render::render_phase::ViewSortedRenderPhases<bevy_core_pipeline::core_2d::Transparent2d>>, bevy_ecs::change_detection::params::Res<bevy_render::render_phase::ViewBinnedRenderPhases<bevy_core_pipeline::core_2d::Opaque2d>>, bevy_ecs::change_detection::params::Res<bevy_render::render_phase::ViewBinnedRenderPhases<bevy_core_pipeline::core_2d::AlphaMask2d>>, bevy_ecs::system::query::Query<(&bevy_render::sync_world::MainEntity, &bevy_render::view::ExtractedView, &bevy_render::view::visibility::RenderVisibleEntities)>, bevy_ecs::change_detection::params::Res<bevy_sprite_render::mesh2d::mesh::ViewKeyCache>, bevy_ecs::change_detection::params::Res<bevy_render::camera::DirtySpecializations>, bevy_ecs::change_detection::params::ResMut<bevy_sprite_render::mesh2d::material::PendingMeshMaterial2dQueues>, bevy_ecs::change_detection::params::ResMut<bevy_sprite_render::mesh2d::material::SpecializedMaterial2dPipelineCache<bevy_sprite_render::sprite_mesh::sprite_material::SpriteMaterial>>)>>::call_mut",/home/cristian/repos/propios/ProyectoOpenTtd/openttdrs/target/performance/render-residual-cpu-20261002/active/client
active,101,5,25.125625,0.23685457129322596,671785;671793;671794;671795;671818,<fixedbitset::FixedBitSet>::is_disjoint,/home/cristian/repos/propios/ProyectoOpenTtd/openttdrs/target/performance/render-residual-cpu-20261002/active/client
active,102,5,25.125625,0.23685457129322596,671792;671793;671794;671796;671797,"<taffy::tree::taffy_tree::TaffyView<bevy_ui::measurement::NodeMeasure, <bevy_ui::layout::ui_surface::UiSurface>::compute_layout::{closure#0}> as taffy::tree::traits::CacheTree>::cache_get",/home/cristian/repos/propios/ProyectoOpenTtd/openttdrs/target/performance/render-residual-cpu-20261002/active/client
active,103,5,25.125625,0.23685457129322596,671792;671794;671796,<openttdrs_core::fleet_index::TerminalSpatialIndex>::station_footprint,/home/cristian/repos/propios/ProyectoOpenTtd/openttdrs/target/performance/render-residual-cpu-20261002/active/client
active,104,5,25.125625,0.23685457129322596,671785;671796;671797;671803,realloc,/usr/lib/x86_64-linux-gnu/libc.so.6
active,105,5,25.125625,0.23685457129322596,671793;671794;671796,"<&mut openttdrs_core::industry::covering_output_station_indices::{closure#0} as core::ops::function::FnMut<(&(usize, &openttdrs_core::station::model::Station),)>>::call_mut",/home/cristian/repos/propios/ProyectoOpenTtd/openttdrs/target/performance/render-residual-cpu-20261002/active/client
active,106,4,20.1005,0.18948365703458075,671793;671794;671796;671797,"<&mut bevy_render::batching::no_gpu_preprocessing::batch_and_prepare_binned_render_phase<bevy_core_pipeline::core_2d::AlphaMask2d, bevy_sprite_render::mesh2d::mesh::Mesh2dPipeline> as core::ops::function::FnMut<(bevy_ecs::change_detection::params::ResMut<bevy_render::batching::no_gpu_preprocessing::BatchedInstanceBuffer<bevy_sprite_render::mesh2d::mesh::Mesh2dUniform>>, bevy_ecs::change_detection::params::ResMut<bevy_render::render_phase::ViewBinnedRenderPhases<bevy_core_pipeline::core_2d::AlphaMask2d>>, bevy_ecs::system::system_param::StaticSystemParam<(bevy_ecs::change_detection::params::Res<bevy_sprite_render::mesh2d::mesh::RenderMesh2dInstances>, bevy_ecs::change_detection::params::Res<bevy_render::render_asset::RenderAssets<bevy_render::mesh::RenderMesh>>, bevy_ecs::change_detection::params::Res<bevy_render::mesh::allocator::MeshAllocator>)>)>>::call_mut",/home/cristian/repos/propios/ProyectoOpenTtd/openttdrs/target/performance/render-residual-cpu-20261002/active/client
active,107,4,20.1005,0.18948365703458075,671794;671797,<alloc::collections::binary_heap::BinaryHeap<openttdrs_core::pathfinder::astar::AstarNode>>::pop,/home/cristian/repos/propios/ProyectoOpenTtd/openttdrs/target/performance/render-residual-cpu-20261002/active/client
active,108,4,20.1005,0.18948365703458075,671792;671796;671797,"<bevy_ecs::query::iter::QueryIter<(&bevy_sprite::sprite_mesh::SpriteMesh, &mut bevy_camera::primitives::Aabb, &bevy_sprite::sprite::Anchor), (bevy_ecs::query::filter::Or<(bevy_ecs::query::filter::Changed<bevy_sprite::sprite_mesh::SpriteMesh>, bevy_ecs::query::filter::Changed<bevy_sprite::sprite::Anchor>)>, bevy_ecs::query::filter::Without<bevy_camera::visibility::NoFrustumCulling>, bevy_ecs::query::filter::Without<bevy_camera::visibility::NoAutoAabb>)>>::fold_over_storage_range::<(), <bevy_ecs::query::par_iter::QueryParIter<(&bevy_sprite::sprite_mesh::SpriteMesh, &mut bevy_camera::primitives::Aabb, &bevy_sprite::sprite::Anchor), (bevy_ecs::query::filter::Or<(bevy_ecs::query::filter::Changed<bevy_sprite::sprite_mesh::SpriteMesh>, bevy_ecs::query::filter::Changed<bevy_sprite::sprite::Anchor>)>, bevy_ecs::query::filter::Without<bevy_camera::visibility::NoFrustumCulling>, bevy_ecs::query::filter::Without<bevy_camera::visibility::NoAutoAabb>)>>::for_each_init<<bevy_ecs::query::par_iter::QueryParIter<(&bevy_sprite::sprite_mesh::SpriteMesh, &mut bevy_camera::primitives::Aabb, &bevy_sprite::sprite::Anchor), (bevy_ecs::query::filter::Or<(bevy_ecs::query::filter::Changed<bevy_sprite::sprite_mesh::SpriteMesh>, bevy_ecs::query::filter::Changed<bevy_sprite::sprite::Anchor>)>, bevy_ecs::query::filter::Without<bevy_camera::visibility::NoFrustumCulling>, bevy_ecs::query::filter::Without<bevy_camera::visibility::NoAutoAabb>)>>::for_each<bevy_sprite::calculate_bounds_2d_sprite_mesh::{closure#2}>::{closure#1}, <bevy_ecs::query::par_iter::QueryParIter<(&bevy_sprite::sprite_mesh::SpriteMesh, &mut bevy_camera::primitives::Aabb, &bevy_sprite::sprite::Anchor), (bevy_ecs::query::filter::Or<(bevy_ecs::query::filter::Changed<bevy_sprite::sprite_mesh::SpriteMesh>, bevy_ecs::query::filter::Changed<bevy_sprite::sprite::Anchor>)>, bevy_ecs::query::filter::Without<bevy_camera::visibility::NoFrustumCulling>, bevy_ecs::query::filter::Without<bevy_camera::visibility::NoAutoAabb>)>>::for_each<bevy_sprite::calculate_bounds_2d_sprite_mesh::{closure#2}>::{closure#0}, ()>::{closure#0}>",/home/cristian/repos/propios/ProyectoOpenTtd/openttdrs/target/performance/render-residual-cpu-20261002/active/client
active,109,4,20.1005,0.18948365703458075,671792;671794,"<alloc::vec::Vec<&openttdrs_core::vehicle::model::Vehicle> as alloc::vec::spec_from_iter_nested::SpecFromIterNested<&openttdrs_core::vehicle::model::Vehicle, core::iter::adapters::filter::Filter<core::slice::iter::Iter<openttdrs_core::vehicle::model::Vehicle>, openttdrs_core::rail_signals::routing::train_blocked_by_traffic_indexed::{closure#1}>>>::from_iter",/home/cristian/repos/propios/ProyectoOpenTtd/openttdrs/target/performance/render-residual-cpu-20261002/active/client
active,110,4,20.1005,0.18948365703458075,671792;671794;671795,<openttdrs_core::fleet_index::FleetIndex>::index_chain,/home/cristian/repos/propios/ProyectoOpenTtd/openttdrs/target/performance/render-residual-cpu-20261002/active/client
active,111,4,20.1005,0.18948365703458075,671794;671795;671797,openttdrs_client::render::vehicles::sync::update_vehicles,/home/cristian/repos/propios/ProyectoOpenTtd/openttdrs/target/performance/render-residual-cpu-20261002/active/client
active,112,4,20.1005,0.18948365703458075,671792;671794;671796;671797,openttdrs_core::pathfinder::network::effective_road_bits,/home/cristian/repos/propios/ProyectoOpenTtd/openttdrs/target/performance/render-residual-cpu-20261002/active/client
active,113,4,20.1005,0.18948365703458075,671794;671797;671818,"<core::iter::adapters::map::Map<bevy_ecs::query::iter::QueryIter<bevy_ecs::entity::Entity, (bevy_ecs::query::filter::With<openttdrs_client::render::rail_glass_compositor::RailGlassMaskProxy>, bevy_ecs::query::filter::Or<(bevy_ecs::query::filter::Changed<bevy_sprite::sprite_mesh::SpriteMesh>, bevy_ecs::query::filter::Changed<bevy_sprite::sprite::Anchor>, bevy_ecs::query::filter::Changed<bevy_transform::components::transform::Transform>, bevy_ecs::query::filter::Changed<bevy_camera::visibility::Visibility>, bevy_ecs::query::filter::Changed<openttdrs_client::render::components::MapTileChunk>)>)>, <hashbrown::set::HashSet<bevy_ecs::entity::Entity, bevy_ecs::entity::hash::EntityHash> as core::iter::traits::collect::Extend<bevy_ecs::entity::Entity>>::extend<bevy_ecs::query::iter::QueryIter<bevy_ecs::entity::Entity, (bevy_ecs::query::filter::With<openttdrs_client::render::rail_glass_compositor::RailGlassMaskProxy>, bevy_ecs::query::filter::Or<(bevy_ecs::query::filter::Changed<bevy_sprite::sprite_mesh::SpriteMesh>, bevy_ecs::query::filter::Changed<bevy_sprite::sprite::Anchor>, bevy_ecs::query::filter::Changed<bevy_transform::components::transform::Transform>, bevy_ecs::query::filter::Changed<bevy_camera::visibility::Visibility>, bevy_ecs::query::filter::Changed<openttdrs_client::render::components::MapTileChunk>)>)>>::{closure#0}> as core::iter::traits::iterator::Iterator>::fold::<(), core::iter::traits::iterator::Iterator::for_each::call<(bevy_ecs::entity::Entity, ()), <hashbrown::map::HashMap<bevy_ecs::entity::Entity, (), bevy_ecs::entity::hash::EntityHash> as core::iter::traits::collect::Extend<(bevy_ecs::entity::Entity, ())>>::extend<core::iter::adapters::map::Map<bevy_ecs::query::iter::QueryIter<bevy_ecs::entity::Entity, (bevy_ecs::query::filter::With<openttdrs_client::render::rail_glass_compositor::RailGlassMaskProxy>, bevy_ecs::query::filter::Or<(bevy_ecs::query::filter::Changed<bevy_sprite::sprite_mesh::SpriteMesh>, bevy_ecs::query::filter::Changed<bevy_sprite::sprite::Anchor>, bevy_ecs::query::filter::Changed<bevy_transform::components::transform::Transform>, bevy_ecs::query::filter::Changed<bevy_camera::visibility::Visibility>, bevy_ecs::query::filter::Changed<openttdrs_client::render::components::MapTileChunk>)>)>, <hashbrown::set::HashSet<bevy_ecs::entity::Entity, bevy_ecs::entity::hash::EntityHash> as core::iter::traits::collect::Extend<bevy_ecs::entity::Entity>>::extend<bevy_ecs::query::iter::QueryIter<bevy_ecs::entity::Entity, (bevy_ecs::query::filter::With<openttdrs_client::render::rail_glass_compositor::RailGlassMaskProxy>, bevy_ecs::query::filter::Or<(bevy_ecs::query::filter::Changed<bevy_sprite::sprite_mesh::SpriteMesh>, bevy_ecs::query::filter::Changed<bevy_sprite::sprite::Anchor>, bevy_ecs::query::filter::Changed<bevy_transform::components::transform::Transform>, bevy_ecs::query::filter::Changed<bevy_camera::visibility::Visibility>, bevy_ecs::query::filter::Changed<openttdrs_client::render::components::MapTileChunk>)>)>>::{closure#0}>>::{closure#0}>::{closure#0}>",/home/cristian/repos/propios/ProyectoOpenTtd/openttdrs/target/performance/render-residual-cpu-20261002/active/client
active,114,4,20.1005,0.18948365703458075,671792;671793;671796,openttdrs_core::sim_step::economy::apply_vehicle_running_costs,/home/cristian/repos/propios/ProyectoOpenTtd/openttdrs/target/performance/render-residual-cpu-20261002/active/client
active,115,4,20.1005,0.18948365703458075,671794;671795;671796,"<hashbrown::map::HashMap<bevy_ecs::entity::Entity, openttdrs_client::render::rail_glass_compositor::CachedMaskProxy, bevy_ecs::entity::hash::EntityHash>>::insert",/home/cristian/repos/propios/ProyectoOpenTtd/openttdrs/target/performance/render-residual-cpu-20261002/active/client
active,116,4,20.1005,0.18948365703458075,671785,<bevy_ecs::storage::table::Table>::allocate,/home/cristian/repos/propios/ProyectoOpenTtd/openttdrs/target/performance/render-residual-cpu-20261002/active/client
active,117,4,20.1005,0.18948365703458075,671792;671793;671794;671818,openttdrs_client::iso::slope::height_for_slope_corner_sample,/home/cristian/repos/propios/ProyectoOpenTtd/openttdrs/target/performance/render-residual-cpu-20261002/active/client
active,118,4,20.1005,0.18948365703458075,671794;671795;671796;671818,"<async_task::raw::RawTask<async_executor::AsyncCallOnDrop<futures_lite::future::CatchUnwind<core::panic::unwind_safe::AssertUnwindSafe<<bevy_ecs::schedule::executor::multi_threaded::ExecutorState>::spawn_system_task::{closure#0}>>, <async_executor::Executor>::spawn_inner<core::result::Result<(), alloc::boxed::Box<dyn core::any::Any + core::marker::Send>>, futures_lite::future::CatchUnwind<core::panic::unwind_safe::AssertUnwindSafe<<bevy_ecs::schedule::executor::multi_threaded::ExecutorState>::spawn_system_task::{closure#0}>>>::{closure#0}>, core::result::Result<(), alloc::boxed::Box<dyn core::any::Any + core::marker::Send>>, <async_executor::Executor>::schedule::{closure#0}, ()>>::run",/home/cristian/repos/propios/ProyectoOpenTtd/openttdrs/target/performance/render-residual-cpu-20261002/active/client
active,119,4,20.1005,0.18948365703458075,671792;671793;671795,<wgpu::backend::wgpu_core::CoreRenderPass as wgpu::dispatch::RenderPassInterface>::set_bind_group,/home/cristian/repos/propios/ProyectoOpenTtd/openttdrs/target/performance/render-residual-cpu-20261002/active/client
active,120,4,20.1005,0.18948365703458075,671793;671795;671796;671818,"<bevy_ecs::query::iter::QueryIter<(&bevy_sprite::sprite::Sprite, &mut bevy_camera::primitives::Aabb, &bevy_sprite::sprite::Anchor), (bevy_ecs::query::filter::Or<(bevy_ecs::query::filter::Changed<bevy_sprite::sprite::Sprite>, bevy_ecs::query::filter::Changed<bevy_sprite::sprite::Anchor>)>, bevy_ecs::query::filter::Without<bevy_camera::visibility::NoFrustumCulling>, bevy_ecs::query::filter::Without<bevy_camera::visibility::NoAutoAabb>, bevy_ecs::query::filter::Without<bevy_mesh::components::Mesh2d>)>>::fold_over_storage_range::<(), <bevy_ecs::query::par_iter::QueryParIter<(&bevy_sprite::sprite::Sprite, &mut bevy_camera::primitives::Aabb, &bevy_sprite::sprite::Anchor), (bevy_ecs::query::filter::Or<(bevy_ecs::query::filter::Changed<bevy_sprite::sprite::Sprite>, bevy_ecs::query::filter::Changed<bevy_sprite::sprite::Anchor>)>, bevy_ecs::query::filter::Without<bevy_camera::visibility::NoFrustumCulling>, bevy_ecs::query::filter::Without<bevy_camera::visibility::NoAutoAabb>, bevy_ecs::query::filter::Without<bevy_mesh::components::Mesh2d>)>>::for_each_init<<bevy_ecs::query::par_iter::QueryParIter<(&bevy_sprite::sprite::Sprite, &mut bevy_camera::primitives::Aabb, &bevy_sprite::sprite::Anchor), (bevy_ecs::query::filter::Or<(bevy_ecs::query::filter::Changed<bevy_sprite::sprite::Sprite>, bevy_ecs::query::filter::Changed<bevy_sprite::sprite::Anchor>)>, bevy_ecs::query::filter::Without<bevy_camera::visibility::NoFrustumCulling>, bevy_ecs::query::filter::Without<bevy_camera::visibility::NoAutoAabb>, bevy_ecs::query::filter::Without<bevy_mesh::components::Mesh2d>)>>::for_each<bevy_sprite::calculate_bounds_2d::{closure#3}>::{closure#1}, <bevy_ecs::query::par_iter::QueryParIter<(&bevy_sprite::sprite::Sprite, &mut bevy_camera::primitives::Aabb, &bevy_sprite::sprite::Anchor), (bevy_ecs::query::filter::Or<(bevy_ecs::query::filter::Changed<bevy_sprite::sprite::Sprite>, bevy_ecs::query::filter::Changed<bevy_sprite::sprite::Anchor>)>, bevy_ecs::query::filter::Without<bevy_camera::visibility::NoFrustumCulling>, bevy_ecs::query::filter::Without<bevy_camera::visibility::NoAutoAabb>, bevy_ecs::query::filter::Without<bevy_mesh::components::Mesh2d>)>>::for_each<bevy_sprite::calculate_bounds_2d::{closure#3}>::{closure#0}, ()>::{closure#0}>",/home/cristian/repos/propios/ProyectoOpenTtd/openttdrs/target/performance/render-residual-cpu-20261002/active/client
active,121,4,20.1005,0.18948365703458075,671818,<bevy_ecs::world::World>::spawn_at_with_caller::<bevy_render::sync_world::TemporaryRenderEntity>,/home/cristian/repos/propios/ProyectoOpenTtd/openttdrs/target/performance/render-residual-cpu-20261002/active/client
active,122,4,20.1005,0.18948365703458075,671793;671795;671796,<bevy_color::linear_rgba::LinearRgba as core::convert::From<bevy_color::color::Color>>::from,/home/cristian/repos/propios/ProyectoOpenTtd/openttdrs/target/performance/render-residual-cpu-20261002/active/client
active,123,4,20.1005,0.18948365703458075,671793;671794,openttdrs_core::road_movement::traffic::road_veh_find_close_to_indexed,/home/cristian/repos/propios/ProyectoOpenTtd/openttdrs/target/performance/render-residual-cpu-20261002/active/client
active,124,4,20.1005,0.18948365703458075,671793;671794;671818,openttdrs_core::newgrf_callback::engine_for_vehicle_catalog,/home/cristian/repos/propios/ProyectoOpenTtd/openttdrs/target/performance/render-residual-cpu-20261002/active/client
active,125,4,20.1005,0.18948365703458075,671792;671793;671794;671795,openttdrs_core::engine::query::engine_in_catalog,/home/cristian/repos/propios/ProyectoOpenTtd/openttdrs/target/performance/render-residual-cpu-20261002/active/client
active,126,4,20.1005,0.18948365703458075,671803,"<alloc::vec::Vec<u16> as alloc::vec::spec_from_iter_nested::SpecFromIterNested<u16, core::iter::adapters::take_while::TakeWhile<core::iter::adapters::filter_map::FilterMap<core::iter::adapters::filter::Filter<core::iter::adapters::flatten::FlatMap<core::option::IntoIter<&openttdrs_core::cargodist::parity::flow_stat::FlowStat>, alloc::collections::btree::map::Values<u32, u32>, <openttdrs_core::cargodist::parity::mcf::MultiCommodityFlow>::destinations::{closure#0}>, <openttdrs_core::cargodist::parity::mcf::MultiCommodityFlow>::destinations::{closure#1}>, <openttdrs_core::cargodist::parity::mcf::MultiCommodityFlow>::destinations::{closure#2}>, <openttdrs_core::cargodist::parity::mcf::MultiCommodityFlow>::destinations::{closure#3}>>>::from_iter",/home/cristian/repos/propios/ProyectoOpenTtd/openttdrs/target/performance/render-residual-cpu-20261002/active/client
active,127,3,15.075375,0.14211274277593558,671793;671794;671795,openttdrs_core::train_consist::metrics::consist_occupied_tiles_indexed,/home/cristian/repos/propios/ProyectoOpenTtd/openttdrs/target/performance/render-residual-cpu-20261002/active/client
active,128,3,15.075375,0.14211274277593558,671792;671795;671818,roundf,/home/cristian/repos/propios/ProyectoOpenTtd/openttdrs/target/performance/render-residual-cpu-20261002/active/client
active,129,3,15.075375,0.14211274277593558,671793;671794;671796,<openttdrs_core::fleet_index::FleetIndex>::rebuild,/home/cristian/repos/propios/ProyectoOpenTtd/openttdrs/target/performance/render-residual-cpu-20261002/active/client
active,130,3,15.075375,0.14211274277593558,671785,<<<bevy_ecs::system::commands::entity_command::insert<bevy_camera::primitives::Aabb>::{closure#0} as bevy_ecs::system::commands::entity_command::EntityCommand>::with_entity::{closure#0} as bevy_ecs::system::commands::command::Command>::ignore_error::{closure#0} as bevy_ecs::system::commands::command::Command>::apply,/home/cristian/repos/propios/ProyectoOpenTtd/openttdrs/target/performance/render-residual-cpu-20261002/active/client
active,131,3,15.075375,0.14211274277593558,671797,openttdrs_core::sim_step::movement::move_vehicles,/home/cristian/repos/propios/ProyectoOpenTtd/openttdrs/target/performance/render-residual-cpu-20261002/active/client
active,132,3,15.075375,0.14211274277593558,671796;671797,<std::hash::random::RandomState as core::hash::BuildHasher>::hash_one::<&openttdrs_core::map::types::TileCoord>,/home/cristian/repos/propios/ProyectoOpenTtd/openttdrs/target/performance/render-residual-cpu-20261002/active/client
active,133,3,15.075375,0.14211274277593558,671794;671797,openttdrs_core::pathfinder::network::is_network_tile,/home/cristian/repos/propios/ProyectoOpenTtd/openttdrs/target/performance/render-residual-cpu-20261002/active/client
active,134,3,15.075375,0.14211274277593558,671792;671793;671818,"<&mut bevy_ui::stack::ui_stack_system as core::ops::function::FnMut<(bevy_ecs::system::system_param::Local<bevy_ui::stack::ChildBufferCache>, bevy_ecs::system::system_param::Local<alloc::vec::Vec<(bevy_ecs::entity::Entity, (i32, i32))>>, bevy_ecs::system::system_param::Local<bevy_ecs::entity::hash_set::EntityHashSet>, bevy_ecs::change_detection::params::ResMut<bevy_ui::stack::UiStack>, bevy_ecs::system::query::Query<bevy_ecs::entity::Entity, (bevy_ecs::query::filter::With<bevy_ui::ui_node::Node>, bevy_ecs::query::filter::Without<bevy_ecs::hierarchy::ChildOf>)>, bevy_ecs::system::query::Query<(bevy_ecs::entity::Entity, core::option::Option<&bevy_ui::ui_node::GlobalZIndex>, core::option::Option<&bevy_ui::ui_node::ZIndex>)>, bevy_ecs::system::query::Query<(bevy_ecs::entity::Entity, &bevy_ui::ui_node::GlobalZIndex, core::option::Option<&bevy_ui::ui_node::ZIndex>), bevy_ecs::query::filter::With<bevy_ui::stack::ComputedStackIndex>>, bevy_ui::experimental::ghost_hierarchy::UiChildren, bevy_ecs::system::query::Query<core::option::Option<&bevy_ui::ui_node::ZIndex>, (bevy_ecs::query::filter::With<bevy_ui::stack::ComputedStackIndex>, bevy_ecs::query::filter::Without<bevy_ui::ui_node::GlobalZIndex>)>, bevy_ecs::system::query::Query<&mut bevy_ui::stack::ComputedStackIndex>)>>::call_mut",/home/cristian/repos/propios/ProyectoOpenTtd/openttdrs/target/performance/render-residual-cpu-20261002/active/client
active,135,3,15.075375,0.14211274277593558,671796;671797,"taffy::compute::flexbox::calculate_flex_item::<taffy::tree::taffy_tree::TaffyView<bevy_ui::measurement::NodeMeasure, <bevy_ui::layout::ui_surface::UiSurface>::compute_layout::{closure#0}>>",/home/cristian/repos/propios/ProyectoOpenTtd/openttdrs/target/performance/render-residual-cpu-20261002/active/client
active,136,3,15.075375,0.14211274277593558,671792;671794;671796,"core::slice::sort::unstable::quicksort::quicksort::<bevy_ecs::entity::Entity, <bevy_ecs::entity::Entity as core::cmp::PartialOrd>::lt>",/home/cristian/repos/propios/ProyectoOpenTtd/openttdrs/target/performance/render-residual-cpu-20261002/active/client
active,137,3,15.075375,0.14211274277593558,671793;671795;671818,"<taffy::geometry::Rect<taffy::style::dimension::LengthPercentage> as taffy::util::resolve::ResolveOrZero<core::option::Option<f32>, taffy::geometry::Rect<f32>>>::resolve_or_zero::<taffy::compute::flexbox::perform_absolute_layout_on_absolute_children<taffy::tree::taffy_tree::TaffyView<bevy_ui::measurement::NodeMeasure, <bevy_ui::layout::ui_surface::UiSurface>::compute_layout::{closure#0}>>::{closure#2}>",/home/cristian/repos/propios/ProyectoOpenTtd/openttdrs/target/performance/render-residual-cpu-20261002/active/client
active,138,3,15.075375,0.14211274277593558,671795;671797,"core::slice::sort::stable::drift::sort::<indexmap::Bucket<(bevy_ecs::entity::Entity, bevy_render::sync_world::MainEntity), bevy_core_pipeline::core_2d::Transparent2d>, <[indexmap::Bucket<(bevy_ecs::entity::Entity, bevy_render::sync_world::MainEntity), bevy_core_pipeline::core_2d::Transparent2d>]>::sort_by_key<bevy_math::float_ord::FloatOrd, <indexmap::map::IndexMap<(bevy_ecs::entity::Entity, bevy_render::sync_world::MainEntity), bevy_core_pipeline::core_2d::Transparent2d, bevy_ecs::entity::hash::EntityHash>>::sort_by_key<bevy_math::float_ord::FloatOrd, <bevy_core_pipeline::core_2d::Transparent2d as bevy_render::render_phase::SortedPhaseItem>::sort::{closure#0}>::{closure#0}::{closure#0}>::{closure#0}>",/home/cristian/repos/propios/ProyectoOpenTtd/openttdrs/target/performance/render-residual-cpu-20261002/active/client
active,139,3,15.075375,0.14211274277593558,671793;671794;671795,openttdrs_core::news::calendar::calendar_ymd_from_day_index,/home/cristian/repos/propios/ProyectoOpenTtd/openttdrs/target/performance/render-residual-cpu-20261002/active/client
active,140,3,15.075375,0.14211274277593558,671793;671794;671795,openttdrs_core::sim_step::phase_pbs_reservations_with_wait_retry,/home/cristian/repos/propios/ProyectoOpenTtd/openttdrs/target/performance/render-residual-cpu-20261002/active/client
active,141,3,15.075375,0.14211274277593558,671793;671796,"<hashbrown::map::HashMap<bevy_asset::id::AssetId<bevy_image::image::Image>, bevy_render::texture::gpu_image::GpuImage, bevy_platform::hash::FixedHasher>>::get::<bevy_asset::id::AssetId<bevy_image::image::Image>>",/home/cristian/repos/propios/ProyectoOpenTtd/openttdrs/target/performance/render-residual-cpu-20261002/active/client
active,142,3,15.075375,0.14211274277593558,671793;671794;671795,<bevy_ui::experimental::ghost_hierarchy::UiChildren>::iter_ui_children,/home/cristian/repos/propios/ProyectoOpenTtd/openttdrs/target/performance/render-residual-cpu-20261002/active/client
active,143,3,15.075375,0.14211274277593558,671792;671793;671796,<alloc::raw_vec::RawVecInner>::finish_grow,/home/cristian/repos/propios/ProyectoOpenTtd/openttdrs/target/performance/render-residual-cpu-20261002/active/client
active,144,3,15.075375,0.14211274277593558,671795;671797;671818,openttdrs_client::iso::slope::tile_slope_and_min_z,/home/cristian/repos/propios/ProyectoOpenTtd/openttdrs/target/performance/render-residual-cpu-20261002/active/client
active,145,3,15.075375,0.14211274277593558,671792;671793;671795,bevy_ui_render::prepare_uinodes,/home/cristian/repos/propios/ProyectoOpenTtd/openttdrs/target/performance/render-residual-cpu-20261002/active/client
active,146,3,15.075375,0.14211274277593558,671793;671796;671797,"<hashbrown::table::HashTable<usize>>::entry::<indexmap::inner::equivalent<(bevy_ecs::entity::Entity, bevy_render::sync_world::MainEntity), bevy_core_pipeline::core_2d::Transparent2d, (bevy_ecs::entity::Entity, bevy_render::sync_world::MainEntity)>::{closure#0}, indexmap::inner::get_hash<(bevy_ecs::entity::Entity, bevy_render::sync_world::MainEntity), bevy_core_pipeline::core_2d::Transparent2d>::{closure#0}>",/home/cristian/repos/propios/ProyectoOpenTtd/openttdrs/target/performance/render-residual-cpu-20261002/active/client
active,147,3,15.075375,0.14211274277593558,671785,"<<bevy_ecs::world::command_queue::RawCommandQueue>::push<<<bevy_ecs::system::commands::entity_command::despawn::{closure#0} as bevy_ecs::system::commands::entity_command::EntityCommand>::with_entity::{closure#0} as bevy_ecs::system::commands::command::Command>::handle_error_with::{closure#0}>::{closure#0} as core::ops::function::FnOnce<(bevy_ptr::OwningPtr<bevy_ptr::Unaligned>, core::option::Option<core::ptr::non_null::NonNull<bevy_ecs::world::World>>, &mut usize)>>::call_once",/home/cristian/repos/propios/ProyectoOpenTtd/openttdrs/target/performance/render-residual-cpu-20261002/active/client
active,148,3,15.075375,0.14211274277593558,671794;671797;671818,bevy_ui::widget::text::measure_text_system,/home/cristian/repos/propios/ProyectoOpenTtd/openttdrs/target/performance/render-residual-cpu-20261002/active/client
active,149,3,15.075375,0.14211274277593558,671818,wgpu_core::command::pass::set_bind_group::<wgpu_core::command::render::RenderPassErrorInner>,/home/cristian/repos/propios/ProyectoOpenTtd/openttdrs/target/performance/render-residual-cpu-20261002/active/client
active,150,3,15.075375,0.14211274277593558,671794;671795;671796,openttdrs_core::station::tile_encoding::dock_footprint_for_tile,/home/cristian/repos/propios/ProyectoOpenTtd/openttdrs/target/performance/render-residual-cpu-20261002/active/client
active,151,3,15.075375,0.14211274277593558,671793;671794;671818,"<alloc::collections::btree::node::NodeRef<alloc::collections::btree::node::marker::Immut, (i64, usize), alloc::collections::btree::set_val::SetValZST, alloc::collections::btree::node::marker::LeafOrInternal>>::find_leaf_edges_spanning_range::<(i64, usize), core::ops::range::RangeToInclusive<(i64, usize)>>",/home/cristian/repos/propios/ProyectoOpenTtd/openttdrs/target/performance/render-residual-cpu-20261002/active/client
active,152,3,15.075375,0.14211274277593558,671792;671794;671818,<bevy_image::texture_atlas::TextureAtlas>::texture_rect,/home/cristian/repos/propios/ProyectoOpenTtd/openttdrs/target/performance/render-residual-cpu-20261002/active/client
active,153,3,15.075375,0.14211274277593558,671792;671797,<bevy_camera::primitives::Frustum>::intersects_obb,/home/cristian/repos/propios/ProyectoOpenTtd/openttdrs/target/performance/render-residual-cpu-20261002/active/client
active,154,3,15.075375,0.14211274277593558,671792;671797;671818,<bevy_ui::ui_node::BorderRadius>::resolve,/home/cristian/repos/propios/ProyectoOpenTtd/openttdrs/target/performance/render-residual-cpu-20261002/active/client
active,155,3,15.075375,0.14211274277593558,671785,"<bevy_ecs::world::World>::resource_scope::<bevy_render::sync_world::PendingSyncEntity, (), bevy_render::sync_world::entity_sync_system::{closure#0}>",/home/cristian/repos/propios/ProyectoOpenTtd/openttdrs/target/performance/render-residual-cpu-20261002/active/client
active,156,3,15.075375,0.14211274277593558,671785,<bevy_ecs::storage::sparse_set::ComponentSparseSet>::insert,/home/cristian/repos/propios/ProyectoOpenTtd/openttdrs/target/performance/render-residual-cpu-20261002/active/client
active,157,3,15.075375,0.14211274277593558,671785,"<bevy_ecs::world::World>::spawn_at_with_caller::<(openttdrs_client::render::components::MapVisualLayer, openttdrs_client::render::components::MapTileChunk, bevy_sprite::sprite::Sprite, bevy_transform::components::transform::Transform)>",/home/cristian/repos/propios/ProyectoOpenTtd/openttdrs/target/performance/render-residual-cpu-20261002/active/client
active,158,3,15.075375,0.14211274277593558,671792;671818,"<&mut bevy_sprite_render::mesh2d::material::extract_mesh_materials_2d<bevy_sprite_render::sprite_mesh::sprite_material::SpriteMaterial> as core::ops::function::FnMut<(bevy_ecs::change_detection::params::ResMut<bevy_sprite_render::mesh2d::material::RenderMaterial2dInstances<bevy_sprite_render::sprite_mesh::sprite_material::SpriteMaterial>>, bevy_ecs::change_detection::params::ResMut<bevy_sprite_render::mesh2d::material::RenderMaterial2dIds>, bevy_render::extract_param::Extract<bevy_ecs::system::query::Query<(bevy_ecs::entity::Entity, &bevy_camera::visibility::ViewVisibility, &bevy_sprite_render::mesh2d::material::MeshMaterial2d<bevy_sprite_render::sprite_mesh::sprite_material::SpriteMaterial>), bevy_ecs::query::filter::Or<(bevy_ecs::query::filter::Changed<bevy_camera::visibility::ViewVisibility>, bevy_ecs::query::filter::Changed<bevy_sprite_render::mesh2d::material::MeshMaterial2d<bevy_sprite_render::sprite_mesh::sprite_material::SpriteMaterial>>)>>>, bevy_render::extract_param::Extract<bevy_ecs::lifecycle::RemovedComponents<bevy_sprite_render::mesh2d::material::MeshMaterial2d<bevy_sprite_render::sprite_mesh::sprite_material::SpriteMaterial>>>)>>::call_mut",/home/cristian/repos/propios/ProyectoOpenTtd/openttdrs/target/performance/render-residual-cpu-20261002/active/client
active,159,3,15.075375,0.14211274277593558,671793;671795;671796,"<hashbrown::map::HashMap<u32, u32, ahash::random_state::RandomState>>::insert",/home/cristian/repos/propios/ProyectoOpenTtd/openttdrs/target/performance/render-residual-cpu-20261002/active/client
active,160,3,15.075375,0.14211274277593558,671794;671797,"<hashbrown::raw::RawTable<(openttdrs_core::map::types::TileCoord, u32)>>::reserve_rehash::<hashbrown::map::make_hasher<openttdrs_core::map::types::TileCoord, u32, std::hash::random::RandomState>::{closure#0}>",/home/cristian/repos/propios/ProyectoOpenTtd/openttdrs/target/performance/render-residual-cpu-20261002/active/client
active,161,3,15.075375,0.14211274277593558,671793;671796;671818,"<&mut bevy_sprite_render::sprite_mesh::add_material as core::ops::function::FnMut<(bevy_ecs::system::query::Query<(bevy_ecs::entity::Entity, &bevy_sprite::sprite_mesh::SpriteMesh, &bevy_sprite::sprite::Anchor), bevy_ecs::query::filter::Or<(bevy_ecs::query::filter::Changed<bevy_sprite::sprite_mesh::SpriteMesh>, bevy_ecs::query::filter::Changed<bevy_sprite::sprite::Anchor>, bevy_ecs::query::filter::Added<bevy_mesh::components::Mesh2d>)>>, bevy_ecs::change_detection::params::Res<bevy_asset::assets::Assets<bevy_image::texture_atlas::TextureAtlasLayout>>, bevy_ecs::system::system_param::Local<bevy_platform::collections::hash_map::HashMap<(bevy_sprite::sprite_mesh::SpriteMesh, bevy_sprite::sprite::Anchor), bevy_asset::handle::Handle<bevy_sprite_render::sprite_mesh::sprite_material::SpriteMaterial>>>, bevy_ecs::change_detection::params::ResMut<bevy_asset::assets::Assets<bevy_sprite_render::sprite_mesh::sprite_material::SpriteMaterial>>, bevy_ecs::system::commands::Commands)>>::call_mut",/home/cristian/repos/propios/ProyectoOpenTtd/openttdrs/target/performance/render-residual-cpu-20261002/active/client
active,162,3,15.075375,0.14211274277593558,671792;671794,openttdrs_core::station::tile_encoding::dock_land_tile,/home/cristian/repos/propios/ProyectoOpenTtd/openttdrs/target/performance/render-residual-cpu-20261002/active/client
active,163,3,15.075375,0.14211274277593558,671792;671793;671797,<openttdrs_core::map::Map>::get,/home/cristian/repos/propios/ProyectoOpenTtd/openttdrs/target/performance/render-residual-cpu-20261002/active/client
active,164,3,15.075375,0.14211274277593558,671792;671794,openttdrs_core::train_consist::topology::consist_changed_impl,/home/cristian/repos/propios/ProyectoOpenTtd/openttdrs/target/performance/render-residual-cpu-20261002/active/client
active,165,3,15.075375,0.14211274277593558,671792;671796,"<hashbrown::map::HashMap<u32, alloc::vec::Vec<u32>, ahash::random_state::RandomState>>::insert",/home/cristian/repos/propios/ProyectoOpenTtd/openttdrs/target/performance/render-residual-cpu-20261002/active/client
active,166,3,15.075375,0.14211274277593558,671793;671794;671797,<openttdrs_core::pathfinder::yapf::PossibleTrackdirs as core::iter::traits::iterator::Iterator>::next,/home/cristian/repos/propios/ProyectoOpenTtd/openttdrs/target/performance/render-residual-cpu-20261002/active/client
active,167,3,15.075375,0.14211274277593558,671803,"<alloc::collections::btree::map::BTreeMap<u32, u32>>::insert",/home/cristian/repos/propios/ProyectoOpenTtd/openttdrs/target/performance/render-residual-cpu-20261002/active/client
active,168,3,15.075375,0.14211274277593558,671803,<openttdrs_core::cargodist::parity::flow_stat::FlowStatMap>::pass_on_flow,/home/cristian/repos/propios/ProyectoOpenTtd/openttdrs/target/performance/render-residual-cpu-20261002/active/client
active,169,2,10.05025,0.09474182851729038,671793;671818,<concurrent_queue::bounded::Bounded<bevy_ecs::schedule::executor::multi_threaded::SystemResult>>::pop,/home/cristian/repos/propios/ProyectoOpenTtd/openttdrs/target/performance/render-residual-cpu-20261002/active/client
active,170,2,10.05025,0.09474182851729038,671793;671794,openttdrs_client::render::house_viewport_sort::clip_sprite_to_band,/home/cristian/repos/propios/ProyectoOpenTtd/openttdrs/target/performance/render-residual-cpu-20261002/active/client
active,171,2,10.05025,0.09474182851729038,671785,<ab_glyph::outlined::OutlinedGlyph>::draw::<<sctk_adwaita::title::ab_glyph_renderer::AbGlyphTitleText>::render::{closure#0}>,/home/cristian/repos/propios/ProyectoOpenTtd/openttdrs/target/performance/render-residual-cpu-20261002/active/client
active,172,2,10.05025,0.09474182851729038,671792;671797,__memset_avx512_unaligned_erms,/usr/lib/x86_64-linux-gnu/libc.so.6
active,173,2,10.05025,0.09474182851729038,671785,"<bevy_ecs::world::World>::spawn_at_with_caller::<(openttdrs_client::render::components::MapVisualLayer, openttdrs_client::render::components::MapTileChunk, bevy_sprite::sprite::Sprite, bevy_transform::components::transform::Transform, openttdrs_client::render::house_viewport_sort::ViewportSortableParent)>",/home/cristian/repos/propios/ProyectoOpenTtd/openttdrs/target/performance/render-residual-cpu-20261002/active/client
active,174,2,10.05025,0.09474182851729038,671795;671796,"<&mut openttdrs_client::ui::toolbar::build_input::cursor::update_cursor_tile as core::ops::function::FnMut<(core::option::Option<bevy_ecs::change_detection::params::Res<openttdrs_client::ui::save_window::SaveWindowState>>, bevy_ecs::system::query::Query<&bevy_window::window::Window, bevy_ecs::query::filter::With<bevy_window::window::PrimaryWindow>>, bevy_ecs::system::query::Query<(&bevy_camera::camera::Camera, &bevy_transform::components::global_transform::GlobalTransform), (bevy_ecs::query::filter::With<openttdrs_client::render::components::PrimaryGameCamera>, bevy_ecs::query::filter::Without<openttdrs_client::render::components::MapPreviewCamera>)>, bevy_ecs::change_detection::params::Res<openttdrs_client::state::SimWorld>, bevy_ecs::change_detection::params::Res<openttdrs_client::ui::toolbar::UiToolState>, bevy_ecs::change_detection::params::Res<openttdrs_client::ui::toolbar::minimap::MinimapLayerState>, bevy_ecs::change_detection::params::ResMut<openttdrs_client::ui::hud::HoveredTileCoord>, bevy_ecs::system::query::Query<&bevy_ui::focus::Interaction, (bevy_ecs::query::filter::With<openttdrs_client::ui::toolbar::BuildMenuUi>, bevy_ecs::query::filter::Without<openttdrs_client::ui::toolbar::minimap::MinimapRoot>, bevy_ecs::query::filter::Without<openttdrs_client::ui::toolbar::minimap::MinimapCell>)>)>>::call_mut",/home/cristian/repos/propios/ProyectoOpenTtd/openttdrs/target/performance/render-residual-cpu-20261002/active/client
active,175,2,10.05025,0.09474182851729038,671793;671795,"<alloc::collections::btree::map::BTreeMap<openttdrs_core::map::types::TileCoord, alloc::collections::btree::set_val::SetValZST>>::insert",/home/cristian/repos/propios/ProyectoOpenTtd/openttdrs/target/performance/render-residual-cpu-20261002/active/client
active,176,2,10.05025,0.09474182851729038,671794;671795,powf@@GLIBC_2.27,/usr/lib/x86_64-linux-gnu/libm.so.6
active,177,2,10.05025,0.09474182851729038,671818,wgpu_core::command::render::encode_render_pass,/home/cristian/repos/propios/ProyectoOpenTtd/openttdrs/target/performance/render-residual-cpu-20261002/active/client
active,178,2,10.05025,0.09474182851729038,671794,openttdrs_core::rail_signals::update::collect_signals_affected_from_candidates,/home/cristian/repos/propios/ProyectoOpenTtd/openttdrs/target/performance/render-residual-cpu-20261002/active/client
active,179,2,10.05025,0.09474182851729038,671794;671795,openttdrs_core::station::geometry::station_at_tile_impl::{closure#1},/home/cristian/repos/propios/ProyectoOpenTtd/openttdrs/target/performance/render-residual-cpu-20261002/active/client
active,180,2,10.05025,0.09474182851729038,671792;671818,"<&mut bevy_app::propagate::propagate_output<bevy_ui::ui_node::ComputedUiRenderTargetInfo, ()> as core::ops::function::FnMut<(bevy_ecs::system::commands::Commands, bevy_ecs::system::query::Query<(bevy_ecs::entity::Entity, &bevy_app::propagate::Inherited<bevy_ui::ui_node::ComputedUiRenderTargetInfo>, core::option::Option<&bevy_ui::ui_node::ComputedUiRenderTargetInfo>), (bevy_ecs::query::filter::Changed<bevy_app::propagate::Inherited<bevy_ui::ui_node::ComputedUiRenderTargetInfo>>, bevy_ecs::query::filter::Without<bevy_app::propagate::PropagateOver<bevy_ui::ui_node::ComputedUiRenderTargetInfo>>, ())>, bevy_ecs::lifecycle::RemovedComponents<bevy_app::propagate::Inherited<bevy_ui::ui_node::ComputedUiRenderTargetInfo>>, bevy_ecs::system::query::Query<(), (bevy_ecs::query::filter::Without<bevy_app::propagate::PropagateOver<bevy_ui::ui_node::ComputedUiRenderTargetInfo>>, bevy_ecs::query::filter::Without<bevy_app::propagate::Inherited<bevy_ui::ui_node::ComputedUiRenderTargetInfo>>)>)>>::call_mut",/home/cristian/repos/propios/ProyectoOpenTtd/openttdrs/target/performance/render-residual-cpu-20261002/active/client
active,181,2,10.05025,0.09474182851729038,671794;671795,<bevy_render::render_resource::pipeline_specializer::SpecializedRenderPipelines<bevy_ui_render::pipeline::UiPipeline>>::specialize,/home/cristian/repos/propios/ProyectoOpenTtd/openttdrs/target/performance/render-residual-cpu-20261002/active/client
active,182,2,10.05025,0.09474182851729038,671797;671818,bevy_render::camera::camera_system,/home/cristian/repos/propios/ProyectoOpenTtd/openttdrs/target/performance/render-residual-cpu-20261002/active/client
active,183,2,10.05025,0.09474182851729038,671792;671793,<bevy_ui::layout::ui_surface::UiSurface>::get_layout,/home/cristian/repos/propios/ProyectoOpenTtd/openttdrs/target/performance/render-residual-cpu-20261002/active/client
active,184,2,10.05025,0.09474182851729038,671793;671795,"<&mut bevy_sprite_render::mesh2d::material::queue_material2d_meshes<bevy_sprite_render::sprite_mesh::sprite_material::SpriteMaterial> as core::ops::function::FnMut<((bevy_ecs::change_detection::params::Res<bevy_render::render_asset::RenderAssets<bevy_render::mesh::RenderMesh>>, bevy_ecs::change_detection::params::Res<bevy_render::render_asset::RenderAssets<bevy_sprite_render::mesh2d::material::PreparedMaterial2d<bevy_sprite_render::sprite_mesh::sprite_material::SpriteMaterial>>>), bevy_ecs::change_detection::params::ResMut<bevy_sprite_render::mesh2d::mesh::RenderMesh2dInstances>, bevy_ecs::change_detection::params::Res<bevy_sprite_render::mesh2d::material::RenderMaterial2dInstances<bevy_sprite_render::sprite_mesh::sprite_material::SpriteMaterial>>, bevy_ecs::change_detection::params::ResMut<bevy_render::render_phase::ViewSortedRenderPhases<bevy_core_pipeline::core_2d::Transparent2d>>, bevy_ecs::change_detection::params::ResMut<bevy_render::render_phase::ViewBinnedRenderPhases<bevy_core_pipeline::core_2d::Opaque2d>>, bevy_ecs::change_detection::params::ResMut<bevy_render::render_phase::ViewBinnedRenderPhases<bevy_core_pipeline::core_2d::AlphaMask2d>>, bevy_ecs::system::query::Query<(&bevy_render::sync_world::MainEntity, &bevy_render::view::ExtractedView, &bevy_render::view::visibility::RenderVisibleEntities)>, bevy_ecs::change_detection::params::Res<bevy_render::camera::DirtySpecializations>, bevy_ecs::change_detection::params::ResMut<bevy_sprite_render::mesh2d::material::PendingMeshMaterial2dQueues>, bevy_ecs::change_detection::params::ResMut<bevy_sprite_render::mesh2d::material::SpecializedMaterial2dPipelineCache<bevy_sprite_render::sprite_mesh::sprite_material::SpriteMaterial>>)>>::call_mut",/home/cristian/repos/propios/ProyectoOpenTtd/openttdrs/target/performance/render-residual-cpu-20261002/active/client
active,185,2,10.05025,0.09474182851729038,671792;671796,<wgpu_core::device::queue::Queue>::write_buffer,/home/cristian/repos/propios/ProyectoOpenTtd/openttdrs/target/performance/render-residual-cpu-20261002/active/client
active,186,2,10.05025,0.09474182851729038,671793;671794,openttdrs_core::sim_step::routing::assign_orderless_wander_destinations,/home/cristian/repos/propios/ProyectoOpenTtd/openttdrs/target/performance/render-residual-cpu-20261002/active/client
active,187,2,10.05025,0.09474182851729038,671792;671793,__rustc::__rdl_alloc,/home/cristian/repos/propios/ProyectoOpenTtd/openttdrs/target/performance/render-residual-cpu-20261002/active/client
active,188,2,10.05025,0.09474182851729038,671796;671818,openttdrs_core::company::tile_owner_colour,/home/cristian/repos/propios/ProyectoOpenTtd/openttdrs/target/performance/render-residual-cpu-20261002/active/client
active,189,2,10.05025,0.09474182851729038,671785,"<bevy_ecs::query::state::QueryState<bevy_ecs::entity::Entity, bevy_ecs::query::filter::With<bevy_window::window::PrimaryWindow>>>::new_archetype",/home/cristian/repos/propios/ProyectoOpenTtd/openttdrs/target/performance/render-residual-cpu-20261002/active/client
active,190,2,10.05025,0.09474182851729038,671794;671797,openttdrs_core::sim_step::cargo_transfer::refresh_runtime_vehicle_capacities,/home/cristian/repos/propios/ProyectoOpenTtd/openttdrs/target/performance/render-residual-cpu-20261002/active/client
active,191,2,10.05025,0.09474182851729038,671794;671818,<openttdrs_client::render::house_viewport_sort::ViewportChildGroups>::remove_from_group,/home/cristian/repos/propios/ProyectoOpenTtd/openttdrs/target/performance/render-residual-cpu-20261002/active/client
active,192,2,10.05025,0.09474182851729038,671785,<<bevy_ecs::system::commands::entity_command::insert<openttdrs_client::render::components::MapTileChunk>::{closure#0} as bevy_ecs::system::commands::entity_command::EntityCommand>::with_entity::{closure#0} as bevy_ecs::system::commands::command::Command>::apply,/home/cristian/repos/propios/ProyectoOpenTtd/openttdrs/target/performance/render-residual-cpu-20261002/active/client
active,193,2,10.05025,0.09474182851729038,671792;671797,<bevy_sprite_render::render::SetSpriteTextureBindGroup<1> as bevy_render::render_phase::draw::RenderCommand<bevy_core_pipeline::core_2d::Transparent2d>>::render,/home/cristian/repos/propios/ProyectoOpenTtd/openttdrs/target/performance/render-residual-cpu-20261002/active/client
active,194,2,10.05025,0.09474182851729038,671792;671793,openttdrs_core::vehicle_ai::pick_orderless_neighbor,/home/cristian/repos/propios/ProyectoOpenTtd/openttdrs/target/performance/render-residual-cpu-20261002/active/client
active,195,2,10.05025,0.09474182851729038,671785,"<bevy_ecs::world::World>::spawn_at_with_caller::<(openttdrs_client::render::rail_glass_compositor::RailGlassMaskProxy, openttdrs_client::render::components::MapVisualLayer, bevy_sprite::sprite_mesh::SpriteMesh, bevy_sprite::sprite::Anchor, bevy_transform::components::transform::Transform, bevy_camera::visibility::Visibility, bevy_camera::visibility::render_layers::RenderLayers)>",/home/cristian/repos/propios/ProyectoOpenTtd/openttdrs/target/performance/render-residual-cpu-20261002/active/client
active,196,2,10.05025,0.09474182851729038,671794;671797,"<bevy_ecs::system::query::Query<(bevy_ecs::entity::Entity, bevy_ecs::change_detection::params::Mut<openttdrs_client::render::house_viewport_sort::ViewportSortableSegmentProxy>, bevy_ecs::change_detection::params::Mut<openttdrs_client::render::house_viewport_sort::ViewportSortableParent>, bevy_ecs::change_detection::params::Mut<bevy_camera::visibility::Visibility>, bevy_ecs::change_detection::params::Mut<bevy_transform::components::transform::Transform>, bevy_ecs::change_detection::params::Mut<bevy_sprite::sprite::Sprite>, bevy_ecs::change_detection::params::Mut<bevy_sprite::sprite::Anchor>, core::option::Option<&openttdrs_client::render::components::MapTileChunk>), bevy_ecs::query::filter::With<openttdrs_client::render::house_viewport_sort::ViewportSortableSegmentProxy>>>::get_inner",/home/cristian/repos/propios/ProyectoOpenTtd/openttdrs/target/performance/render-residual-cpu-20261002/active/client
active,197,2,10.05025,0.09474182851729038,671794,openttdrs_core::ship_movement::is_water_network_tile_at,/home/cristian/repos/propios/ProyectoOpenTtd/openttdrs/target/performance/render-residual-cpu-20261002/active/client
active,198,2,10.05025,0.09474182851729038,671792;671795,"<hashbrown::map::HashMap<openttdrs_core::map::types::TileCoord, u32, std::hash::random::RandomState>>::insert",/home/cristian/repos/propios/ProyectoOpenTtd/openttdrs/target/performance/render-residual-cpu-20261002/active/client
active,199,2,10.05025,0.09474182851729038,671794;671796,<bevy_ecs::world::unsafe_world_cell::UnsafeWorldCell>::get_resource_mut_by_id,/home/cristian/repos/propios/ProyectoOpenTtd/openttdrs/target/performance/render-residual-cpu-20261002/active/client
active,200,2,10.05025,0.09474182851729038,671792;671797,"<core::iter::adapters::copied::Copied<alloc::collections::btree::set::Iter<openttdrs_core::map::types::TileCoord>> as core::iter::traits::iterator::Iterator>::fold::<((u32, i32, i32), openttdrs_core::map::types::TileCoord), core::iter::adapters::map::map_fold<openttdrs_core::map::types::TileCoord, ((u32, i32, i32), openttdrs_core::map::types::TileCoord), ((u32, i32, i32), openttdrs_core::map::types::TileCoord), core::iter::traits::iterator::Iterator::min_by_key::key<openttdrs_core::map::types::TileCoord, (u32, i32, i32), openttdrs_core::depot::nearest_depot_tile_indexed::{closure#0}>::{closure#0}, core::iter::traits::iterator::Iterator::min_by::fold<((u32, i32, i32), openttdrs_core::map::types::TileCoord), core::iter::traits::iterator::Iterator::min_by_key::compare<openttdrs_core::map::types::TileCoord, (u32, i32, i32)>>::{closure#0}>::{closure#0}>",/home/cristian/repos/propios/ProyectoOpenTtd/openttdrs/target/performance/render-residual-cpu-20261002/active/client
active,201,2,10.05025,0.09474182851729038,671795;671796,<bevy_render::view::visibility::RenderVisibleEntitiesClass>::update_cpu_culled_entities,/home/cristian/repos/propios/ProyectoOpenTtd/openttdrs/target/performance/render-residual-cpu-20261002/active/client
active,202,2,10.05025,0.09474182851729038,671792;671794,openttdrs_core::rail_signals::presignal::explore_sig_segment,/home/cristian/repos/propios/ProyectoOpenTtd/openttdrs/target/performance/render-residual-cpu-20261002/active/client
active,203,2,10.05025,0.09474182851729038,671794;671818,openttdrs_core::road_movement::render_pose::vehicle_render_direction_at_with_map,/home/cristian/repos/propios/ProyectoOpenTtd/openttdrs/target/performance/render-residual-cpu-20261002/active/client
active,204,2,10.05025,0.09474182851729038,671795;671797,"<&mut bevy_camera::visibility::visibility_propagate_system as core::ops::function::FnMut<(bevy_ecs::system::query::Query<(bevy_ecs::entity::Entity, &bevy_camera::visibility::Visibility, core::option::Option<&bevy_ecs::hierarchy::ChildOf>, core::option::Option<&bevy_ecs::hierarchy::Children>), (bevy_ecs::query::filter::With<bevy_camera::visibility::InheritedVisibility>, bevy_ecs::query::filter::Or<(bevy_ecs::query::filter::Changed<bevy_camera::visibility::Visibility>, bevy_ecs::query::filter::Changed<bevy_ecs::hierarchy::ChildOf>)>)>, bevy_ecs::system::query::Query<(&bevy_camera::visibility::Visibility, &mut bevy_camera::visibility::InheritedVisibility)>, bevy_ecs::system::query::Query<&bevy_ecs::hierarchy::Children, (bevy_ecs::query::filter::With<bevy_camera::visibility::Visibility>, bevy_ecs::query::filter::With<bevy_camera::visibility::InheritedVisibility>)>, bevy_ecs::lifecycle::RemovedComponents<bevy_ecs::hierarchy::ChildOf>)>>::call_mut",/home/cristian/repos/propios/ProyectoOpenTtd/openttdrs/target/performance/render-residual-cpu-20261002/active/client
active,205,2,10.05025,0.09474182851729038,671818,"taffy::compute::compute_hidden_layout::<taffy::tree::taffy_tree::TaffyView<bevy_ui::measurement::NodeMeasure, <bevy_ui::layout::ui_surface::UiSurface>::compute_layout::{closure#0}>>",/home/cristian/repos/propios/ProyectoOpenTtd/openttdrs/target/performance/render-residual-cpu-20261002/active/client
active,206,2,10.05025,0.09474182851729038,671793;671797,"<async_executor::CallOnDrop<<async_executor::Executor>::spawn_inner<core::result::Result<(), alloc::boxed::Box<dyn core::any::Any + core::marker::Send>>, futures_lite::future::CatchUnwind<core::panic::unwind_safe::AssertUnwindSafe<<bevy_ecs::schedule::executor::multi_threaded::ExecutorState>::spawn_exclusive_system_task::{closure#0}>>>::{closure#0}> as core::ops::drop::Drop>::drop",/home/cristian/repos/propios/ProyectoOpenTtd/openttdrs/target/performance/render-residual-cpu-20261002/active/client
active,207,2,10.05025,0.09474182851729038,671794;671796,"<either::Either<core::iter::adapters::chain::Chain<core::iter::adapters::map::Map<core::slice::iter::Iter<(bevy_ecs::entity::Entity, bevy_render::sync_world::MainEntity)>, <bevy_render::view::visibility::RenderVisibleEntitiesClass>::iter_visible::{closure#0}>, core::iter::adapters::map::Map<hashbrown::map::Iter<bevy_render::sync_world::MainEntity, bevy_ecs::entity::Entity>, <bevy_render::view::visibility::RenderVisibleEntitiesClass>::iter_visible::{closure#1}>>, core::iter::adapters::chain::Chain<core::iter::adapters::map::Map<core::slice::iter::Iter<(bevy_ecs::entity::Entity, bevy_render::sync_world::MainEntity)>, <bevy_render::camera::DirtySpecializations>::iter_to_queue::{closure#0}>, core::iter::adapters::filter_map::FilterMap<hashbrown::set::Iter<bevy_render::sync_world::MainEntity>, <bevy_render::camera::DirtySpecializations>::iter_to_queue::{closure#1}>>> as core::iter::traits::iterator::Iterator>::next",/home/cristian/repos/propios/ProyectoOpenTtd/openttdrs/target/performance/render-residual-cpu-20261002/active/client
active,208,2,10.05025,0.09474182851729038,671793;671818,"<bevy_ecs::query::iter::QueryIter<&mut bevy_camera::visibility::ViewVisibility, bevy_ecs::query::filter::Without<bevy_camera::visibility::NoCpuCulling>>>::fold_over_storage_range::<(), <bevy_ecs::query::par_iter::QueryParIter<&mut bevy_camera::visibility::ViewVisibility, bevy_ecs::query::filter::Without<bevy_camera::visibility::NoCpuCulling>>>::for_each_init<<bevy_ecs::query::par_iter::QueryParIter<&mut bevy_camera::visibility::ViewVisibility, bevy_ecs::query::filter::Without<bevy_camera::visibility::NoCpuCulling>>>::for_each<bevy_camera::visibility::reset_view_visibility::{closure#0}>::{closure#1}, <bevy_ecs::query::par_iter::QueryParIter<&mut bevy_camera::visibility::ViewVisibility, bevy_ecs::query::filter::Without<bevy_camera::visibility::NoCpuCulling>>>::for_each<bevy_camera::visibility::reset_view_visibility::{closure#0}>::{closure#0}, ()>::{closure#0}>",/home/cristian/repos/propios/ProyectoOpenTtd/openttdrs/target/performance/render-residual-cpu-20261002/active/client
active,209,2,10.05025,0.09474182851729038,671794,"<hashbrown::raw::RawTable<(openttdrs_core::map::types::TileCoord, openttdrs_core::map::types::TileCoord)>>::reserve_rehash::<hashbrown::map::make_hasher<openttdrs_core::map::types::TileCoord, openttdrs_core::map::types::TileCoord, std::hash::random::RandomState>::{closure#0}>",/home/cristian/repos/propios/ProyectoOpenTtd/openttdrs/target/performance/render-residual-cpu-20261002/active/client
active,210,2,10.05025,0.09474182851729038,671818,openttdrs_client::render::tiles::transport::spawn_rail_tile,/home/cristian/repos/propios/ProyectoOpenTtd/openttdrs/target/performance/render-residual-cpu-20261002/active/client
active,211,2,10.05025,0.09474182851729038,671793;671794,<openttdrs_core::depot::DepotSpatialIndex>::ensure_initialized,/home/cristian/repos/propios/ProyectoOpenTtd/openttdrs/target/performance/render-residual-cpu-20261002/active/client
active,212,2,10.05025,0.09474182851729038,671797;671818,<bevy_ecs::storage::table::Table>::get_changed_ticks_slice_for,/home/cristian/repos/propios/ProyectoOpenTtd/openttdrs/target/performance/render-residual-cpu-20261002/active/client
active,213,2,10.05025,0.09474182851729038,671785;671796,"<async_executor::Executor>::spawn::<core::result::Result<(), alloc::boxed::Box<dyn core::any::Any + core::marker::Send>>, futures_lite::future::CatchUnwind<core::panic::unwind_safe::AssertUnwindSafe<<bevy_ecs::schedule::executor::multi_threaded::ExecutorState>::spawn_system_task::{closure#0}>>>",/home/cristian/repos/propios/ProyectoOpenTtd/openttdrs/target/performance/render-residual-cpu-20261002/active/client
active,214,2,10.05025,0.09474182851729038,671795;671796,bevy_ui::layout::ui_layout_system,/home/cristian/repos/propios/ProyectoOpenTtd/openttdrs/target/performance/render-residual-cpu-20261002/active/client
active,215,2,10.05025,0.09474182851729038,671797;671818,<openttdrs_core::road_movement::pose::VehiclePose>::from_vehicle,/home/cristian/repos/propios/ProyectoOpenTtd/openttdrs/target/performance/render-residual-cpu-20261002/active/client
active,216,2,10.05025,0.09474182851729038,671792;671797,<alloc::collections::vec_deque::VecDeque<openttdrs_core::map::types::TileCoord> as core::clone::Clone>::clone,/home/cristian/repos/propios/ProyectoOpenTtd/openttdrs/target/performance/render-residual-cpu-20261002/active/client
active,217,2,10.05025,0.09474182851729038,671785,"<bevy_ecs::storage::sparse_set::SparseSet<bevy_ecs::component::info::ComponentId, bevy_ecs::message::messages::Messages<bevy_ecs::lifecycle::RemovedComponentEntity>>>::get_or_insert_with::<<bevy_ecs::message::messages::Messages<bevy_ecs::lifecycle::RemovedComponentEntity> as core::default::Default>::default>",/home/cristian/repos/propios/ProyectoOpenTtd/openttdrs/target/performance/render-residual-cpu-20261002/active/client
active,218,2,10.05025,0.09474182851729038,671818,<wgpu_hal::vulkan::BindGroup as core::any::Any>::type_id,/home/cristian/repos/propios/ProyectoOpenTtd/openttdrs/target/performance/render-residual-cpu-20261002/active/client
active,219,2,10.05025,0.09474182851729038,671792;671793,openttdrs_core::engine::physics::update_road_vehicle_speed,/home/cristian/repos/propios/ProyectoOpenTtd/openttdrs/target/performance/render-residual-cpu-20261002/active/client
active,220,2,10.05025,0.09474182851729038,671792;671794,openttdrs_core::road_movement::slope::current_road_max_speed_with_callbacks_in_catalog_and_acceleration,/home/cristian/repos/propios/ProyectoOpenTtd/openttdrs/target/performance/render-residual-cpu-20261002/active/client
active,221,2,10.05025,0.09474182851729038,671793;671818,bevy_ui::widget::image::update_image_content_size_system,/home/cristian/repos/propios/ProyectoOpenTtd/openttdrs/target/performance/render-residual-cpu-20261002/active/client
active,222,2,10.05025,0.09474182851729038,671793;671818,<fixedbitset::FixedBitSet>::intersection,/home/cristian/repos/propios/ProyectoOpenTtd/openttdrs/target/performance/render-residual-cpu-20261002/active/client
active,223,2,10.05025,0.09474182851729038,671785;671818,<bevy_ecs::bundle::info::BundleInfo>::insert_bundle_into_archetype,/home/cristian/repos/propios/ProyectoOpenTtd/openttdrs/target/performance/render-residual-cpu-20261002/active/client
active,224,2,10.05025,0.09474182851729038,671818,<wgpu_core::track::buffer::BufferUsageScope>::merge_bind_group,/home/cristian/repos/propios/ProyectoOpenTtd/openttdrs/target/performance/render-residual-cpu-20261002/active/client
active,225,2,10.05025,0.09474182851729038,671795;671818,bevy_ui_render::extract_uinode_borders,/home/cristian/repos/propios/ProyectoOpenTtd/openttdrs/target/performance/render-residual-cpu-20261002/active/client
active,226,2,10.05025,0.09474182851729038,671797,<openttdrs_core::cargo_packet::types::StationCargoList>::as_stock,/home/cristian/repos/propios/ProyectoOpenTtd/openttdrs/target/performance/render-residual-cpu-20261002/active/client
active,227,2,10.05025,0.09474182851729038,671796;671818,"<&mut bevy_ui_render::debug_overlay::extract_debug_overlay as core::ops::function::FnMut<(bevy_ecs::system::commands::Commands, bevy_render::extract_param::Extract<bevy_ecs::change_detection::params::Res<bevy_ui_render::debug_overlay::GlobalUiDebugOptions>>, bevy_ecs::change_detection::params::ResMut<bevy_ui_render::ExtractedUiNodes>, bevy_render::extract_param::Extract<bevy_ecs::system::query::Query<(bevy_ecs::entity::Entity, &bevy_ui::ui_node::ComputedNode, &bevy_ui::stack::ComputedStackIndex, &bevy_ui::ui_transform::UiGlobalTransform, &bevy_camera::visibility::InheritedVisibility, core::option::Option<&bevy_ui::ui_node::CalculatedClip>, &bevy_ui::ui_node::ComputedUiTargetCamera, core::option::Option<&bevy_ui_render::debug_overlay::UiDebugOptions>)>>, bevy_render::extract_param::Extract<bevy_ecs::change_detection::params::Res<bevy_ui::stack::UiStack>>, bevy_render::extract_param::Extract<bevy_ui_render::UiCameraMap>)>>::call_mut",/home/cristian/repos/propios/ProyectoOpenTtd/openttdrs/target/performance/render-residual-cpu-20261002/active/client
active,228,2,10.05025,0.09474182851729038,671794,<openttdrs_core::industry::Industry as core::clone::Clone>::clone,/home/cristian/repos/propios/ProyectoOpenTtd/openttdrs/target/performance/render-residual-cpu-20261002/active/client
active,229,2,10.05025,0.09474182851729038,671792;671793,bevy_text::text::detect_text_needs_rerender,/home/cristian/repos/propios/ProyectoOpenTtd/openttdrs/target/performance/render-residual-cpu-20261002/active/client
active,230,2,10.05025,0.09474182851729038,671794;671797,openttdrs_core::rail_signals::topology::rail_neighbors,/home/cristian/repos/propios/ProyectoOpenTtd/openttdrs/target/performance/render-residual-cpu-20261002/active/client
active,231,2,10.05025,0.09474182851729038,671818,<wgpu_hal::vulkan::CommandEncoder as wgpu_hal::CommandEncoder>::set_bind_group,/home/cristian/repos/propios/ProyectoOpenTtd/openttdrs/target/performance/render-residual-cpu-20261002/active/client
active,232,2,10.05025,0.09474182851729038,671795;671796,__rustc::__rust_alloc,/home/cristian/repos/propios/ProyectoOpenTtd/openttdrs/target/performance/render-residual-cpu-20261002/active/client
active,233,2,10.05025,0.09474182851729038,671803,"<alloc::collections::btree::map::BTreeMap<u32, i32> as core::ops::drop::Drop>::drop",/home/cristian/repos/propios/ProyectoOpenTtd/openttdrs/target/performance/render-residual-cpu-20261002/active/client
active,234,2,10.05025,0.09474182851729038,671803,openttdrs_core::cargodist::parity::to_station_flows_helper,/home/cristian/repos/propios/ProyectoOpenTtd/openttdrs/target/performance/render-residual-cpu-20261002/active/client
active,235,2,10.05025,0.09474182851729038,671793;671797,"<&mut bevy_ui::accessibility::sync_bounds_and_transforms as core::ops::function::FnMut<(bevy_ecs::system::query::Query<(&mut bevy_a11y::AccessibilityNode, bevy_ecs::change_detection::params::Ref<bevy_ui::ui_node::ComputedNode>, bevy_ecs::change_detection::params::Ref<bevy_ui::ui_transform::UiGlobalTransform>, core::option::Option<&bevy_ecs::hierarchy::ChildOf>)>, bevy_ecs::system::query::Query<bevy_ecs::change_detection::params::Ref<bevy_ui::ui_transform::UiGlobalTransform>, bevy_ecs::query::filter::With<bevy_a11y::AccessibilityNode>>)>>::call_mut",/home/cristian/repos/propios/ProyectoOpenTtd/openttdrs/target/performance/render-residual-cpu-20261002/active/client
active,236,2,10.05025,0.09474182851729038,671793;671795,"<hashbrown::map::HashMap<bevy_ecs::entity::Entity, f32, bevy_ecs::entity::hash::EntityHash>>::insert",/home/cristian/repos/propios/ProyectoOpenTtd/openttdrs/target/performance/render-residual-cpu-20261002/active/client
active,237,1,5.025125,0.04737091425864519,671785,<bevy_ecs::world::entity_access::world_mut::EntityWorldMut>::despawn,/home/cristian/repos/propios/ProyectoOpenTtd/openttdrs/target/performance/render-residual-cpu-20261002/active/client
active,238,1,5.025125,0.04737091425864519,671794,"<hashbrown::map::HashMap<openttdrs_core::pathfinder::water::ShipNodeKey, core::option::Option<openttdrs_core::pathfinder::water::ShipNodeKey>, std::hash::random::RandomState>>::insert",/home/cristian/repos/propios/ProyectoOpenTtd/openttdrs/target/performance/render-residual-cpu-20261002/active/client
active,239,1,5.025125,0.04737091425864519,671794,<std::hash::random::RandomState as core::hash::BuildHasher>::hash_one::<&openttdrs_core::rail_signals::update::SignalGlobEntry>,/home/cristian/repos/propios/ProyectoOpenTtd/openttdrs/target/performance/render-residual-cpu-20261002/active/client
active,240,1,5.025125,0.04737091425864519,671794,<alloc::collections::binary_heap::BinaryHeap<openttdrs_core::pathfinder::water::ShipAstarNode>>::pop,/home/cristian/repos/propios/ProyectoOpenTtd/openttdrs/target/performance/render-residual-cpu-20261002/active/client
active,241,1,5.025125,0.04737091425864519,671794,"<hashbrown::map::HashMap<openttdrs_core::pathfinder::water::ShipNodeKey, u32, std::hash::random::RandomState>>::insert",/home/cristian/repos/propios/ProyectoOpenTtd/openttdrs/target/performance/render-residual-cpu-20261002/active/client
active,242,1,5.025125,0.04737091425864519,671818,<wgpu_core::track::texture::TextureUsageScope>::merge_single,/home/cristian/repos/propios/ProyectoOpenTtd/openttdrs/target/performance/render-residual-cpu-20261002/active/client
active,243,1,5.025125,0.04737091425864519,671797,openttdrs_core::station::geometry::dock_station_tiles,/home/cristian/repos/propios/ProyectoOpenTtd/openttdrs/target/performance/render-residual-cpu-20261002/active/client
active,244,1,5.025125,0.04737091425864519,671797,openttdrs_core::pathfinder::network::tiles_connected,/home/cristian/repos/propios/ProyectoOpenTtd/openttdrs/target/performance/render-residual-cpu-20261002/active/client
active,245,1,5.025125,0.04737091425864519,671797,"core::slice::sort::shared::smallsort::insertion_sort_shift_left::<openttdrs_core::map::types::TileCoord, <[openttdrs_core::map::types::TileCoord]>::sort_by<openttdrs_core::station::geometry::rail_station_controller_stop_tile_for_platform_osl::{closure#1}>::{closure#0}>",/home/cristian/repos/propios/ProyectoOpenTtd/openttdrs/target/performance/render-residual-cpu-20261002/active/client
active,246,1,5.025125,0.04737091425864519,671785,"<bevy_ecs::component::required::RequiredComponentConstructor>::new::<bevy_camera::visibility::InheritedVisibility, <bevy_camera::visibility::InheritedVisibility as core::default::Default>::default>::{closure#0}",/home/cristian/repos/propios/ProyectoOpenTtd/openttdrs/target/performance/render-residual-cpu-20261002/active/client
active,247,1,5.025125,0.04737091425864519,671792,"<indexmap::inner::Core<bevy_render::sync_world::MainEntity, bevy_render::render_phase::InputUniformIndex>>::swap_remove_full::<bevy_render::sync_world::MainEntity>",/home/cristian/repos/propios/ProyectoOpenTtd/openttdrs/target/performance/render-residual-cpu-20261002/active/client
active,248,1,5.025125,0.04737091425864519,671818,"<hashbrown::map::HashMap<bevy_asset::id::AssetId<bevy_image::texture_atlas::TextureAtlasLayout>, (), std::hash::random::RandomState> as core::iter::traits::collect::Extend<(bevy_asset::id::AssetId<bevy_image::texture_atlas::TextureAtlasLayout>, ())>>::extend::<core::iter::adapters::map::Map<core::iter::adapters::map::Map<bevy_ecs::message::iterators::MessageIterator<bevy_asset::event::AssetEvent<bevy_image::texture_atlas::TextureAtlasLayout>>, openttdrs_client::render::house_viewport_sort::changed_asset_ids<bevy_image::texture_atlas::TextureAtlasLayout>::{closure#0}>, <hashbrown::set::HashSet<bevy_asset::id::AssetId<bevy_image::texture_atlas::TextureAtlasLayout>, std::hash::random::RandomState> as core::iter::traits::collect::Extend<bevy_asset::id::AssetId<bevy_image::texture_atlas::TextureAtlasLayout>>>::extend<core::iter::adapters::map::Map<bevy_ecs::message::iterators::MessageIterator<bevy_asset::event::AssetEvent<bevy_image::texture_atlas::TextureAtlasLayout>>, openttdrs_client::render::house_viewport_sort::changed_asset_ids<bevy_image::texture_atlas::TextureAtlasLayout>::{closure#0}>>::{closure#0}>>",/home/cristian/repos/propios/ProyectoOpenTtd/openttdrs/target/performance/render-residual-cpu-20261002/active/client
active,249,1,5.025125,0.04737091425864519,671818,"core::slice::sort::shared::smallsort::insertion_sort_shift_left::<(core::option::Option<usize>, openttdrs_client::render::viewport_sort::ParentSprite, core::option::Option<f32>, u64, u8, i64, u64), <[(core::option::Option<usize>, openttdrs_client::render::viewport_sort::ParentSprite, core::option::Option<f32>, u64, u8, i64, u64)]>::sort_unstable_by_key<(u64, u8, i64, u64), openttdrs_client::render::house_viewport_sort::segment_proxy_depths_for_band::{closure#1}>::{closure#0}>",/home/cristian/repos/propios/ProyectoOpenTtd/openttdrs/target/performance/render-residual-cpu-20261002/active/client
active,250,1,5.025125,0.04737091425864519,671785,<ttf_parser::tables::gvar::packed_deltas::RunState>::next,/home/cristian/repos/propios/ProyectoOpenTtd/openttdrs/target/performance/render-residual-cpu-20261002/active/client
active,251,1,5.025125,0.04737091425864519,671795,"<&mut openttdrs_client::i18n::sync_changed_catalog_ui_texts as core::ops::function::FnMut<(bevy_ecs::change_detection::params::Res<openttdrs_client::settings::ClientPreferences>, bevy_ecs::system::query::Query<(&openttdrs_client::i18n::LocalizedUiText, &mut bevy_ui::widget::text::Text), (bevy_ecs::query::filter::Changed<bevy_ui::widget::text::Text>, bevy_ecs::query::filter::Without<bevy_text::editing::EditableText>)>)>>::call_mut",/home/cristian/repos/propios/ProyectoOpenTtd/openttdrs/target/performance/render-residual-cpu-20261002/active/client
active,252,1,5.025125,0.04737091425864519,671793,"<bevy_sprite_render::mesh2d::material::SetMaterial2dBindGroup<bevy_sprite_render::sprite_mesh::sprite_material::SpriteMaterial, 2> as bevy_render::render_phase::draw::RenderCommand<bevy_core_pipeline::core_2d::AlphaMask2d>>::render",/home/cristian/repos/propios/ProyectoOpenTtd/openttdrs/target/performance/render-residual-cpu-20261002/active/client
active,253,1,5.025125,0.04737091425864519,671792,"<std::hash::random::RandomState as core::hash::BuildHasher>::hash_one::<&(u32, u16)>",/home/cristian/repos/propios/ProyectoOpenTtd/openttdrs/target/performance/render-residual-cpu-20261002/active/client
active,254,1,5.025125,0.04737091425864519,671792,"<bevy_ecs::query::state::QueryState<(&openttdrs_client::ui::floating_window::FloatingWindowTitleText, &mut bevy_ui::widget::text::Text)>>::update_archetypes_unsafe_world_cell",/home/cristian/repos/propios/ProyectoOpenTtd/openttdrs/target/performance/render-residual-cpu-20261002/active/client
active,255,1,5.025125,0.04737091425864519,671794,<openttdrs_core::ground_crash::TrainCrashIndex>::rebuild,/home/cristian/repos/propios/ProyectoOpenTtd/openttdrs/target/performance/render-residual-cpu-20261002/active/client
active,256,1,5.025125,0.04737091425864519,671794,"<hashbrown::raw::RawTable<(openttdrs_core::map::types::TileCoord, openttdrs_core::map::types::TileKind)>>::reserve_rehash::<hashbrown::map::make_hasher<openttdrs_core::map::types::TileCoord, openttdrs_core::map::types::TileKind, std::hash::random::RandomState>::{closure#0}>",/home/cristian/repos/propios/ProyectoOpenTtd/openttdrs/target/performance/render-residual-cpu-20261002/active/client
active,257,1,5.025125,0.04737091425864519,671792,"<bevy_tasks::task_pool::TaskPool>::scope_with_executor_inner::<<bevy_ecs::query::state::QueryState<&mut bevy_camera::visibility::ViewVisibility, bevy_ecs::query::filter::Without<bevy_camera::visibility::NoCpuCulling>>>::par_fold_init_unchecked_manual<(), <bevy_ecs::query::par_iter::QueryParIter<&mut bevy_camera::visibility::ViewVisibility, bevy_ecs::query::filter::Without<bevy_camera::visibility::NoCpuCulling>>>::for_each_init<<bevy_ecs::query::par_iter::QueryParIter<&mut bevy_camera::visibility::ViewVisibility, bevy_ecs::query::filter::Without<bevy_camera::visibility::NoCpuCulling>>>::for_each<bevy_camera::visibility::reset_view_visibility::{closure#0}>::{closure#1}, <bevy_ecs::query::par_iter::QueryParIter<&mut bevy_camera::visibility::ViewVisibility, bevy_ecs::query::filter::Without<bevy_camera::visibility::NoCpuCulling>>>::for_each<bevy_camera::visibility::reset_view_visibility::{closure#0}>::{closure#0}, ()>::{closure#0}, <bevy_ecs::query::par_iter::QueryParIter<&mut bevy_camera::visibility::ViewVisibility, bevy_ecs::query::filter::Without<bevy_camera::visibility::NoCpuCulling>>>::for_each<bevy_camera::visibility::reset_view_visibility::{closure#0}>::{closure#0}>::{closure#0}, ()>",/home/cristian/repos/propios/ProyectoOpenTtd/openttdrs/target/performance/render-residual-cpu-20261002/active/client
active,258,1,5.025125,0.04737091425864519,671796,"<bevy_ecs::system::function_system::FunctionSystem<fn(bevy_ecs::change_detection::params::ResMut<bevy_input_focus::InputFocus>, bevy_ecs::system::commands::Commands), (), (), bevy_input_focus::gained_and_lost::process_recorded_focus_changes> as bevy_ecs::system::system::System>::run_unsafe",/home/cristian/repos/propios/ProyectoOpenTtd/openttdrs/target/performance/render-residual-cpu-20261002/active/client
active,259,1,5.025125,0.04737091425864519,671795,<crossbeam_channel::channel::Receiver<bevy_asset::handle::DropEvent>>::try_recv,/home/cristian/repos/propios/ProyectoOpenTtd/openttdrs/target/performance/render-residual-cpu-20261002/active/client
active,260,1,5.025125,0.04737091425864519,671797,async_executor::steal::<async_task::runnable::Runnable>,/home/cristian/repos/propios/ProyectoOpenTtd/openttdrs/target/performance/render-residual-cpu-20261002/active/client
active,261,1,5.025125,0.04737091425864519,671792,bevy_ui::widget::text::text_system,/home/cristian/repos/propios/ProyectoOpenTtd/openttdrs/target/performance/render-residual-cpu-20261002/active/client
active,262,1,5.025125,0.04737091425864519,671793,"<&mut bevy_sprite_render::mesh2d::material::extract_entities_that_need_specializations_removed<bevy_sprite_render::tilemap_chunk::tilemap_chunk_material::TilemapChunkMaterial> as core::ops::function::FnMut<(bevy_render::extract_param::Extract<bevy_ecs::change_detection::params::Res<bevy_sprite_render::mesh2d::material::EntitiesNeedingSpecialization<bevy_sprite_render::tilemap_chunk::tilemap_chunk_material::TilemapChunkMaterial>>>, bevy_ecs::change_detection::params::ResMut<bevy_render::camera::DirtySpecializations>)>>::call_mut",/home/cristian/repos/propios/ProyectoOpenTtd/openttdrs/target/performance/render-residual-cpu-20261002/active/client
active,263,1,5.025125,0.04737091425864519,671793,<bevy_ecs::world::World>::register_bundle_info::<bevy_render::render_asset::CachedExtractRenderAssetSystemState<bevy_sprite_render::mesh2d::material::PreparedMaterial2d<bevy_sprite_render::sprite_mesh::sprite_material::SpriteMaterial>>>,/home/cristian/repos/propios/ProyectoOpenTtd/openttdrs/target/performance/render-residual-cpu-20261002/active/client
active,264,1,5.025125,0.04737091425864519,671794,"<hashbrown::map::HashMap<openttdrs_core::rail_pbs::model::ReservedRailStep, (), std::hash::random::RandomState>>::insert",/home/cristian/repos/propios/ProyectoOpenTtd/openttdrs/target/performance/render-residual-cpu-20261002/active/client
active,265,1,5.025125,0.04737091425864519,671794,"<bevy_ecs::system::function_system::FunctionSystem<fn(bevy_ecs::system::query::Query<(&bevy_ui::focus::Interaction, &openttdrs_client::ui::dev_console::DevConsoleAction), (bevy_ecs::query::filter::Changed<bevy_ui::focus::Interaction>, bevy_ecs::query::filter::With<bevy_ui::widget::button::Button>, bevy_ecs::query::filter::With<openttdrs_client::ui::dev_console::DevConsoleAction>)>, bevy_ecs::change_detection::params::ResMut<openttdrs_client::ui::dev_console::DevConsoleState>, bevy_ecs::change_detection::params::ResMut<openttdrs_client::settings::ClientPreferences>, bevy_ecs::change_detection::params::ResMut<openttdrs_client::ui::tile_inspector_window::TileInspectorWindowState>, bevy_ecs::change_detection::params::ResMut<openttdrs_client::ui::newgrf_window::NewGrfWindowState>), (), (), openttdrs_client::ui::dev_console::handle_dev_console_buttons> as bevy_ecs::system::system::System>::run_unsafe",/home/cristian/repos/propios/ProyectoOpenTtd/openttdrs/target/performance/render-residual-cpu-20261002/active/client
active,266,1,5.025125,0.04737091425864519,671785,<bevy_ecs::schedule::executor::multi_threaded::MultiThreadedExecutor as bevy_ecs::schedule::executor::SystemExecutor>::run,/home/cristian/repos/propios/ProyectoOpenTtd/openttdrs/target/performance/render-residual-cpu-20261002/active/client
active,267,1,5.025125,0.04737091425864519,671818,"<&mut openttdrs_client::ui::vehicle_list::sync_vehicle_list_static_labels as core::ops::function::FnMut<(bevy_ecs::change_detection::params::Res<openttdrs_client::settings::ClientPreferences>, bevy_ecs::system::query::Query<(&openttdrs_client::ui::vehicle_list::VehicleListLocalizedText, &mut bevy_ui::widget::text::Text)>)>>::call_mut",/home/cristian/repos/propios/ProyectoOpenTtd/openttdrs/target/performance/render-residual-cpu-20261002/active/client
active,268,1,5.025125,0.04737091425864519,671794,"<core::iter::adapters::map::Map<core::iter::adapters::filter::Filter<core::iter::adapters::flatten::FlatMap<core::iter::adapters::filter::Filter<core::slice::iter::Iter<openttdrs_core::vehicle::model::Vehicle>, openttdrs_core::sim_step::station_reservation_tiles::{closure#0}>, core::iter::adapters::map::Map<core::slice::iter::Iter<openttdrs_core::rail_pbs::model::ReservedRailStep>, openttdrs_core::sim_step::station_reservation_tiles::{closure#1}::{closure#0}>, openttdrs_core::sim_step::station_reservation_tiles::{closure#1}>, openttdrs_core::sim_step::station_reservation_tiles::{closure#2}>, <hashbrown::set::HashSet<openttdrs_core::map::types::TileCoord, std::hash::random::RandomState> as core::iter::traits::collect::Extend<openttdrs_core::map::types::TileCoord>>::extend<core::iter::adapters::filter::Filter<core::iter::adapters::flatten::FlatMap<core::iter::adapters::filter::Filter<core::slice::iter::Iter<openttdrs_core::vehicle::model::Vehicle>, openttdrs_core::sim_step::station_reservation_tiles::{closure#0}>, core::iter::adapters::map::Map<core::slice::iter::Iter<openttdrs_core::rail_pbs::model::ReservedRailStep>, openttdrs_core::sim_step::station_reservation_tiles::{closure#1}::{closure#0}>, openttdrs_core::sim_step::station_reservation_tiles::{closure#1}>, openttdrs_core::sim_step::station_reservation_tiles::{closure#2}>>::{closure#0}> as core::iter::traits::iterator::Iterator>::fold::<(), core::iter::traits::iterator::Iterator::for_each::call<(openttdrs_core::map::types::TileCoord, ()), <hashbrown::map::HashMap<openttdrs_core::map::types::TileCoord, (), std::hash::random::RandomState> as core::iter::traits::collect::Extend<(openttdrs_core::map::types::TileCoord, ())>>::extend<core::iter::adapters::map::Map<core::iter::adapters::filter::Filter<core::iter::adapters::flatten::FlatMap<core::iter::adapters::filter::Filter<core::slice::iter::Iter<openttdrs_core::vehicle::model::Vehicle>, openttdrs_core::sim_step::station_reservation_tiles::{closure#0}>, core::iter::adapters::map::Map<core::slice::iter::Iter<openttdrs_core::rail_pbs::model::ReservedRailStep>, openttdrs_core::sim_step::station_reservation_tiles::{closure#1}::{closure#0}>, openttdrs_core::sim_step::station_reservation_tiles::{closure#1}>, openttdrs_core::sim_step::station_reservation_tiles::{closure#2}>, <hashbrown::set::HashSet<openttdrs_core::map::types::TileCoord, std::hash::random::RandomState> as core::iter::traits::collect::Extend<openttdrs_core::map::types::TileCoord>>::extend<core::iter::adapters::filter::Filter<core::iter::adapters::flatten::FlatMap<core::iter::adapters::filter::Filter<core::slice::iter::Iter<openttdrs_core::vehicle::model::Vehicle>, openttdrs_core::sim_step::station_reservation_tiles::{closure#0}>, core::iter::adapters::map::Map<core::slice::iter::Iter<openttdrs_core::rail_pbs::model::ReservedRailStep>, openttdrs_core::sim_step::station_reservation_tiles::{closure#1}::{closure#0}>, openttdrs_core::sim_step::station_reservation_tiles::{closure#1}>, openttdrs_core::sim_step::station_reservation_tiles::{closure#2}>>::{closure#0}>>::{closure#0}>::{closure#0}>",/home/cristian/repos/propios/ProyectoOpenTtd/openttdrs/target/performance/render-residual-cpu-20261002/active/client
active,269,1,5.025125,0.04737091425864519,671818,"<hashbrown::raw::RawTable<((u8, u8), u16)> as core::ops::drop::Drop>::drop",/home/cristian/repos/propios/ProyectoOpenTtd/openttdrs/target/performance/render-residual-cpu-20261002/active/client
active,270,1,5.025125,0.04737091425864519,671796,bevy_sprite::text2d::update_text2d_layout,/home/cristian/repos/propios/ProyectoOpenTtd/openttdrs/target/performance/render-residual-cpu-20261002/active/client
active,271,1,5.025125,0.04737091425864519,671796,"<indexmap::inner::Core<(bevy_ecs::entity::Entity, bevy_render::sync_world::MainEntity), bevy_ui_render::render_pass::TransparentUi>>::insert_full",/home/cristian/repos/propios/ProyectoOpenTtd/openttdrs/target/performance/render-residual-cpu-20261002/active/client
active,272,1,5.025125,0.04737091425864519,671795,openttdrs_core::sim_step::step,/home/cristian/repos/propios/ProyectoOpenTtd/openttdrs/target/performance/render-residual-cpu-20261002/active/client
active,273,1,5.025125,0.04737091425864519,671793,openttdrs_core::sim_step::cargo_transfer::finish_consist_unloading,/home/cristian/repos/propios/ProyectoOpenTtd/openttdrs/target/performance/render-residual-cpu-20261002/active/client
active,274,1,5.025125,0.04737091425864519,671796,"<bevy_ecs::system::function_system::FunctionSystem<fn(bevy_ecs::change_detection::params::Res<openttdrs_client::render::tile_anims::TileAnimClock>, bevy_ecs::change_detection::params::ResMut<openttdrs_client::ui::toolbar::ToolbarState>), (), (), openttdrs_client::render::tile_anims::sync_toolbar_anim_cursor> as bevy_ecs::system::system::System>::run_unsafe",/home/cristian/repos/propios/ProyectoOpenTtd/openttdrs/target/performance/render-residual-cpu-20261002/active/client
active,275,1,5.025125,0.04737091425864519,671795,openttdrs_core::newgrf_callback::vehicle_visual_effect_spec,/home/cristian/repos/propios/ProyectoOpenTtd/openttdrs/target/performance/render-residual-cpu-20261002/active/client
active,276,1,5.025125,0.04737091425864519,671797,"taffy::compute::flexbox::calculate_layout_line::<taffy::tree::taffy_tree::TaffyView<bevy_ui::measurement::NodeMeasure, <bevy_ui::layout::ui_surface::UiSurface>::compute_layout::{closure#0}>>",/home/cristian/repos/propios/ProyectoOpenTtd/openttdrs/target/performance/render-residual-cpu-20261002/active/client
active,277,1,5.025125,0.04737091425864519,671818,<wgpu_core::command::BakedCommands>::initialize_buffer_memory,/home/cristian/repos/propios/ProyectoOpenTtd/openttdrs/target/performance/render-residual-cpu-20261002/active/client
active,278,1,5.025125,0.04737091425864519,671793,openttdrs_core::ship_movement::ship_controller_tick_inner,/home/cristian/repos/propios/ProyectoOpenTtd/openttdrs/target/performance/render-residual-cpu-20261002/active/client
active,279,1,5.025125,0.04737091425864519,671793,openttdrs_core::map::water_flood::process_water_flood_from_visits,/home/cristian/repos/propios/ProyectoOpenTtd/openttdrs/target/performance/render-residual-cpu-20261002/active/client
active,280,1,5.025125,0.04737091425864519,671818,core::ptr::drop_glue::<wgpu_core::command::draw::DrawError>,/home/cristian/repos/propios/ProyectoOpenTtd/openttdrs/target/performance/render-residual-cpu-20261002/active/client
active,281,1,5.025125,0.04737091425864519,671792,<std::hash::random::RandomState as core::hash::BuildHasher>::hash_one::<&usize>,/home/cristian/repos/propios/ProyectoOpenTtd/openttdrs/target/performance/render-residual-cpu-20261002/active/client
active,282,1,5.025125,0.04737091425864519,671795,<bevy_ui::ui_node::ComputedNode>::resolve_clip_rect,/home/cristian/repos/propios/ProyectoOpenTtd/openttdrs/target/performance/render-residual-cpu-20261002/active/client
active,283,1,5.025125,0.04737091425864519,671795,<read_fonts::tables::head::Head>::x_min,/home/cristian/repos/propios/ProyectoOpenTtd/openttdrs/target/performance/render-residual-cpu-20261002/active/client
active,284,1,5.025125,0.04737091425864519,671818,<bevy_ecs::bundle::info::Bundles>::register_info::<bevy_render::sync_world::TemporaryRenderEntity>,/home/cristian/repos/propios/ProyectoOpenTtd/openttdrs/target/performance/render-residual-cpu-20261002/active/client
active,285,1,5.025125,0.04737091425864519,671793,openttdrs_core::train_consist::topology::unit_capacity_for_vehicle,/home/cristian/repos/propios/ProyectoOpenTtd/openttdrs/target/performance/render-residual-cpu-20261002/active/client
active,286,1,5.025125,0.04737091425864519,671793,<taffy::tree::taffy_tree::TaffyTree<_>>::mark_dirty::mark_dirty_recursive,/home/cristian/repos/propios/ProyectoOpenTtd/openttdrs/target/performance/render-residual-cpu-20261002/active/client
active,287,1,5.025125,0.04737091425864519,671818,bevy_ecs::schedule::executor::multi_threaded::apply_deferred,/home/cristian/repos/propios/ProyectoOpenTtd/openttdrs/target/performance/render-residual-cpu-20261002/active/client
active,288,1,5.025125,0.04737091425864519,671795,"<&mut openttdrs_client::ui::toolbar::depot_panel::handle_depot_panel_buttons as core::ops::function::FnMut<(bevy_ecs::system::query::Query<(&bevy_ui::focus::Interaction, &openttdrs_client::ui::toolbar::depot_panel::DepotPanelButton), (bevy_ecs::query::filter::Changed<bevy_ui::focus::Interaction>, bevy_ecs::query::filter::With<bevy_ui::widget::button::Button>)>, bevy_ecs::system::query::Query<(&bevy_ui::focus::Interaction, &openttdrs_client::ui::toolbar::depot_panel::DepotSellButton), (bevy_ecs::query::filter::Changed<bevy_ui::focus::Interaction>, bevy_ecs::query::filter::With<bevy_ui::widget::button::Button>, bevy_ecs::query::filter::Without<openttdrs_client::ui::toolbar::depot_panel::DepotPanelButton>, bevy_ecs::query::filter::Without<openttdrs_client::ui::toolbar::depot_panel::DepotVehicleRow>, bevy_ecs::query::filter::Without<openttdrs_client::ui::toolbar::depot_panel::DepotRunningButton>)>, bevy_ecs::system::query::Query<(&bevy_ui::focus::Interaction, &openttdrs_client::ui::toolbar::depot_panel::DepotRunningButton), (bevy_ecs::query::filter::Changed<bevy_ui::focus::Interaction>, bevy_ecs::query::filter::With<bevy_ui::widget::button::Button>, bevy_ecs::query::filter::Without<openttdrs_client::ui::toolbar::depot_panel::DepotPanelButton>, bevy_ecs::query::filter::Without<openttdrs_client::ui::toolbar::depot_panel::DepotVehicleRow>, bevy_ecs::query::filter::Without<openttdrs_client::ui::toolbar::depot_panel::DepotSellButton>)>, bevy_ecs::change_detection::params::ResMut<openttdrs_client::ui::toolbar::depot_panel::DepotPanelState>, bevy_ecs::change_detection::params::ResMut<openttdrs_client::ui::toolbar::OrderEditState>, bevy_ecs::change_detection::params::ResMut<openttdrs_client::ui::buy_window::BuyVehicleWindowState>, bevy_ecs::change_detection::params::ResMut<openttdrs_client::ui::autoreplace_window::AutoreplaceWindowState>, bevy_ecs::change_detection::params::ResMut<openttdrs_client::state::SimWorld>, bevy_ecs::change_detection::params::ResMut<openttdrs_client::render::world::plugin::RemapMapVisualsPending>, bevy_ecs::change_detection::params::ResMut<openttdrs_client::ui::hud::HudBuildFeedback>, bevy_ecs::system::query::Query<&mut bevy_text::editing::EditableText, bevy_ecs::query::filter::With<openttdrs_client::ui::toolbar::depot_panel::DepotRenameInput>>, bevy_ecs::system::query::Query<&mut bevy_transform::components::transform::Transform, (bevy_ecs::query::filter::With<openttdrs_client::render::components::PrimaryGameCamera>, bevy_ecs::query::filter::Without<openttdrs_client::render::components::MapPreviewCamera>)>, core::option::Option<bevy_ecs::change_detection::params::Res<openttdrs_client::settings::ClientPreferences>>, bevy_ecs::change_detection::params::Res<bevy_time::time::Time>)>>::call_mut",/home/cristian/repos/propios/ProyectoOpenTtd/openttdrs/target/performance/render-residual-cpu-20261002/active/client
active,289,1,5.025125,0.04737091425864519,671793,openttdrs_client::render::tiles::land::spawn_generic_land_tile_with_objects_and_water,/home/cristian/repos/propios/ProyectoOpenTtd/openttdrs/target/performance/render-residual-cpu-20261002/active/client
active,290,1,5.025125,0.04737091425864519,671785,<bevy_ecs::component::info::ComponentDescriptor>::drop_ptr::<bevy_mesh::components::Mesh2d>,/home/cristian/repos/propios/ProyectoOpenTtd/openttdrs/target/performance/render-residual-cpu-20261002/active/client
active,291,1,5.025125,0.04737091425864519,671785,<bevy_ecs::world::World>::register_bundle_info::<bevy_render::sync_world::MainEntity>,/home/cristian/repos/propios/ProyectoOpenTtd/openttdrs/target/performance/render-residual-cpu-20261002/active/client
active,292,1,5.025125,0.04737091425864519,671793,"<&mut openttdrs_client::ui::toolbar::build_input::click::handle_tile_click as core::ops::function::FnMut<(bevy_ecs::change_detection::params::Res<bevy_input::button_input::ButtonInput<bevy_input::mouse::MouseButton>>, openttdrs_client::ui::pointer::PointerCapture, bevy_ecs::system::query::Query<&bevy_window::window::Window, bevy_ecs::query::filter::With<bevy_window::window::PrimaryWindow>>, bevy_ecs::system::query::Query<(&bevy_camera::camera::Camera, &bevy_transform::components::global_transform::GlobalTransform), (bevy_ecs::query::filter::With<openttdrs_client::render::components::PrimaryGameCamera>, bevy_ecs::query::filter::Without<openttdrs_client::render::components::MapPreviewCamera>)>, bevy_ecs::change_detection::params::ResMut<openttdrs_client::ui::toolbar::UiToolState>, openttdrs_client::ui::toolbar::build_input::click::PanelStates, openttdrs_client::ui::toolbar::build_input::apply_intent::IntentApplyContext, bevy_ecs::system::query::Query<&bevy_ui::focus::Interaction, (bevy_ecs::query::filter::With<openttdrs_client::ui::toolbar::BuildMenuUi>, bevy_ecs::query::filter::Without<openttdrs_client::ui::toolbar::minimap::MinimapRoot>, bevy_ecs::query::filter::Without<openttdrs_client::ui::toolbar::minimap::MinimapCell>)>, bevy_ecs::change_detection::params::Res<openttdrs_client::ui::hud::HoveredTileCoord>, bevy_ecs::change_detection::params::Res<bevy_time::time::Time>, core::option::Option<bevy_ecs::change_detection::params::Res<openttdrs_client::render::vehicles::assets::TruckHandles>>, core::option::Option<bevy_ecs::change_detection::params::ResMut<openttdrs_client::render::vehicles::assets::NewGrfTrainSpriteCache>>, core::option::Option<bevy_ecs::change_detection::params::ResMut<bevy_asset::assets::Assets<bevy_image::image::Image>>>)>>::call_mut",/home/cristian/repos/propios/ProyectoOpenTtd/openttdrs/target/performance/render-residual-cpu-20261002/active/client
active,293,1,5.025125,0.04737091425864519,671796,<bevy_render::render_phase::BinnedRenderPhase<bevy_core_pipeline::core_2d::Opaque2d>>::remove,/home/cristian/repos/propios/ProyectoOpenTtd/openttdrs/target/performance/render-residual-cpu-20261002/active/client
active,294,1,5.025125,0.04737091425864519,671797,"<alloc::vec::Vec<usize> as alloc::vec::spec_from_iter_nested::SpecFromIterNested<usize, core::iter::adapters::map::Map<core::iter::adapters::filter::Filter<core::slice::iter::Iter<(usize, openttdrs_core::map::types::TileCoord, i32)>, openttdrs_core::town::produce_town_cargo_with_towns::{closure#2}>, openttdrs_core::town::produce_town_cargo_with_towns::{closure#3}>>>::from_iter",/home/cristian/repos/propios/ProyectoOpenTtd/openttdrs/target/performance/render-residual-cpu-20261002/active/client
active,295,1,5.025125,0.04737091425864519,671818,<wgpu_hal::vulkan::CommandEncoder as wgpu_hal::CommandEncoder>::begin_render_pass,/home/cristian/repos/propios/ProyectoOpenTtd/openttdrs/target/performance/render-residual-cpu-20261002/active/client
active,296,1,5.025125,0.04737091425864519,671794,openttdrs_core::bridge_spec::water_aqueduct_allows_adjacent_step,/home/cristian/repos/propios/ProyectoOpenTtd/openttdrs/target/performance/render-residual-cpu-20261002/active/client
active,297,1,5.025125,0.04737091425864519,671794,openttdrs_core::ship_movement::water_tiles_connected,/home/cristian/repos/propios/ProyectoOpenTtd/openttdrs/target/performance/render-residual-cpu-20261002/active/client
active,298,1,5.025125,0.04737091425864519,671793,<openttdrs_client::render::vehicles::assets::TruckHandles>::for_vehicle_with_catalog,/home/cristian/repos/propios/ProyectoOpenTtd/openttdrs/target/performance/render-residual-cpu-20261002/active/client
active,299,1,5.025125,0.04737091425864519,671795,"<bevy_ecs::query::state::QueryState<(&mut bevy_transform::components::transform::Transform, &mut bevy_camera::camera::Camera), (bevy_ecs::query::filter::With<openttdrs_client::ui::vehicle_window::VehicleWindowPreviewCamera>, bevy_ecs::query::filter::Without<openttdrs_client::render::components::PrimaryGameCamera>)>>::update_archetypes_unsafe_world_cell",/home/cristian/repos/propios/ProyectoOpenTtd/openttdrs/target/performance/render-residual-cpu-20261002/active/client
active,300,1,5.025125,0.04737091425864519,671792,<alloc::vec::Vec<openttdrs_core::map::types::TileCoord>>::retain::<openttdrs_core::station::geometry::dock_station_tiles::{closure#0}>,/home/cristian/repos/propios/ProyectoOpenTtd/openttdrs/target/performance/render-residual-cpu-20261002/active/client
active,301,1,5.025125,0.04737091425864519,671818,<wgpu_core::binding_model::BindGroup as wgpu_core::resource::ParentDevice>::same_device,/home/cristian/repos/propios/ProyectoOpenTtd/openttdrs/target/performance/render-residual-cpu-20261002/active/client
active,302,1,5.025125,0.04737091425864519,671792,"<hashbrown::raw::RawTable<((u32, u16), u32)>>::reserve_rehash::<hashbrown::map::make_hasher<(u32, u16), u32, std::hash::random::RandomState>::{closure#0}>",/home/cristian/repos/propios/ProyectoOpenTtd/openttdrs/target/performance/render-residual-cpu-20261002/active/client
active,303,1,5.025125,0.04737091425864519,671785,<bevy_app::sub_app::SubApps>::update,/home/cristian/repos/propios/ProyectoOpenTtd/openttdrs/target/performance/render-residual-cpu-20261002/active/client
active,304,1,5.025125,0.04737091425864519,671797,<bevy_ui::layout::ui_surface::UiSurface>::upsert_node,/home/cristian/repos/propios/ProyectoOpenTtd/openttdrs/target/performance/render-residual-cpu-20261002/active/client
active,305,1,5.025125,0.04737091425864519,671795,"<bevy_ecs::system::function_system::FunctionSystem<fn(bevy_ecs::system::query::Query<(&bevy_ui::focus::Interaction, &openttdrs_client::ui::refit_window::RefitCargoRow, &openttdrs_client::ui::vehicle_chain::VehicleChainSlot), (bevy_ecs::query::filter::Changed<bevy_ui::focus::Interaction>, bevy_ecs::query::filter::With<bevy_ui::widget::button::Button>)>, bevy_ecs::system::query::Query<(&bevy_ui::focus::Interaction, &openttdrs_client::ui::refit_window::RefitUnitRow, &openttdrs_client::ui::vehicle_chain::VehicleChainSlot), (bevy_ecs::query::filter::Changed<bevy_ui::focus::Interaction>, bevy_ecs::query::filter::With<bevy_ui::widget::button::Button>)>, bevy_ecs::change_detection::params::ResMut<openttdrs_client::ui::refit_window::RefitWindowState>, bevy_ecs::change_detection::params::ResMut<openttdrs_client::state::SimWorld>, bevy_ecs::change_detection::params::ResMut<openttdrs_client::render::world::plugin::RemapMapVisualsPending>, bevy_ecs::change_detection::params::ResMut<openttdrs_client::ui::hud::HudBuildFeedback>, bevy_ecs::change_detection::params::Res<bevy_time::time::Time>), (), (), openttdrs_client::ui::refit_window::handle_refit_window_buttons> as bevy_ecs::system::system::System>::run_unsafe",/home/cristian/repos/propios/ProyectoOpenTtd/openttdrs/target/performance/render-residual-cpu-20261002/active/client
active,306,1,5.025125,0.04737091425864519,671796,"<either::Either<core::iter::adapters::chain::Chain<core::iter::adapters::map::Map<core::slice::iter::Iter<(bevy_ecs::entity::Entity, bevy_render::sync_world::MainEntity)>, <bevy_render::view::visibility::RenderVisibleEntitiesClass>::iter_visible::{closure#0}>, core::iter::adapters::map::Map<hashbrown::map::Iter<bevy_render::sync_world::MainEntity, bevy_ecs::entity::Entity>, <bevy_render::view::visibility::RenderVisibleEntitiesClass>::iter_visible::{closure#1}>>, core::iter::adapters::chain::Chain<core::iter::adapters::map::Map<core::slice::iter::Iter<(bevy_ecs::entity::Entity, bevy_render::sync_world::MainEntity)>, <bevy_render::camera::DirtySpecializations>::iter_to_specialize::{closure#0}>, core::iter::adapters::filter_map::FilterMap<hashbrown::set::Iter<bevy_render::sync_world::MainEntity>, <bevy_render::camera::DirtySpecializations>::iter_to_specialize::{closure#1}>>> as core::iter::traits::iterator::Iterator>::next",/home/cristian/repos/propios/ProyectoOpenTtd/openttdrs/target/performance/render-residual-cpu-20261002/active/client
active,307,1,5.025125,0.04737091425864519,671818,wl_proxy_marshal_flags,/usr/lib/x86_64-linux-gnu/libwayland-client.so.0.24.0
active,308,1,5.025125,0.04737091425864519,671793,"<&mut openttdrs_client::ui::toolbar::systems::tools::update_tool_button_visuals as core::ops::function::FnMut<(bevy_ecs::change_detection::params::Res<openttdrs_client::ui::toolbar::UiToolState>, bevy_ecs::system::query::Query<(&openttdrs_client::ui::toolbar::BuildMenuAction, &bevy_ui::focus::Interaction, &mut bevy_ui::ui_node::BackgroundColor, &mut bevy_ui::ui_node::BorderColor), bevy_ecs::query::filter::With<openttdrs_client::ui::toolbar::ToolSelectButton>>)>>::call_mut",/home/cristian/repos/propios/ProyectoOpenTtd/openttdrs/target/performance/render-residual-cpu-20261002/active/client
active,309,1,5.025125,0.04737091425864519,671797,<openttdrs_core::vehicle::model::Vehicle>::is_timetable_controller_unit,/home/cristian/repos/propios/ProyectoOpenTtd/openttdrs/target/performance/render-residual-cpu-20261002/active/client
active,310,1,5.025125,0.04737091425864519,671797,"<bevy_ecs::system::function_system::FunctionSystem<fn(bevy_ecs::system::query::Query<(&bevy_ui::focus::Interaction, &openttdrs_client::ui::toolbar::rail_station_window::StationCatalogOpenButton), (bevy_ecs::query::filter::Changed<bevy_ui::focus::Interaction>, bevy_ecs::query::filter::With<bevy_ui::widget::button::Button>)>, bevy_ecs::change_detection::params::ResMut<openttdrs_client::ui::toolbar::rail_station_window::StationCatalogPickerState>), (), (), openttdrs_client::ui::toolbar::rail_station_window::handle_station_catalog_open_buttons> as bevy_ecs::system::system::System>::run_unsafe",/home/cristian/repos/propios/ProyectoOpenTtd/openttdrs/target/performance/render-residual-cpu-20261002/active/client
active,311,1,5.025125,0.04737091425864519,671793,<alloc::vec::Vec<taffy::style::grid::GridTemplateComponent<alloc::string::String>> as core::ops::drop::Drop>::drop,/home/cristian/repos/propios/ProyectoOpenTtd/openttdrs/target/performance/render-residual-cpu-20261002/active/client
active,312,1,5.025125,0.04737091425864519,671795,"<&mut openttdrs_core::sim_step::service_followers_after_generation_changes::{closure#0} as core::ops::function::FnMut<(&(u32, u32),)>>::call_mut",/home/cristian/repos/propios/ProyectoOpenTtd/openttdrs/target/performance/render-residual-cpu-20261002/active/client
active,313,1,5.025125,0.04737091425864519,671797,openttdrs_client::render::tiles::objects::spawn_station_tile_with_world_and_road_types,/home/cristian/repos/propios/ProyectoOpenTtd/openttdrs/target/performance/render-residual-cpu-20261002/active/client
active,314,1,5.025125,0.04737091425864519,671795,bevy_sprite::calculate_bounds_2d,/home/cristian/repos/propios/ProyectoOpenTtd/openttdrs/target/performance/render-residual-cpu-20261002/active/client
active,315,1,5.025125,0.04737091425864519,671792,<openttdrs_core::cargo_packet::types::StationCargoList>::is_empty,/home/cristian/repos/propios/ProyectoOpenTtd/openttdrs/target/performance/render-residual-cpu-20261002/active/client
active,316,1,5.025125,0.04737091425864519,671792,"<alloc::vec::Vec<openttdrs_core::map::types::TileCoord> as alloc::vec::spec_from_iter_nested::SpecFromIterNested<openttdrs_core::map::types::TileCoord, core::iter::adapters::chain::Chain<core::iter::adapters::copied::Copied<alloc::collections::vec_deque::iter::Iter<openttdrs_core::map::types::TileCoord>>, core::iter::sources::once::Once<openttdrs_core::map::types::TileCoord>>>>::from_iter",/home/cristian/repos/propios/ProyectoOpenTtd/openttdrs/target/performance/render-residual-cpu-20261002/active/client
active,317,1,5.025125,0.04737091425864519,671818,<openttdrs_client::render::train_smoke::VisualEffectHeadState>::from_vehicle,/home/cristian/repos/propios/ProyectoOpenTtd/openttdrs/target/performance/render-residual-cpu-20261002/active/client
active,318,1,5.025125,0.04737091425864519,671794,"<hashbrown::map::HashMap<(bevy_ecs::entity::Entity, i64), bevy_ecs::entity::Entity, std::hash::random::RandomState>>::remove::<(bevy_ecs::entity::Entity, i64)>",/home/cristian/repos/propios/ProyectoOpenTtd/openttdrs/target/performance/render-residual-cpu-20261002/active/client
active,319,1,5.025125,0.04737091425864519,671785,<bevy_ecs::world::entity_access::world_mut::EntityWorldMut>::update_location,/home/cristian/repos/propios/ProyectoOpenTtd/openttdrs/target/performance/render-residual-cpu-20261002/active/client
active,320,1,5.025125,0.04737091425864519,671795,openttdrs_core::company::company_livery_colours,/home/cristian/repos/propios/ProyectoOpenTtd/openttdrs/target/performance/render-residual-cpu-20261002/active/client
active,321,1,5.025125,0.04737091425864519,671794,openttdrs_core::news::vehicle_advice::poll_vehicle_advice_news,/home/cristian/repos/propios/ProyectoOpenTtd/openttdrs/target/performance/render-residual-cpu-20261002/active/client
active,322,1,5.025125,0.04737091425864519,671792,__strncmp_evex,/usr/lib/x86_64-linux-gnu/libc.so.6
active,323,1,5.025125,0.04737091425864519,671818,"<bevy_ecs::query::state::QueryState<(bevy_render::sync_world::RenderEntity, &bevy_light::probe::Skybox, core::option::Option<&bevy_camera::camera::Exposure>)>>::update_archetypes_unsafe_world_cell",/home/cristian/repos/propios/ProyectoOpenTtd/openttdrs/target/performance/render-residual-cpu-20261002/active/client
active,324,1,5.025125,0.04737091425864519,671797,<alloc::raw_vec::RawVec<usize>>::grow_one,/home/cristian/repos/propios/ProyectoOpenTtd/openttdrs/target/performance/render-residual-cpu-20261002/active/client
active,325,1,5.025125,0.04737091425864519,671797,openttdrs_core::train_collision::detect_train_collisions,/home/cristian/repos/propios/ProyectoOpenTtd/openttdrs/target/performance/render-residual-cpu-20261002/active/client
active,326,1,5.025125,0.04737091425864519,671792,<bevy_ui::experimental::ghost_hierarchy::UiChildren>::is_changed,/home/cristian/repos/propios/ProyectoOpenTtd/openttdrs/target/performance/render-residual-cpu-20261002/active/client
active,327,1,5.025125,0.04737091425864519,671794,"core::slice::sort::unstable::quicksort::quicksort::<indexmap::Bucket<(bevy_core_pipeline::core_2d::BatchSetKey2d, bevy_core_pipeline::core_2d::AlphaMask2dBinKey), bevy_render::render_phase::RenderBin>, <[indexmap::Bucket<(bevy_core_pipeline::core_2d::BatchSetKey2d, bevy_core_pipeline::core_2d::AlphaMask2dBinKey), bevy_render::render_phase::RenderBin>]>::sort_unstable_by<<indexmap::map::IndexMap<(bevy_core_pipeline::core_2d::BatchSetKey2d, bevy_core_pipeline::core_2d::AlphaMask2dBinKey), bevy_render::render_phase::RenderBin>>::sort_unstable_keys::{closure#0}::{closure#0}>::{closure#0}>",/home/cristian/repos/propios/ProyectoOpenTtd/openttdrs/target/performance/render-residual-cpu-20261002/active/client
active,328,1,5.025125,0.04737091425864519,671792,drmSyncobjTimelineWait@plt,/usr/lib/x86_64-linux-gnu/libvulkan_radeon.so
active,329,1,5.025125,0.04737091425864519,671795,"<alloc::collections::btree::node::NodeRef<alloc::collections::btree::node::marker::Mut, core::option::Option<openttdrs_core::map::types::TileCoord>, u32, alloc::collections::btree::node::marker::LeafOrInternal>>::search_tree::<core::option::Option<openttdrs_core::map::types::TileCoord>>",/home/cristian/repos/propios/ProyectoOpenTtd/openttdrs/target/performance/render-residual-cpu-20261002/active/client
active,330,1,5.025125,0.04737091425864519,671785,<wayland_backend::sys::client::WeakBackend>::upgrade,/home/cristian/repos/propios/ProyectoOpenTtd/openttdrs/target/performance/render-residual-cpu-20261002/active/client
active,331,1,5.025125,0.04737091425864519,671796,<wgpu_core::global::Global>::render_pass_set_bind_group,/home/cristian/repos/propios/ProyectoOpenTtd/openttdrs/target/performance/render-residual-cpu-20261002/active/client
active,332,1,5.025125,0.04737091425864519,671818,"<bevy_ecs::query::state::QueryState<(&openttdrs_client::render::vehicles::sync::VehicleCargoLabel, &mut bevy_transform::components::transform::Transform, &mut bevy_sprite::text2d::Text2d, &mut bevy_text::text::TextColor, &mut bevy_camera::visibility::Visibility), (bevy_ecs::query::filter::Without<openttdrs_client::render::vehicles::sync::VehicleSprite>, bevy_ecs::query::filter::Without<openttdrs_client::render::vehicles::sync::ConsistUnitSprite>, bevy_ecs::query::filter::Without<openttdrs_client::render::vehicles::sync::AircraftShadowSprite>, bevy_ecs::query::filter::Without<openttdrs_client::render::vehicles::sync::AircraftRotorSprite>)>>::update_archetypes_unsafe_world_cell",/home/cristian/repos/propios/ProyectoOpenTtd/openttdrs/target/performance/render-residual-cpu-20261002/active/client
active,333,1,5.025125,0.04737091425864519,671793,openttdrs_core::train_consist::pose::route_directions_at,/home/cristian/repos/propios/ProyectoOpenTtd/openttdrs/target/performance/render-residual-cpu-20261002/active/client
active,334,1,5.025125,0.04737091425864519,671818,"<&mut openttdrs_client::ui::scrollbar::sync_scroll_thumbs as core::ops::function::FnMut<(bevy_ecs::system::query::Query<(&openttdrs_client::ui::scrollbar::ClassicScrollTrack, &bevy_ui::ui_node::ComputedNode, &bevy_ecs::hierarchy::Children)>, bevy_ecs::system::query::Query<(&bevy_ui::ui_node::ScrollPosition, &bevy_ui::ui_node::ComputedNode, core::option::Option<&bevy_ecs::hierarchy::Children>)>, bevy_ecs::system::query::Query<&bevy_ui::ui_node::ComputedNode>, bevy_ecs::system::query::Query<&mut bevy_ui::ui_node::Node, bevy_ecs::query::filter::With<openttdrs_client::ui::scrollbar::ClassicScrollThumb>>)>>::call_mut",/home/cristian/repos/propios/ProyectoOpenTtd/openttdrs/target/performance/render-residual-cpu-20261002/active/client
active,335,1,5.025125,0.04737091425864519,671785,"<indexmap::map::entry::Entry<core::any::TypeId, bevy_ecs::bundle::info::BundleId>>::new",/home/cristian/repos/propios/ProyectoOpenTtd/openttdrs/target/performance/render-residual-cpu-20261002/active/client
active,336,1,5.025125,0.04737091425864519,671796,<openttdrs_core::vehicle::model::Vehicle>::update_order_dest_with_stations_impl,/home/cristian/repos/propios/ProyectoOpenTtd/openttdrs/target/performance/render-residual-cpu-20261002/active/client
active,337,1,5.025125,0.04737091425864519,671785,<wayland_client::protocol::wl_surface::WlSurface as wayland_client::Proxy>::write_request,/home/cristian/repos/propios/ProyectoOpenTtd/openttdrs/target/performance/render-residual-cpu-20261002/active/client
active,338,1,5.025125,0.04737091425864519,671796,openttdrs_core::depot_leave::tick_train_stay_in_depot_indexed,/home/cristian/repos/propios/ProyectoOpenTtd/openttdrs/target/performance/render-residual-cpu-20261002/active/client
active,339,1,5.025125,0.04737091425864519,671797,"<hashbrown::raw::RawTable<(u8, u32)> as core::clone::Clone>::clone_from",/home/cristian/repos/propios/ProyectoOpenTtd/openttdrs/target/performance/render-residual-cpu-20261002/active/client
active,340,1,5.025125,0.04737091425864519,671792,<parking::Inner>::park,/home/cristian/repos/propios/ProyectoOpenTtd/openttdrs/target/performance/render-residual-cpu-20261002/active/client
active,341,1,5.025125,0.04737091425864519,671795,<openttdrs_core::rail_pbs::conflicts::TrainOccupancyIndex>::from_vehicles,/home/cristian/repos/propios/ProyectoOpenTtd/openttdrs/target/performance/render-residual-cpu-20261002/active/client
active,342,1,5.025125,0.04737091425864519,671795,openttdrs_core::sim_step::movement::sync_road_articulated_parts,/home/cristian/repos/propios/ProyectoOpenTtd/openttdrs/target/performance/render-residual-cpu-20261002/active/client
active,343,1,5.025125,0.04737091425864519,671785,"<indexmap::map::IndexMap<core::any::TypeId, bevy_ecs::component::info::ComponentId, bevy_platform::hash::NoOpHash>>::get::<core::any::TypeId>",/home/cristian/repos/propios/ProyectoOpenTtd/openttdrs/target/performance/render-residual-cpu-20261002/active/client
active,344,1,5.025125,0.04737091425864519,671795,"<indexmap::inner::Core<(bevy_ecs::entity::Entity, bevy_render::sync_world::MainEntity), bevy_ui_render::render_pass::TransparentUi>>::swap_remove_full::<(bevy_ecs::entity::Entity, bevy_render::sync_world::MainEntity)>",/home/cristian/repos/propios/ProyectoOpenTtd/openttdrs/target/performance/render-residual-cpu-20261002/active/client
active,345,1,5.025125,0.04737091425864519,671796,openttdrs_core::aircraft_crash::maybe_crash_after_brake_tick,/home/cristian/repos/propios/ProyectoOpenTtd/openttdrs/target/performance/render-residual-cpu-20261002/active/client
active,346,1,5.025125,0.04737091425864519,671818,<bevy_ecs::world::World>::flush_commands,/home/cristian/repos/propios/ProyectoOpenTtd/openttdrs/target/performance/render-residual-cpu-20261002/active/client
active,347,1,5.025125,0.04737091425864519,671797,"<std::hash::random::RandomState as core::hash::BuildHasher>::hash_one::<&(bevy_ecs::entity::Entity, i64)>",/home/cristian/repos/propios/ProyectoOpenTtd/openttdrs/target/performance/render-residual-cpu-20261002/active/client
active,348,1,5.025125,0.04737091425864519,671794,"<futures_lite::future::Or<futures_lite::future::Or<<bevy_tasks::task_pool::TaskPool>::new_internal::{closure#0}::{closure#0}::{closure#0}::{closure#0}::{closure#0}, async_channel::Recv<()>>, <async_executor::State>::run<core::result::Result<(), async_channel::RecvError>, futures_lite::future::Or<<bevy_tasks::task_pool::TaskPool>::new_internal::{closure#0}::{closure#0}::{closure#0}::{closure#0}::{closure#0}, async_channel::Recv<()>>>::{closure#0}::{closure#0}> as core::future::future::Future>::poll",/home/cristian/repos/propios/ProyectoOpenTtd/openttdrs/target/performance/render-residual-cpu-20261002/active/client
active,349,1,5.025125,0.04737091425864519,671795,<alloc::vec::Vec<openttdrs_core::town::TownSuppliedCargo> as core::clone::Clone>::clone,/home/cristian/repos/propios/ProyectoOpenTtd/openttdrs/target/performance/render-residual-cpu-20261002/active/client
active,350,1,5.025125,0.04737091425864519,671792,<bevy_render::render_phase::BinnedRenderPhase<bevy_core_pipeline::core_2d::AlphaMask2d>>::add,/home/cristian/repos/propios/ProyectoOpenTtd/openttdrs/target/performance/render-residual-cpu-20261002/active/client
active,351,1,5.025125,0.04737091425864519,671792,openttdrs_client::render::vehicles::sync::set_sprite_image_if_changed,/home/cristian/repos/propios/ProyectoOpenTtd/openttdrs/target/performance/render-residual-cpu-20261002/active/client
active,352,1,5.025125,0.04737091425864519,671797,"<&mut openttdrs_client::ui::hud::income_popup::animate_income_popups as core::ops::function::FnMut<(bevy_ecs::change_detection::params::Res<bevy_time::time::Time>, bevy_ecs::system::query::Query<(bevy_ecs::entity::Entity, &mut bevy_transform::components::transform::Transform, &mut openttdrs_client::ui::hud::income_popup::IncomePopupText, &mut bevy_camera::visibility::Visibility)>, bevy_ecs::system::commands::Commands)>>::call_mut",/home/cristian/repos/propios/ProyectoOpenTtd/openttdrs/target/performance/render-residual-cpu-20261002/active/client
active,353,1,5.025125,0.04737091425864519,671793,<concurrent_queue::ConcurrentQueue<async_task::runnable::Runnable>>::pop,/home/cristian/repos/propios/ProyectoOpenTtd/openttdrs/target/performance/render-residual-cpu-20261002/active/client
active,354,1,5.025125,0.04737091425864519,671796,"<bevy_ecs::query::state::QueryState<(&openttdrs_client::ui::vehicle_chain::VehicleChainSlot, &openttdrs_client::ui::timetable_window::TimetableOrderRowStrip, &mut bevy_ui::ui_node::Node), (bevy_ecs::query::filter::Without<bevy_ui::widget::button::Button>, bevy_ecs::query::filter::Without<openttdrs_client::ui::timetable_window::TimetableOrderRowLabel>)>>::update_archetypes_unsafe_world_cell",/home/cristian/repos/propios/ProyectoOpenTtd/openttdrs/target/performance/render-residual-cpu-20261002/active/client
active,355,1,5.025125,0.04737091425864519,671795,bevy_render::view::prepare_view_uniforms,/home/cristian/repos/propios/ProyectoOpenTtd/openttdrs/target/performance/render-residual-cpu-20261002/active/client
active,356,1,5.025125,0.04737091425864519,671796,"<hashbrown::map::HashMap<u32, usize, ahash::random_state::RandomState> as core::clone::Clone>::clone",/home/cristian/repos/propios/ProyectoOpenTtd/openttdrs/target/performance/render-residual-cpu-20261002/active/client
active,357,1,5.025125,0.04737091425864519,671796,syscall,/usr/lib/x86_64-linux-gnu/libc.so.6
active,358,1,5.025125,0.04737091425864519,671818,"core::slice::sort::unstable::quicksort::quicksort::<bevy_ecs::entity::Entity, <[bevy_ecs::entity::Entity]>::sort_unstable_by_key<bevy_ecs::entity::EntityIndex, bevy_render::sync_world::despawn_temporary_render_entities::{closure#0}>::{closure#0}>",/home/cristian/repos/propios/ProyectoOpenTtd/openttdrs/target/performance/render-residual-cpu-20261002/active/client
active,359,1,5.025125,0.04737091425864519,671785,"<bevy_ecs::system::function_system::FunctionSystem<fn(core::option::Option<bevy_ecs::change_detection::params::Res<openttdrs_client::state::SimWorld>>, core::option::Option<bevy_ecs::change_detection::params::Res<openttdrs_client::network::plugin::NetworkRuntime>>, bevy_ecs::change_detection::params::ResMut<openttdrs_client::ui::menu::model::ToolbarContext>), (), (), openttdrs_client::ui::menu::systems::refresh_toolbar_context> as bevy_ecs::system::system::System>::apply_deferred",/home/cristian/repos/propios/ProyectoOpenTtd/openttdrs/target/performance/render-residual-cpu-20261002/active/client
active,360,1,5.025125,0.04737091425864519,671794,<gpu_allocator::allocator::free_list_allocator::FreeListAllocator as gpu_allocator::allocator::SubAllocator>::allocate,/home/cristian/repos/propios/ProyectoOpenTtd/openttdrs/target/performance/render-residual-cpu-20261002/active/client
active,361,1,5.025125,0.04737091425864519,671793,"<indexmap::map::entry::Entry<(bevy_core_pipeline::core_2d::BatchSetKey2d, bevy_core_pipeline::core_2d::AlphaMask2dBinKey), bevy_render::render_phase::RenderBin>>::new",/home/cristian/repos/propios/ProyectoOpenTtd/openttdrs/target/performance/render-residual-cpu-20261002/active/client
active,362,1,5.025125,0.04737091425864519,671794,openttdrs_core::sim_step::routing::extend_orderless_vehicle_paths,/home/cristian/repos/propios/ProyectoOpenTtd/openttdrs/target/performance/render-residual-cpu-20261002/active/client
active,363,1,5.025125,0.04737091425864519,671818,<alloc::vec::Vec<core::option::Option<alloc::sync::Arc<wgpu_core::resource::Buffer>>>>::resize,/home/cristian/repos/propios/ProyectoOpenTtd/openttdrs/target/performance/render-residual-cpu-20261002/active/client
active,364,1,5.025125,0.04737091425864519,671818,"<&mut openttdrs_client::ui::ai_settings_window::handle_ai_settings_buttons as core::ops::function::FnMut<(bevy_ecs::change_detection::params::ResMut<openttdrs_client::state::SimWorld>, bevy_ecs::system::query::Query<(&bevy_ui::focus::Interaction, &openttdrs_client::ui::ai_settings_window::AiSettingsAction), (bevy_ecs::query::filter::Changed<bevy_ui::focus::Interaction>, bevy_ecs::query::filter::With<bevy_ui::widget::button::Button>)>)>>::call_mut",/home/cristian/repos/propios/ProyectoOpenTtd/openttdrs/target/performance/render-residual-cpu-20261002/active/client
active,365,1,5.025125,0.04737091425864519,671792,core::ptr::drop_glue::<openttdrs_core::engine::model::EngineDef>,/home/cristian/repos/propios/ProyectoOpenTtd/openttdrs/target/performance/render-residual-cpu-20261002/active/client
active,366,1,5.025125,0.04737091425864519,671785,<<bevy_ecs::system::commands::entity_command::insert<openttdrs_client::render::house_viewport_sort::ViewportSortableParent>::{closure#0} as bevy_ecs::system::commands::entity_command::EntityCommand>::with_entity::{closure#0} as bevy_ecs::system::commands::command::Command>::apply,/home/cristian/repos/propios/ProyectoOpenTtd/openttdrs/target/performance/render-residual-cpu-20261002/active/client
active,367,1,5.025125,0.04737091425864519,671818,"<bevy_ecs::system::function_system::FunctionSystem<fn(bevy_ecs::system::commands::Commands, bevy_ecs::change_detection::params::Res<bevy_render::render_resource::pipeline_cache::PipelineCache>, bevy_ecs::change_detection::params::ResMut<bevy_render::render_resource::pipeline_specializer::SpecializedRenderPipelines<bevy_post_process::bloom::upsampling_pipeline::BloomUpsamplingPipeline>>, bevy_ecs::change_detection::params::Res<bevy_post_process::bloom::upsampling_pipeline::BloomUpsamplingPipeline>, bevy_ecs::system::query::Query<(&bevy_render::view::ExtractedView, bevy_ecs::entity::Entity, &bevy_post_process::bloom::settings::Bloom)>), (), (), bevy_post_process::bloom::upsampling_pipeline::prepare_upsampling_pipeline> as bevy_ecs::system::system::System>::apply_deferred",/home/cristian/repos/propios/ProyectoOpenTtd/openttdrs/target/performance/render-residual-cpu-20261002/active/client
active,368,1,5.025125,0.04737091425864519,671792,<wgpu_core::global::Global>::render_pass_draw_indexed,/home/cristian/repos/propios/ProyectoOpenTtd/openttdrs/target/performance/render-residual-cpu-20261002/active/client
active,369,1,5.025125,0.04737091425864519,671796,<std::hash::random::RandomState as core::hash::BuildHasher>::hash_one::<&u8>,/home/cristian/repos/propios/ProyectoOpenTtd/openttdrs/target/performance/render-residual-cpu-20261002/active/client
active,370,1,5.025125,0.04737091425864519,671793,openttdrs_client::render::tiles::bridge_draw::spawn_bridge_deck_with_road_types,/home/cristian/repos/propios/ProyectoOpenTtd/openttdrs/target/performance/render-residual-cpu-20261002/active/client
active,371,1,5.025125,0.04737091425864519,671797,"core::slice::sort::stable::quicksort::quicksort::<(i64, usize), <(i64, usize) as core::cmp::PartialOrd>::lt>",/home/cristian/repos/propios/ProyectoOpenTtd/openttdrs/target/performance/render-residual-cpu-20261002/active/client
active,372,1,5.025125,0.04737091425864519,671785,"<concurrent_queue::unbounded::Unbounded<async_task::task::FallibleTask<core::result::Result<(), alloc::boxed::Box<dyn core::any::Any + core::marker::Send>>>>>::pop",/home/cristian/repos/propios/ProyectoOpenTtd/openttdrs/target/performance/render-residual-cpu-20261002/active/client
active,373,1,5.025125,0.04737091425864519,671794,<wgpu_hal::vulkan::PrivateCapabilities>::map_texture_format,/home/cristian/repos/propios/ProyectoOpenTtd/openttdrs/target/performance/render-residual-cpu-20261002/active/client
active,374,1,5.025125,0.04737091425864519,671797,openttdrs_core::train_consist::controller::propagate_consist_unit_poses_with_map_indexed,/home/cristian/repos/propios/ProyectoOpenTtd/openttdrs/target/performance/render-residual-cpu-20261002/active/client
active,375,1,5.025125,0.04737091425864519,671785,"bevy_ecs::observer::runner::observer_system_runner::<bevy_ecs::lifecycle::Insert, bevy_transform::components::global_transform::GlobalTransform, bevy_ecs::system::function_system::FunctionSystem<(bevy_ecs::system::function_system::HasSystemInput, fn(bevy_ecs::observer::system_param::On<bevy_ecs::lifecycle::Insert, bevy_transform::components::global_transform::GlobalTransform>, bevy_ecs::system::query::Query<&bevy_ecs::hierarchy::ChildOf>, bevy_ecs::system::query::Query<(), bevy_ecs::query::filter::With<bevy_transform::components::global_transform::GlobalTransform>>, bevy_ecs::message::message_writer::MessageWriter<bevy_app::hierarchy::CheckParentHasComponent<bevy_transform::components::global_transform::GlobalTransform>>)), bevy_ecs::observer::system_param::On<bevy_ecs::lifecycle::Insert, bevy_transform::components::global_transform::GlobalTransform>, (), bevy_app::hierarchy::validate_parent_has_component<bevy_transform::components::global_transform::GlobalTransform>>>",/home/cristian/repos/propios/ProyectoOpenTtd/openttdrs/target/performance/render-residual-cpu-20261002/active/client
active,376,1,5.025125,0.04737091425864519,671818,<bevy_ui::ui_transform::UiTransform>::compute_affine,/home/cristian/repos/propios/ProyectoOpenTtd/openttdrs/target/performance/render-residual-cpu-20261002/active/client
active,377,1,5.025125,0.04737091425864519,671792,<openttdrs_core::fleet_index::FleetIndex>::lookup_slot,/home/cristian/repos/propios/ProyectoOpenTtd/openttdrs/target/performance/render-residual-cpu-20261002/active/client
active,378,1,5.025125,0.04737091425864519,671792,<bevy_ecs::world::entity_access::world_mut::EntityWorldMut>::take::<bevy_render::render_asset::CachedExtractRenderAssetSystemState<bevy_sprite_render::mesh2d::material::PreparedMaterial2d<bevy_sprite_render::sprite_mesh::sprite_material::SpriteMaterial>>>,/home/cristian/repos/propios/ProyectoOpenTtd/openttdrs/target/performance/render-residual-cpu-20261002/active/client
active,379,1,5.025125,0.04737091425864519,671818,"core::slice::sort::shared::smallsort::insert_tail::<usize, <[usize]>::sort_by_key<core::cmp::Reverse<u64>, openttdrs_client::render::viewport_sort::viewport_sort_parent_sprites::{closure#2}>::{closure#0}>",/home/cristian/repos/propios/ProyectoOpenTtd/openttdrs/target/performance/render-residual-cpu-20261002/active/client
active,380,1,5.025125,0.04737091425864519,671793,<bevy_utils::buffered_channel::BufferedSender<bevy_ecs::entity::Entity>>::send_blocking,/home/cristian/repos/propios/ProyectoOpenTtd/openttdrs/target/performance/render-residual-cpu-20261002/active/client
active,381,1,5.025125,0.04737091425864519,671795,"<hashbrown::map::HashMap<u64, (), std::hash::random::RandomState>>::insert",/home/cristian/repos/propios/ProyectoOpenTtd/openttdrs/target/performance/render-residual-cpu-20261002/active/client
active,382,1,5.025125,0.04737091425864519,671796,"<hashbrown::map::HashMap<openttdrs_core::map::types::TileCoord, (), std::hash::random::RandomState>>::insert",/home/cristian/repos/propios/ProyectoOpenTtd/openttdrs/target/performance/render-residual-cpu-20261002/active/client
active,383,1,5.025125,0.04737091425864519,671793,openttdrs_client::render::viewport_sort::depths_in_viewport_sort_order_from_order,/home/cristian/repos/propios/ProyectoOpenTtd/openttdrs/target/performance/render-residual-cpu-20261002/active/client
active,384,1,5.025125,0.04737091425864519,671785,"<&mut bevy_app::hierarchy::validate_parent_has_component<bevy_camera::visibility::InheritedVisibility> as core::ops::function::FnMut<(bevy_ecs::observer::system_param::On<bevy_ecs::lifecycle::Insert, bevy_camera::visibility::InheritedVisibility>, bevy_ecs::system::query::Query<&bevy_ecs::hierarchy::ChildOf>, bevy_ecs::system::query::Query<(), bevy_ecs::query::filter::With<bevy_camera::visibility::InheritedVisibility>>, bevy_ecs::message::message_writer::MessageWriter<bevy_app::hierarchy::CheckParentHasComponent<bevy_camera::visibility::InheritedVisibility>>)>>::call_mut",/home/cristian/repos/propios/ProyectoOpenTtd/openttdrs/target/performance/render-residual-cpu-20261002/active/client
active,385,1,5.025125,0.04737091425864519,671785,<bevy_ecs::component::register::ComponentsRegistrator>::apply_queued_registrations,/home/cristian/repos/propios/ProyectoOpenTtd/openttdrs/target/performance/render-residual-cpu-20261002/active/client
active,386,1,5.025125,0.04737091425864519,671797,openttdrs_client::render::vehicles::pose::vehicle_sprite_geometry_at_with_catalog,/home/cristian/repos/propios/ProyectoOpenTtd/openttdrs/target/performance/render-residual-cpu-20261002/active/client
active,387,1,5.025125,0.04737091425864519,671796,"<fixedbitset::FixedBitSet as core::iter::traits::collect::Extend<usize>>::extend::<core::iter::adapters::map::Map<core::iter::adapters::chain::Chain<core::iter::adapters::map::Map<core::slice::iter::Iter<(bevy_ecs::entity::Entity, bevy_render::sync_world::MainEntity)>, <bevy_render::view::visibility::RenderVisibleEntitiesClass>::iter_visible::{closure#0}>, core::iter::adapters::map::Map<hashbrown::map::Iter<bevy_render::sync_world::MainEntity, bevy_ecs::entity::Entity>, <bevy_render::view::visibility::RenderVisibleEntitiesClass>::iter_visible::{closure#1}>>, bevy_sprite_render::render::queue_sprites::{closure#2}>>",/home/cristian/repos/propios/ProyectoOpenTtd/openttdrs/target/performance/render-residual-cpu-20261002/active/client
active,388,1,5.025125,0.04737091425864519,671797,<openttdrs_core::cargo_monitor::CargoMonitor>::add_cargo_delivery,/home/cristian/repos/propios/ProyectoOpenTtd/openttdrs/target/performance/render-residual-cpu-20261002/active/client
active,389,1,5.025125,0.04737091425864519,671785,<<bevy_ecs::system::commands::entity_command::insert<bevy_mesh::components::Mesh2d>::{closure#0} as bevy_ecs::system::commands::entity_command::EntityCommand>::with_entity::{closure#0} as bevy_ecs::system::commands::command::Command>::apply,/home/cristian/repos/propios/ProyectoOpenTtd/openttdrs/target/performance/render-residual-cpu-20261002/active/client
active,390,1,5.025125,0.04737091425864519,671818,"<bevy_ecs::world::World>::resource_scope::<bevy_render::RenderScheduleOrder, (), bevy_render::run_render_schedule::{closure#0}>",/home/cristian/repos/propios/ProyectoOpenTtd/openttdrs/target/performance/render-residual-cpu-20261002/active/client
active,391,1,5.025125,0.04737091425864519,671785,bevy_camera::visibility::add_visibility_class::<bevy_sprite::sprite::Sprite>,/home/cristian/repos/propios/ProyectoOpenTtd/openttdrs/target/performance/render-residual-cpu-20261002/active/client
active,392,1,5.025125,0.04737091425864519,671794,core::slice::memchr::memrchr,/home/cristian/repos/propios/ProyectoOpenTtd/openttdrs/target/performance/render-residual-cpu-20261002/active/client
active,393,1,5.025125,0.04737091425864519,671792,<openttdrs_core::fleet_index::FleetIndex>::head_id,/home/cristian/repos/propios/ProyectoOpenTtd/openttdrs/target/performance/render-residual-cpu-20261002/active/client
active,394,1,5.025125,0.04737091425864519,671795,"<bevy_ecs::query::state::QueryState<(&openttdrs_client::ui::vehicle_chain::VehicleChainSlot, &mut bevy_ui::ui_node::Node), (bevy_ecs::query::filter::With<openttdrs_client::ui::vehicle_window::VehicleWindowRefitOnly>, bevy_ecs::query::filter::Without<openttdrs_client::ui::vehicle_window::VehicleWindowRenameRow>, bevy_ecs::query::filter::Without<openttdrs_client::ui::vehicle_window::VehicleWindowTrainOnly>)>>::update_archetypes_unsafe_world_cell",/home/cristian/repos/propios/ProyectoOpenTtd/openttdrs/target/performance/render-residual-cpu-20261002/active/client
active,395,1,5.025125,0.04737091425864519,671818,openttdrs_core::newgrf_callback::action2_eval_ctx_from_vehicle,/home/cristian/repos/propios/ProyectoOpenTtd/openttdrs/target/performance/render-residual-cpu-20261002/active/client
active,396,1,5.025125,0.04737091425864519,671818,<core::fmt::Formatter>::pad_integral::write_prefix,/home/cristian/repos/propios/ProyectoOpenTtd/openttdrs/target/performance/render-residual-cpu-20261002/active/client
active,397,1,5.025125,0.04737091425864519,671797,<openttdrs_core::pathfinder::cache::PathCache>::begin_tick,/home/cristian/repos/propios/ProyectoOpenTtd/openttdrs/target/performance/render-residual-cpu-20261002/active/client
active,398,1,5.025125,0.04737091425864519,671803,__rustc::__rust_dealloc,/home/cristian/repos/propios/ProyectoOpenTtd/openttdrs/target/performance/render-residual-cpu-20261002/active/client
active,399,1,5.025125,0.04737091425864519,671818,harfrust::hb::ot_layout::apply_layout_table::<harfrust::hb::ot::GsubTable>,/home/cristian/repos/propios/ProyectoOpenTtd/openttdrs/target/performance/render-residual-cpu-20261002/active/client
active,400,1,5.025125,0.04737091425864519,671792,bevy_ui_render::extract_text_sections,/home/cristian/repos/propios/ProyectoOpenTtd/openttdrs/target/performance/render-residual-cpu-20261002/active/client
active,401,1,5.025125,0.04737091425864519,671818,<wgpu_core::track::texture::TextureTracker>::set_size,/home/cristian/repos/propios/ProyectoOpenTtd/openttdrs/target/performance/render-residual-cpu-20261002/active/client
active,402,1,5.025125,0.04737091425864519,671792,"<alloc::collections::btree::map::BTreeMap<openttdrs_core::map::types::TileCoord, alloc::collections::btree::set_val::SetValZST>>::remove::<openttdrs_core::map::types::TileCoord>",/home/cristian/repos/propios/ProyectoOpenTtd/openttdrs/target/performance/render-residual-cpu-20261002/active/client
active,403,1,5.025125,0.04737091425864519,671785,<wayland_backend::sys::client_impl::InnerBackend>::manage_object_internal,/home/cristian/repos/propios/ProyectoOpenTtd/openttdrs/target/performance/render-residual-cpu-20261002/active/client
active,404,1,5.025125,0.04737091425864519,671818,"<&mut bevy_render::sync_world::despawn_temporary_render_entities as core::ops::function::FnMut<(&mut bevy_ecs::world::World, &mut bevy_ecs::system::function_system::SystemState<bevy_ecs::system::query::Query<bevy_ecs::entity::Entity, bevy_ecs::query::filter::With<bevy_render::sync_world::TemporaryRenderEntity>>>, bevy_ecs::system::system_param::Local<alloc::vec::Vec<bevy_ecs::entity::Entity>>)>>::call_mut",/home/cristian/repos/propios/ProyectoOpenTtd/openttdrs/target/performance/render-residual-cpu-20261002/active/client
active,405,1,5.025125,0.04737091425864519,671796,"<&mut bevy_sprite_render::mesh2d::material::extract_entities_needs_specialization<bevy_sprite_render::tilemap_chunk::tilemap_chunk_material::TilemapChunkMaterial> as core::ops::function::FnMut<(bevy_render::extract_param::Extract<bevy_ecs::change_detection::params::Res<bevy_sprite_render::mesh2d::material::EntitiesNeedingSpecialization<bevy_sprite_render::tilemap_chunk::tilemap_chunk_material::TilemapChunkMaterial>>>, bevy_ecs::change_detection::params::ResMut<bevy_render::camera::DirtySpecializations>)>>::call_mut",/home/cristian/repos/propios/ProyectoOpenTtd/openttdrs/target/performance/render-residual-cpu-20261002/active/client
active,406,1,5.025125,0.04737091425864519,671785,<tiny_skia::pixmap::PixmapMut>::fill,/home/cristian/repos/propios/ProyectoOpenTtd/openttdrs/target/performance/render-residual-cpu-20261002/active/client
active,407,1,5.025125,0.04737091425864519,671803,<alloc::raw_vec::RawVecInner<_>>::reserve::do_reserve_and_handle::<alloc::alloc::Global>,/home/cristian/repos/propios/ProyectoOpenTtd/openttdrs/target/performance/render-residual-cpu-20261002/active/client
active,408,1,5.025125,0.04737091425864519,671792,openttdrs_core::rail_pbs::train_reservation::compute_train_reservation_with_wormholes_impl,/home/cristian/repos/propios/ProyectoOpenTtd/openttdrs/target/performance/render-residual-cpu-20261002/active/client
active,409,1,5.025125,0.04737091425864519,671785,"<<bevy_ecs::world::command_queue::RawCommandQueue>::push<<<bevy_ecs::system::commands::entity_command::insert<bevy_mesh::components::Mesh2d>::{closure#0} as bevy_ecs::system::commands::entity_command::EntityCommand>::with_entity::{closure#0} as bevy_ecs::system::commands::command::Command>::handle_error::{closure#0}>::{closure#0} as core::ops::function::FnOnce<(bevy_ptr::OwningPtr<bevy_ptr::Unaligned>, core::option::Option<core::ptr::non_null::NonNull<bevy_ecs::world::World>>, &mut usize)>>::call_once",/home/cristian/repos/propios/ProyectoOpenTtd/openttdrs/target/performance/render-residual-cpu-20261002/active/client
active,410,1,5.025125,0.04737091425864519,671794,bevy_sprite_render::text2d::extract_text2d_sprite,/home/cristian/repos/propios/ProyectoOpenTtd/openttdrs/target/performance/render-residual-cpu-20261002/active/client
active,411,1,5.025125,0.04737091425864519,671795,openttdrs_core::rail_signals::update::collect_signals_affected_by_tiles_indexed,/home/cristian/repos/propios/ProyectoOpenTtd/openttdrs/target/performance/render-residual-cpu-20261002/active/client
active,412,1,5.025125,0.04737091425864519,671803,"<alloc::collections::btree::node::Handle<alloc::collections::btree::node::NodeRef<alloc::collections::btree::node::marker::Mut, u32, u32, alloc::collections::btree::node::marker::Leaf>, alloc::collections::btree::node::marker::Edge>>::insert_recursing::<alloc::alloc::Global, <alloc::collections::btree::map::entry::VacantEntry<u32, u32>>::insert_entry::{closure#0}>",/home/cristian/repos/propios/ProyectoOpenTtd/openttdrs/target/performance/render-residual-cpu-20261002/active/client
active,413,1,5.025125,0.04737091425864519,671794,<bevy_diagnostic::diagnostic::Diagnostics>::add_measurement::<<bevy_diagnostic::frame_time_diagnostics_plugin::FrameTimeDiagnosticsPlugin>::diagnostic_system::{closure#0}>,/home/cristian/repos/propios/ProyectoOpenTtd/openttdrs/target/performance/render-residual-cpu-20261002/active/client
active,414,1,5.025125,0.04737091425864519,671792,<openttdrs_core::vehicle::model::Vehicle>::train_do_update_speed,/home/cristian/repos/propios/ProyectoOpenTtd/openttdrs/target/performance/render-residual-cpu-20261002/active/client
active,415,1,5.025125,0.04737091425864519,671785,"<bevy_ecs::system::function_system::FunctionSystem<(bevy_ecs::system::function_system::HasSystemInput, fn(bevy_ecs::observer::system_param::On<bevy_ecs::lifecycle::Insert, bevy_transform::components::global_transform::GlobalTransform>, bevy_ecs::system::query::Query<&bevy_ecs::hierarchy::ChildOf>, bevy_ecs::system::query::Query<(), bevy_ecs::query::filter::With<bevy_transform::components::global_transform::GlobalTransform>>, bevy_ecs::message::message_writer::MessageWriter<bevy_app::hierarchy::CheckParentHasComponent<bevy_transform::components::global_transform::GlobalTransform>>)), bevy_ecs::observer::system_param::On<bevy_ecs::lifecycle::Insert, bevy_transform::components::global_transform::GlobalTransform>, (), bevy_app::hierarchy::validate_parent_has_component<bevy_transform::components::global_transform::GlobalTransform>> as core::any::Any>::type_id",/home/cristian/repos/propios/ProyectoOpenTtd/openttdrs/target/performance/render-residual-cpu-20261002/active/client
active,416,1,5.025125,0.04737091425864519,671797,<parley::builder::RangedBuilder<bevy_text::parley_context::TextBrush>>::build_into::<&str>,/home/cristian/repos/propios/ProyectoOpenTtd/openttdrs/target/performance/render-residual-cpu-20261002/active/client
active,417,1,5.025125,0.04737091425864519,671796,"<hashbrown::raw::RawTable<(openttdrs_core::cargo::CargoType, alloc::vec::Vec<openttdrs_core::entity_history::IndustryAcceptedHistorySample>)> as core::clone::Clone>::clone",/home/cristian/repos/propios/ProyectoOpenTtd/openttdrs/target/performance/render-residual-cpu-20261002/active/client
active,418,1,5.025125,0.04737091425864519,671792,<bevy_render::render_phase::BinnedRenderPhase<bevy_core_pipeline::core_2d::AlphaMask2d>>::render,/home/cristian/repos/propios/ProyectoOpenTtd/openttdrs/target/performance/render-residual-cpu-20261002/active/client
active,419,1,5.025125,0.04737091425864519,671794,"<async_task::raw::RawTask<async_executor::AsyncCallOnDrop<futures_lite::future::CatchUnwind<core::panic::unwind_safe::AssertUnwindSafe<<bevy_ecs::query::state::QueryState<bevy_ecs::entity::Entity, (bevy_ecs::query::filter::Or<(bevy_ecs::query::filter::Changed<bevy_mesh::components::Mesh2d>, bevy_asset::asset_changed::AssetChanged<bevy_mesh::components::Mesh2d>, bevy_ecs::query::filter::Changed<bevy_sprite_render::mesh2d::material::MeshMaterial2d<bevy_sprite_render::sprite_mesh::sprite_material::SpriteMaterial>>, bevy_asset::asset_changed::AssetChanged<bevy_sprite_render::mesh2d::material::MeshMaterial2d<bevy_sprite_render::sprite_mesh::sprite_material::SpriteMaterial>>)>, bevy_ecs::query::filter::With<bevy_sprite_render::mesh2d::material::MeshMaterial2d<bevy_sprite_render::sprite_mesh::sprite_material::SpriteMaterial>>)>>::par_fold_init_unchecked_manual<(), <bevy_ecs::query::par_iter::QueryParIter<bevy_ecs::entity::Entity, (bevy_ecs::query::filter::Or<(bevy_ecs::query::filter::Changed<bevy_mesh::components::Mesh2d>, bevy_asset::asset_changed::AssetChanged<bevy_mesh::components::Mesh2d>, bevy_ecs::query::filter::Changed<bevy_sprite_render::mesh2d::material::MeshMaterial2d<bevy_sprite_render::sprite_mesh::sprite_material::SpriteMaterial>>, bevy_asset::asset_changed::AssetChanged<bevy_sprite_render::mesh2d::material::MeshMaterial2d<bevy_sprite_render::sprite_mesh::sprite_material::SpriteMaterial>>)>, bevy_ecs::query::filter::With<bevy_sprite_render::mesh2d::material::MeshMaterial2d<bevy_sprite_render::sprite_mesh::sprite_material::SpriteMaterial>>)>>::for_each_init<<bevy_ecs::query::par_iter::QueryParIter<bevy_ecs::entity::Entity, (bevy_ecs::query::filter::Or<(bevy_ecs::query::filter::Changed<bevy_mesh::components::Mesh2d>, bevy_asset::asset_changed::AssetChanged<bevy_mesh::components::Mesh2d>, bevy_ecs::query::filter::Changed<bevy_sprite_render::mesh2d::material::MeshMaterial2d<bevy_sprite_render::sprite_mesh::sprite_material::SpriteMaterial>>, bevy_asset::asset_changed::AssetChanged<bevy_sprite_render::mesh2d::material::MeshMaterial2d<bevy_sprite_render::sprite_mesh::sprite_material::SpriteMaterial>>)>, bevy_ecs::query::filter::With<bevy_sprite_render::mesh2d::material::MeshMaterial2d<bevy_sprite_render::sprite_mesh::sprite_material::SpriteMaterial>>)>>::for_each<bevy_sprite_render::mesh2d::material::check_entities_needing_specialization<bevy_sprite_render::sprite_mesh::sprite_material::SpriteMaterial>::{closure#0}>::{closure#1}, <bevy_ecs::query::par_iter::QueryParIter<bevy_ecs::entity::Entity, (bevy_ecs::query::filter::Or<(bevy_ecs::query::filter::Changed<bevy_mesh::components::Mesh2d>, bevy_asset::asset_changed::AssetChanged<bevy_mesh::components::Mesh2d>, bevy_ecs::query::filter::Changed<bevy_sprite_render::mesh2d::material::MeshMaterial2d<bevy_sprite_render::sprite_mesh::sprite_material::SpriteMaterial>>, bevy_asset::asset_changed::AssetChanged<bevy_sprite_render::mesh2d::material::MeshMaterial2d<bevy_sprite_render::sprite_mesh::sprite_material::SpriteMaterial>>)>, bevy_ecs::query::filter::With<bevy_sprite_render::mesh2d::material::MeshMaterial2d<bevy_sprite_render::sprite_mesh::sprite_material::SpriteMaterial>>)>>::for_each<bevy_sprite_render::mesh2d::material::check_entities_needing_specialization<bevy_sprite_render::sprite_mesh::sprite_material::SpriteMaterial>::{closure#0}>::{closure#0}, ()>::{closure#0}, <bevy_ecs::query::par_iter::QueryParIter<bevy_ecs::entity::Entity, (bevy_ecs::query::filter::Or<(bevy_ecs::query::filter::Changed<bevy_mesh::components::Mesh2d>, bevy_asset::asset_changed::AssetChanged<bevy_mesh::components::Mesh2d>, bevy_ecs::query::filter::Changed<bevy_sprite_render::mesh2d::material::MeshMaterial2d<bevy_sprite_render::sprite_mesh::sprite_material::SpriteMaterial>>, bevy_asset::asset_changed::AssetChanged<bevy_sprite_render::mesh2d::material::MeshMaterial2d<bevy_sprite_render::sprite_mesh::sprite_material::SpriteMaterial>>)>, bevy_ecs::query::filter::With<bevy_sprite_render::mesh2d::material::MeshMaterial2d<bevy_sprite_render::sprite_mesh::sprite_material::SpriteMaterial>>)>>::for_each<bevy_sprite_render::mesh2d::material::check_entities_needing_specialization<bevy_sprite_render::sprite_mesh::sprite_material::SpriteMaterial>::{closure#0}>::{closure#0}>::{closure#0}::{closure#1}::{closure#0}>>, <async_executor::Executor>::spawn_inner<core::result::Result<(), alloc::boxed::Box<dyn core::any::Any + core::marker::Send>>, futures_lite::future::CatchUnwind<core::panic::unwind_safe::AssertUnwindSafe<<bevy_ecs::query::state::QueryState<bevy_ecs::entity::Entity, (bevy_ecs::query::filter::Or<(bevy_ecs::query::filter::Changed<bevy_mesh::components::Mesh2d>, bevy_asset::asset_changed::AssetChanged<bevy_mesh::components::Mesh2d>, bevy_ecs::query::filter::Changed<bevy_sprite_render::mesh2d::material::MeshMaterial2d<bevy_sprite_render::sprite_mesh::sprite_material::SpriteMaterial>>, bevy_asset::asset_changed::AssetChanged<bevy_sprite_render::mesh2d::material::MeshMaterial2d<bevy_sprite_render::sprite_mesh::sprite_material::SpriteMaterial>>)>, bevy_ecs::query::filter::With<bevy_sprite_render::mesh2d::material::MeshMaterial2d<bevy_sprite_render::sprite_mesh::sprite_material::SpriteMaterial>>)>>::par_fold_init_unchecked_manual<(), <bevy_ecs::query::par_iter::QueryParIter<bevy_ecs::entity::Entity, (bevy_ecs::query::filter::Or<(bevy_ecs::query::filter::Changed<bevy_mesh::components::Mesh2d>, bevy_asset::asset_changed::AssetChanged<bevy_mesh::components::Mesh2d>, bevy_ecs::query::filter::Changed<bevy_sprite_render::mesh2d::material::MeshMaterial2d<bevy_sprite_render::sprite_mesh::sprite_material::SpriteMaterial>>, bevy_asset::asset_changed::AssetChanged<bevy_sprite_render::mesh2d::material::MeshMaterial2d<bevy_sprite_render::sprite_mesh::sprite_material::SpriteMaterial>>)>, bevy_ecs::query::filter::With<bevy_sprite_render::mesh2d::material::MeshMaterial2d<bevy_sprite_render::sprite_mesh::sprite_material::SpriteMaterial>>)>>::for_each_init<<bevy_ecs::query::par_iter::QueryParIter<bevy_ecs::entity::Entity, (bevy_ecs::query::filter::Or<(bevy_ecs::query::filter::Changed<bevy_mesh::components::Mesh2d>, bevy_asset::asset_changed::AssetChanged<bevy_mesh::components::Mesh2d>, bevy_ecs::query::filter::Changed<bevy_sprite_render::mesh2d::material::MeshMaterial2d<bevy_sprite_render::sprite_mesh::sprite_material::SpriteMaterial>>, bevy_asset::asset_changed::AssetChanged<bevy_sprite_render::mesh2d::material::MeshMaterial2d<bevy_sprite_render::sprite_mesh::sprite_material::SpriteMaterial>>)>, bevy_ecs::query::filter::With<bevy_sprite_render::mesh2d::material::MeshMaterial2d<bevy_sprite_render::sprite_mesh::sprite_material::SpriteMaterial>>)>>::for_each<bevy_sprite_render::mesh2d::material::check_entities_needing_specialization<bevy_sprite_render::sprite_mesh::sprite_material::SpriteMaterial>::{closure#0}>::{closure#1}, <bevy_ecs::query::par_iter::QueryParIter<bevy_ecs::entity::Entity, (bevy_ecs::query::filter::Or<(bevy_ecs::query::filter::Changed<bevy_mesh::components::Mesh2d>, bevy_asset::asset_changed::AssetChanged<bevy_mesh::components::Mesh2d>, bevy_ecs::query::filter::Changed<bevy_sprite_render::mesh2d::material::MeshMaterial2d<bevy_sprite_render::sprite_mesh::sprite_material::SpriteMaterial>>, bevy_asset::asset_changed::AssetChanged<bevy_sprite_render::mesh2d::material::MeshMaterial2d<bevy_sprite_render::sprite_mesh::sprite_material::SpriteMaterial>>)>, bevy_ecs::query::filter::With<bevy_sprite_render::mesh2d::material::MeshMaterial2d<bevy_sprite_render::sprite_mesh::sprite_material::SpriteMaterial>>)>>::for_each<bevy_sprite_render::mesh2d::material::check_entities_needing_specialization<bevy_sprite_render::sprite_mesh::sprite_material::SpriteMaterial>::{closure#0}>::{closure#0}, ()>::{closure#0}, <bevy_ecs::query::par_iter::QueryParIter<bevy_ecs::entity::Entity, (bevy_ecs::query::filter::Or<(bevy_ecs::query::filter::Changed<bevy_mesh::components::Mesh2d>, bevy_asset::asset_changed::AssetChanged<bevy_mesh::components::Mesh2d>, bevy_ecs::query::filter::Changed<bevy_sprite_render::mesh2d::material::MeshMaterial2d<bevy_sprite_render::sprite_mesh::sprite_material::SpriteMaterial>>, bevy_asset::asset_changed::AssetChanged<bevy_sprite_render::mesh2d::material::MeshMaterial2d<bevy_sprite_render::sprite_mesh::sprite_material::SpriteMaterial>>)>, bevy_ecs::query::filter::With<bevy_sprite_render::mesh2d::material::MeshMaterial2d<bevy_sprite_render::sprite_mesh::sprite_material::SpriteMaterial>>)>>::for_each<bevy_sprite_render::mesh2d::material::check_entities_needing_specialization<bevy_sprite_render::sprite_mesh::sprite_material::SpriteMaterial>::{closure#0}>::{closure#0}>::{closure#0}::{closure#1}::{closure#0}>>>::{closure#0}>, core::result::Result<(), alloc::boxed::Box<dyn core::any::Any + core::marker::Send>>, <async_executor::Executor>::schedule::{closure#0}, ()>>::clone_waker",/home/cristian/repos/propios/ProyectoOpenTtd/openttdrs/target/performance/render-residual-cpu-20261002/active/client
active,420,1,5.025125,0.04737091425864519,671795,<wgpu_hal::vulkan::Device as wgpu_hal::Device>::create_buffer,/home/cristian/repos/propios/ProyectoOpenTtd/openttdrs/target/performance/render-residual-cpu-20261002/active/client
active,421,1,5.025125,0.04737091425864519,671792,"<hashbrown::raw::RawTable<(openttdrs_core::map::types::TileCoord, ())>>::reserve_rehash::<hashbrown::map::make_hasher<openttdrs_core::map::types::TileCoord, (), std::hash::random::RandomState>::{closure#0}>",/home/cristian/repos/propios/ProyectoOpenTtd/openttdrs/target/performance/render-residual-cpu-20261002/active/client
active,422,1,5.025125,0.04737091425864519,671796,core::ptr::drop_glue::<taffy::style::Style>,/home/cristian/repos/propios/ProyectoOpenTtd/openttdrs/target/performance/render-residual-cpu-20261002/active/client
active,423,1,5.025125,0.04737091425864519,671818,<wgpu_core::command::render::State>::is_ready,/home/cristian/repos/propios/ProyectoOpenTtd/openttdrs/target/performance/render-residual-cpu-20261002/active/client
active,424,1,5.025125,0.04737091425864519,671797,bevy_ui::focus::ui_focus_system,/home/cristian/repos/propios/ProyectoOpenTtd/openttdrs/target/performance/render-residual-cpu-20261002/active/client
active,425,1,5.025125,0.04737091425864519,671785,<bevy_ecs::query::state::QueryState<&bevy_ecs::hierarchy::ChildOf>>::update_archetypes_unsafe_world_cell,/home/cristian/repos/propios/ProyectoOpenTtd/openttdrs/target/performance/render-residual-cpu-20261002/active/client
active,426,1,5.025125,0.04737091425864519,671793,openttdrs_core::map::station_tile_anim::airport_animation_context_with_towns_and_snow_line_and_overrides,/home/cristian/repos/propios/ProyectoOpenTtd/openttdrs/target/performance/render-residual-cpu-20261002/active/client
active,427,1,5.025125,0.04737091425864519,671795,"core::slice::sort::shared::smallsort::small_sort_general_with_scratch::<indexmap::Bucket<(bevy_ecs::entity::Entity, bevy_render::sync_world::MainEntity), bevy_ui_render::render_pass::TransparentUi>, <[indexmap::Bucket<(bevy_ecs::entity::Entity, bevy_render::sync_world::MainEntity), bevy_ui_render::render_pass::TransparentUi>]>::sort_by_key<bevy_math::float_ord::FloatOrd, <indexmap::map::IndexMap<(bevy_ecs::entity::Entity, bevy_render::sync_world::MainEntity), bevy_ui_render::render_pass::TransparentUi, bevy_ecs::entity::hash::EntityHash>>::sort_by_key<bevy_math::float_ord::FloatOrd, <bevy_ui_render::render_pass::TransparentUi as bevy_render::render_phase::SortedPhaseItem>::sort::{closure#0}>::{closure#0}::{closure#0}>::{closure#0}>",/home/cristian/repos/propios/ProyectoOpenTtd/openttdrs/target/performance/render-residual-cpu-20261002/active/client
active,428,1,5.025125,0.04737091425864519,671818,<bevy_ecs::storage::table::Table>::get_added_ticks_slice_for,/home/cristian/repos/propios/ProyectoOpenTtd/openttdrs/target/performance/render-residual-cpu-20261002/active/client
active,429,1,5.025125,0.04737091425864519,671793,<hashbrown::raw::RawTableInner>::fallible_with_capacity::<alloc::alloc::Global>,/home/cristian/repos/propios/ProyectoOpenTtd/openttdrs/target/performance/render-residual-cpu-20261002/active/client
active,430,1,5.025125,0.04737091425864519,671795,"<bevy_ecs::query::state::QueryState<(bevy_render::sync_world::RenderEntity, &bevy_post_process::effect_stack::lens_distortion::LensDistortion), bevy_ecs::query::filter::With<bevy_post_process::effect_stack::lens_distortion::LensDistortion>>>::update_archetypes_unsafe_world_cell",/home/cristian/repos/propios/ProyectoOpenTtd/openttdrs/target/performance/render-residual-cpu-20261002/active/client
active,431,1,5.025125,0.04737091425864519,671803,openttdrs_core::cargodist::parity::station_flows_from_jobs,/home/cristian/repos/propios/ProyectoOpenTtd/openttdrs/target/performance/render-residual-cpu-20261002/active/client
active,432,1,5.025125,0.04737091425864519,671797,"<hashbrown::raw::RawTable<usize>>::insert::<indexmap::inner::insert_bulk_no_grow<(bevy_ecs::entity::Entity, bevy_render::sync_world::MainEntity), bevy_ui_render::render_pass::TransparentUi>::{closure#0}>",/home/cristian/repos/propios/ProyectoOpenTtd/openttdrs/target/performance/render-residual-cpu-20261002/active/client
active,433,1,5.025125,0.04737091425864519,671793,"<hashbrown::raw::RawTable<(bevy_asset::id::AssetId<bevy_image::image::Image>, bevy_render::render_resource::bind_group::BindGroup)>>::find::<hashbrown::map::equivalent_key<bevy_asset::id::AssetId<bevy_image::image::Image>, bevy_asset::id::AssetId<bevy_image::image::Image>, bevy_render::render_resource::bind_group::BindGroup>::{closure#0}>",/home/cristian/repos/propios/ProyectoOpenTtd/openttdrs/target/performance/render-residual-cpu-20261002/active/client
active,434,1,5.025125,0.04737091425864519,671785,"bevy_ecs::observer::runner::observer_system_runner::<bevy_ecs::lifecycle::Add, bevy_render::sync_world::SyncToRenderWorld, bevy_ecs::system::function_system::FunctionSystem<(bevy_ecs::system::function_system::HasSystemInput, fn(bevy_ecs::observer::system_param::On<bevy_ecs::lifecycle::Add, bevy_render::sync_world::SyncToRenderWorld>, bevy_ecs::change_detection::params::ResMut<bevy_render::sync_world::PendingSyncEntity>)), bevy_ecs::observer::system_param::On<bevy_ecs::lifecycle::Add, bevy_render::sync_world::SyncToRenderWorld>, (), <bevy_render::sync_world::SyncWorldPlugin as bevy_app::plugin::Plugin>::build::{closure#0}>>",/home/cristian/repos/propios/ProyectoOpenTtd/openttdrs/target/performance/render-residual-cpu-20261002/active/client
active,435,1,5.025125,0.04737091425864519,671796,<bevy_color::color::Color as core::cmp::PartialEq>::eq,/home/cristian/repos/propios/ProyectoOpenTtd/openttdrs/target/performance/render-residual-cpu-20261002/active/client
active,436,1,5.025125,0.04737091425864519,671797,"<bevy_ecs::query::state::QueryState<(bevy_render::sync_world::RenderEntity, &bevy_core_pipeline::prepass::background_motion_vectors::NoBackgroundMotionVectors)>>::update_archetypes_unsafe_world_cell",/home/cristian/repos/propios/ProyectoOpenTtd/openttdrs/target/performance/render-residual-cpu-20261002/active/client
active,437,1,5.025125,0.04737091425864519,671785,"<bevy_ecs::query::state::QueryState<bevy_ecs::entity::Entity, bevy_ecs::query::filter::With<bevy_window::window::ClosingWindow>>>::update_archetypes_unsafe_world_cell",/home/cristian/repos/propios/ProyectoOpenTtd/openttdrs/target/performance/render-residual-cpu-20261002/active/client
active,438,1,5.025125,0.04737091425864519,671803,<openttdrs_core::cargodist::parity::flow_stat::FlowStat>::change_share,/home/cristian/repos/propios/ProyectoOpenTtd/openttdrs/target/performance/render-residual-cpu-20261002/active/client
active,439,1,5.025125,0.04737091425864519,671818,core::ptr::drop_glue::<wgpu_core::track::metadata::ResourceMetadata<alloc::sync::Arc<wgpu_core::resource::Texture>>>,/home/cristian/repos/propios/ProyectoOpenTtd/openttdrs/target/performance/render-residual-cpu-20261002/active/client
active,440,1,5.025125,0.04737091425864519,671796,openttdrs_core::road_movement::render_pose::vehicle_subtile_at_with_map,/home/cristian/repos/propios/ProyectoOpenTtd/openttdrs/target/performance/render-residual-cpu-20261002/active/client
active,441,1,5.025125,0.04737091425864519,671795,"<&mut bevy_sprite_render::texture_slice::computed_slices::compute_slices_on_sprite_change as core::ops::function::FnMut<(bevy_ecs::system::commands::Commands, bevy_ecs::change_detection::params::Res<bevy_asset::assets::Assets<bevy_image::image::Image>>, bevy_ecs::change_detection::params::Res<bevy_asset::assets::Assets<bevy_image::texture_atlas::TextureAtlasLayout>>, bevy_ecs::system::query::Query<(bevy_ecs::entity::Entity, &bevy_sprite::sprite::Sprite), bevy_ecs::query::filter::Changed<bevy_sprite::sprite::Sprite>>)>>::call_mut",/home/cristian/repos/propios/ProyectoOpenTtd/openttdrs/target/performance/render-residual-cpu-20261002/active/client
active,442,1,5.025125,0.04737091425864519,671793,<openttdrs_core::vehicle::order::VehicleOrder>::collect_next_stopping_station,/home/cristian/repos/propios/ProyectoOpenTtd/openttdrs/target/performance/render-residual-cpu-20261002/active/client
active,443,1,5.025125,0.04737091425864519,671785,"<indexmap::map::entry::Entry<core::any::TypeId, bevy_ecs::bundle::info::BundleId>>::or_insert_with::<<bevy_ecs::bundle::info::Bundles>::register_info<bevy_sprite_render::mesh2d::material::MeshMaterial2d<bevy_sprite_render::sprite_mesh::sprite_material::SpriteMaterial>>::{closure#0}>",/home/cristian/repos/propios/ProyectoOpenTtd/openttdrs/target/performance/render-residual-cpu-20261002/active/client
active,444,1,5.025125,0.04737091425864519,671796,<bevy_ui::ui_node::ComputedUiTargetCamera>::get,/home/cristian/repos/propios/ProyectoOpenTtd/openttdrs/target/performance/render-residual-cpu-20261002/active/client
active,445,1,5.025125,0.04737091425864519,671793,openttdrs_core::sim_step::vehicle_ops::sync_vehicle_order_destinations,/home/cristian/repos/propios/ProyectoOpenTtd/openttdrs/target/performance/render-residual-cpu-20261002/active/client
active,446,1,5.025125,0.04737091425864519,671795,"<alloc::collections::btree::node::Handle<alloc::collections::btree::node::NodeRef<alloc::collections::btree::node::marker::Mut, (i64, usize), alloc::collections::btree::set_val::SetValZST, alloc::collections::btree::node::marker::Leaf>, alloc::collections::btree::node::marker::KV>>::remove_leaf_kv::<<alloc::collections::btree::map::entry::OccupiedEntry<(i64, usize), alloc::collections::btree::set_val::SetValZST>>::remove_kv::{closure#0}, alloc::alloc::Global>",/home/cristian/repos/propios/ProyectoOpenTtd/openttdrs/target/performance/render-residual-cpu-20261002/active/client
active,447,1,5.025125,0.04737091425864519,671793,<openttdrs_core::vehicle::model::Vehicle as core::clone::Clone>::clone,/home/cristian/repos/propios/ProyectoOpenTtd/openttdrs/target/performance/render-residual-cpu-20261002/active/client
active,448,1,5.025125,0.04737091425864519,671785,<ttf_parser::tables::gvar::Table>::parse_variation_data,/home/cristian/repos/propios/ProyectoOpenTtd/openttdrs/target/performance/render-residual-cpu-20261002/active/client
active,449,1,5.025125,0.04737091425864519,671794,"core::slice::sort::stable::quicksort::quicksort::<indexmap::Bucket<(bevy_ecs::entity::Entity, bevy_render::sync_world::MainEntity), bevy_ui_render::render_pass::TransparentUi>, <[indexmap::Bucket<(bevy_ecs::entity::Entity, bevy_render::sync_world::MainEntity), bevy_ui_render::render_pass::TransparentUi>]>::sort_by_key<bevy_math::float_ord::FloatOrd, <indexmap::map::IndexMap<(bevy_ecs::entity::Entity, bevy_render::sync_world::MainEntity), bevy_ui_render::render_pass::TransparentUi, bevy_ecs::entity::hash::EntityHash>>::sort_by_key<bevy_math::float_ord::FloatOrd, <bevy_ui_render::render_pass::TransparentUi as bevy_render::render_phase::SortedPhaseItem>::sort::{closure#0}>::{closure#0}::{closure#0}>::{closure#0}>",/home/cristian/repos/propios/ProyectoOpenTtd/openttdrs/target/performance/render-residual-cpu-20261002/active/client
active,450,1,5.025125,0.04737091425864519,671793,_int_free_maybe_trim,/usr/lib/x86_64-linux-gnu/libc.so.6
active,451,1,5.025125,0.04737091425864519,671793,openttdrs_core::train_consist::controller::reverse_consist_at_stop_indexed,/home/cristian/repos/propios/ProyectoOpenTtd/openttdrs/target/performance/render-residual-cpu-20261002/active/client
active,452,1,5.025125,0.04737091425864519,671793,"taffy::compute::grid::compute_grid_layout::<taffy::tree::taffy_tree::TaffyView<bevy_ui::measurement::NodeMeasure, <bevy_ui::layout::ui_surface::UiSurface>::compute_layout::{closure#0}>>",/home/cristian/repos/propios/ProyectoOpenTtd/openttdrs/target/performance/render-residual-cpu-20261002/active/client
active,453,1,5.025125,0.04737091425864519,671785,tiny_skia::pipeline::lowp::load_dst_tail,/home/cristian/repos/propios/ProyectoOpenTtd/openttdrs/target/performance/render-residual-cpu-20261002/active/client
active,454,1,5.025125,0.04737091425864519,671795,"<hashbrown::map::HashMap<u8, u32, std::hash::random::RandomState>>::insert",/home/cristian/repos/propios/ProyectoOpenTtd/openttdrs/target/performance/render-residual-cpu-20261002/active/client
active,455,1,5.025125,0.04737091425864519,671795,<openttdrs_client::render::grid::RenderGrid>::from_bounds,/home/cristian/repos/propios/ProyectoOpenTtd/openttdrs/target/performance/render-residual-cpu-20261002/active/client
active,456,1,5.025125,0.04737091425864519,671796,"<alloc::vec::Vec<u32> as alloc::vec::spec_from_iter_nested::SpecFromIterNested<u32, core::iter::adapters::map::Map<core::iter::adapters::filter::Filter<core::slice::iter::Iter<openttdrs_core::vehicle::model::Vehicle>, openttdrs_core::sim_step::vehicle_ops::run_autoreplace_in_depots::{closure#0}>, openttdrs_core::sim_step::vehicle_ops::run_autoreplace_in_depots::{closure#1}>>>::from_iter",/home/cristian/repos/propios/ProyectoOpenTtd/openttdrs/target/performance/render-residual-cpu-20261002/active/client
active,457,1,5.025125,0.04737091425864519,671785,__libc_calloc,/usr/lib/x86_64-linux-gnu/libc.so.6
active,458,1,5.025125,0.04737091425864519,671795,"<&mut openttdrs_client::ui::industry_directory::sync_industry_directory as core::ops::function::FnMut<(bevy_ecs::change_detection::params::Res<openttdrs_client::ui::industry_directory::IndustryDirectoryState>, bevy_ecs::change_detection::params::Res<openttdrs_client::state::SimWorld>, bevy_ecs::change_detection::params::Res<openttdrs_client::settings::ClientPreferences>, bevy_ecs::system::query::Query<(&openttdrs_client::ui::floating_window::FloatingWindow, &mut bevy_camera::visibility::Visibility)>, bevy_ecs::system::query::Query<(&openttdrs_client::ui::floating_window::FloatingWindowTitleText, &mut bevy_ui::widget::text::Text), bevy_ecs::query::filter::Without<openttdrs_client::ui::industry_directory::IndustryDirectorySearchInput>>, bevy_ecs::system::query::Query<(&bevy_text::editing::EditableText, &mut bevy_ui::widget::text::Text), (bevy_ecs::query::filter::With<openttdrs_client::ui::industry_directory::IndustryDirectorySearchInput>, bevy_ecs::query::filter::Without<openttdrs_client::ui::floating_window::FloatingWindowTitleText>)>, bevy_ecs::system::query::Query<bevy_ecs::entity::Entity, bevy_ecs::query::filter::With<openttdrs_client::ui::industry_directory::IndustryDirectoryListRoot>>, bevy_ecs::system::query::Query<bevy_ecs::entity::Entity, bevy_ecs::query::filter::With<openttdrs_client::ui::industry_directory::IndustryDirectoryFundRoot>>, bevy_ecs::system::query::Query<&bevy_ecs::hierarchy::Children>, bevy_ecs::system::commands::Commands, bevy_ecs::change_detection::params::Res<bevy_asset::server::AssetServer>, bevy_ecs::system::system_param::Local<openttdrs_client::ui::industry_directory::IndustryDirectoryCache>, bevy_ecs::system::query::Query<(&openttdrs_client::ui::industry_directory::IndustryDirectorySortButton, &bevy_ui::focus::Interaction, &mut bevy_ui::ui_node::BackgroundColor), bevy_ecs::query::filter::With<bevy_ui::widget::button::Button>>)>>::call_mut",/home/cristian/repos/propios/ProyectoOpenTtd/openttdrs/target/performance/render-residual-cpu-20261002/active/client
active,459,1,5.025125,0.04737091425864519,671792,"core::slice::sort::unstable::ipnsort::<indexmap::Bucket<(bevy_core_pipeline::core_2d::BatchSetKey2d, bevy_core_pipeline::core_2d::AlphaMask2dBinKey), bevy_render::render_phase::RenderBin>, <[indexmap::Bucket<(bevy_core_pipeline::core_2d::BatchSetKey2d, bevy_core_pipeline::core_2d::AlphaMask2dBinKey), bevy_render::render_phase::RenderBin>]>::sort_unstable_by<<indexmap::map::IndexMap<(bevy_core_pipeline::core_2d::BatchSetKey2d, bevy_core_pipeline::core_2d::AlphaMask2dBinKey), bevy_render::render_phase::RenderBin>>::sort_unstable_keys::{closure#0}::{closure#0}>::{closure#0}>",/home/cristian/repos/propios/ProyectoOpenTtd/openttdrs/target/performance/render-residual-cpu-20261002/active/client
active,460,1,5.025125,0.04737091425864519,671793,openttdrs_core::industry::transport_industry_extra_cargo_stock,/home/cristian/repos/propios/ProyectoOpenTtd/openttdrs/target/performance/render-residual-cpu-20261002/active/client
active,461,1,5.025125,0.04737091425864519,671785,<bevy_ecs::component::register::ComponentsRegistrator>::register_component_checked,/home/cristian/repos/propios/ProyectoOpenTtd/openttdrs/target/performance/render-residual-cpu-20261002/active/client
active,462,1,5.025125,0.04737091425864519,671796,"<hashbrown::table::HashTable<usize>>::entry::<indexmap::inner::equivalent<(bevy_ecs::entity::Entity, bevy_render::sync_world::MainEntity), bevy_ui_render::render_pass::TransparentUi, (bevy_ecs::entity::Entity, bevy_render::sync_world::MainEntity)>::{closure#0}, indexmap::inner::get_hash<(bevy_ecs::entity::Entity, bevy_render::sync_world::MainEntity), bevy_ui_render::render_pass::TransparentUi>::{closure#0}>",/home/cristian/repos/propios/ProyectoOpenTtd/openttdrs/target/performance/render-residual-cpu-20261002/active/client
active,463,1,5.025125,0.04737091425864519,671793,ceilf,/home/cristian/repos/propios/ProyectoOpenTtd/openttdrs/target/performance/render-residual-cpu-20261002/active/client
active,464,1,5.025125,0.04737091425864519,671795,openttdrs_client::render::world::tile_spawn::spawn_map_tiles_in_bounds,/home/cristian/repos/propios/ProyectoOpenTtd/openttdrs/target/performance/render-residual-cpu-20261002/active/client
active,465,1,5.025125,0.04737091425864519,671794,"<bevy_render::render_asset::CachedExtractRenderAssetSystemState<bevy_sprite_render::mesh2d::material::PreparedMaterial2d<bevy_sprite_render::tilemap_chunk::tilemap_chunk_material::TilemapChunkMaterial>> as bevy_ecs::bundle::BundleFromComponents>::from_components::<(&mut bevy_ecs::storage::sparse_set::SparseSets, core::option::Option<&mut bevy_ecs::storage::table::Table>), <bevy_ecs::world::entity_access::world_mut::EntityWorldMut>::take<bevy_render::render_asset::CachedExtractRenderAssetSystemState<bevy_sprite_render::mesh2d::material::PreparedMaterial2d<bevy_sprite_render::tilemap_chunk::tilemap_chunk_material::TilemapChunkMaterial>>>::{closure#0}::{closure#0}>",/home/cristian/repos/propios/ProyectoOpenTtd/openttdrs/target/performance/render-residual-cpu-20261002/active/client
active,466,1,5.025125,0.04737091425864519,671818,<bevy_ecs::world::World>::resource::<bevy_render::renderer::RenderQueue>,/home/cristian/repos/propios/ProyectoOpenTtd/openttdrs/target/performance/render-residual-cpu-20261002/active/client
active,467,1,5.025125,0.04737091425864519,671818,"<bevy_ecs::system::query::Query<(core::option::Option<&bevy_ecs::hierarchy::Children>, core::option::Option<&bevy_app::propagate::Inherited<bevy_ui::ui_node::ComputedUiTargetCamera>>, core::option::Option<&bevy_app::propagate::PropagateStop<bevy_ui::ui_node::ComputedUiTargetCamera>>), (bevy_ecs::query::filter::Without<bevy_app::propagate::Propagate<bevy_ui::ui_node::ComputedUiTargetCamera>>, ())>>::get_inner",/home/cristian/repos/propios/ProyectoOpenTtd/openttdrs/target/performance/render-residual-cpu-20261002/active/client
active,468,1,5.025125,0.04737091425864519,671792,"<alloc::vec::Vec<(usize, openttdrs_core::map::types::TileCoord)> as alloc::vec::spec_from_iter_nested::SpecFromIterNested<(usize, openttdrs_core::map::types::TileCoord), core::iter::adapters::filter_map::FilterMap<core::slice::iter::Iter<u32>, openttdrs_core::sim_step::movement::move_vehicles::{closure#0}>>>::from_iter",/home/cristian/repos/propios/ProyectoOpenTtd/openttdrs/target/performance/render-residual-cpu-20261002/active/client
active,469,1,5.025125,0.04737091425864519,671793,<async_executor::Ticker>::wake,/home/cristian/repos/propios/ProyectoOpenTtd/openttdrs/target/performance/render-residual-cpu-20261002/active/client
active,470,1,5.025125,0.04737091425864519,671795,<core::panic::unwind_safe::AssertUnwindSafe<bevy_transform::systems::mark_dirty_trees::{closure#0}::{closure#0}> as core::future::future::Future>::poll,/home/cristian/repos/propios/ProyectoOpenTtd/openttdrs/target/performance/render-residual-cpu-20261002/active/client
active,471,1,5.025125,0.04737091425864519,671793,"<bevy_ecs::system::function_system::FunctionSystem<fn(bevy_ecs::change_detection::params::Res<bevy_sprite_render::mesh2d::material::Material2dPipeline<bevy_sprite_render::mesh2d::color_material::ColorMaterial>>, bevy_ecs::change_detection::params::ResMut<bevy_render::render_resource::pipeline_specializer::SpecializedMeshPipelines<bevy_sprite_render::mesh2d::material::Material2dPipeline<bevy_sprite_render::mesh2d::color_material::ColorMaterial>>>, bevy_ecs::change_detection::params::Res<bevy_render::render_resource::pipeline_cache::PipelineCache>, (bevy_ecs::change_detection::params::Res<bevy_render::render_asset::RenderAssets<bevy_render::mesh::RenderMesh>>, bevy_ecs::change_detection::params::Res<bevy_render::render_asset::RenderAssets<bevy_sprite_render::mesh2d::material::PreparedMaterial2d<bevy_sprite_render::mesh2d::color_material::ColorMaterial>>>), bevy_ecs::change_detection::params::ResMut<bevy_sprite_render::mesh2d::mesh::RenderMesh2dInstances>, bevy_ecs::change_detection::params::Res<bevy_sprite_render::mesh2d::material::RenderMaterial2dInstances<bevy_sprite_render::mesh2d::color_material::ColorMaterial>>, bevy_ecs::change_detection::params::Res<bevy_render::render_phase::ViewSortedRenderPhases<bevy_core_pipeline::core_2d::Transparent2d>>, bevy_ecs::change_detection::params::Res<bevy_render::render_phase::ViewBinnedRenderPhases<bevy_core_pipeline::core_2d::Opaque2d>>, bevy_ecs::change_detection::params::Res<bevy_render::render_phase::ViewBinnedRenderPhases<bevy_core_pipeline::core_2d::AlphaMask2d>>, bevy_ecs::system::query::Query<(&bevy_render::sync_world::MainEntity, &bevy_render::view::ExtractedView, &bevy_render::view::visibility::RenderVisibleEntities)>, bevy_ecs::change_detection::params::Res<bevy_sprite_render::mesh2d::mesh::ViewKeyCache>, bevy_ecs::change_detection::params::Res<bevy_render::camera::DirtySpecializations>, bevy_ecs::change_detection::params::ResMut<bevy_sprite_render::mesh2d::material::PendingMeshMaterial2dQueues>, bevy_ecs::change_detection::params::ResMut<bevy_sprite_render::mesh2d::material::SpecializedMaterial2dPipelineCache<bevy_sprite_render::mesh2d::color_material::ColorMaterial>>), (), (), bevy_sprite_render::mesh2d::material::specialize_material2d_meshes<bevy_sprite_render::mesh2d::color_material::ColorMaterial>> as bevy_ecs::system::system::System>::run_unsafe",/home/cristian/repos/propios/ProyectoOpenTtd/openttdrs/target/performance/render-residual-cpu-20261002/active/client
active,472,1,5.025125,0.04737091425864519,671795,"<hashbrown::map::HashMap<bevy_render::mesh::allocator::MeshAllocationKey, bevy_render::slab_allocator::SlabId<bevy_render::mesh::allocator::MeshSlabItem>, bevy_platform::hash::FixedHasher>>::get::<bevy_render::mesh::allocator::MeshAllocationKey>",/home/cristian/repos/propios/ProyectoOpenTtd/openttdrs/target/performance/render-residual-cpu-20261002/active/client
active,473,1,5.025125,0.04737091425864519,671785,"<alloc::vec::Vec<(winit::monitor::MonitorHandle, bevy_ecs::entity::Entity)>>::retain::<bevy_winit::system::create_monitors::{closure#1}>",/home/cristian/repos/propios/ProyectoOpenTtd/openttdrs/target/performance/render-residual-cpu-20261002/active/client
active,474,1,5.025125,0.04737091425864519,671795,openttdrs_core::rail_signals::routing::train_blocked_by_traffic_indexed,/home/cristian/repos/propios/ProyectoOpenTtd/openttdrs/target/performance/render-residual-cpu-20261002/active/client
active,475,1,5.025125,0.04737091425864519,671796,"<hashbrown::raw::RawTable<(bevy_asset::id::AssetId<bevy_sprite_render::sprite_mesh::sprite_material::SpriteMaterial>, bevy_sprite_render::mesh2d::material::PreparedMaterial2d<bevy_sprite_render::sprite_mesh::sprite_material::SpriteMaterial>)>>::find::<hashbrown::map::equivalent_key<bevy_asset::id::AssetId<bevy_sprite_render::sprite_mesh::sprite_material::SpriteMaterial>, bevy_asset::id::AssetId<bevy_sprite_render::sprite_mesh::sprite_material::SpriteMaterial>, bevy_sprite_render::mesh2d::material::PreparedMaterial2d<bevy_sprite_render::sprite_mesh::sprite_material::SpriteMaterial>>::{closure#0}>",/home/cristian/repos/propios/ProyectoOpenTtd/openttdrs/target/performance/render-residual-cpu-20261002/active/client
active,476,1,5.025125,0.04737091425864519,671795,"<hashbrown::raw::RawTable<usize>>::insert::<indexmap::inner::insert_bulk_no_grow<(bevy_ecs::entity::Entity, bevy_render::sync_world::MainEntity), bevy_core_pipeline::core_2d::Transparent2d>::{closure#0}>",/home/cristian/repos/propios/ProyectoOpenTtd/openttdrs/target/performance/render-residual-cpu-20261002/active/client
active,477,1,5.025125,0.04737091425864519,671794,"<core::iter::adapters::map::Map<core::iter::adapters::enumerate::Enumerate<core::slice::iter::Iter<openttdrs_core::vehicle::model::Vehicle>>, openttdrs_client::render::train_smoke::visual_effect_head_states::{closure#0}> as core::iter::traits::iterator::Iterator>::fold::<(), core::iter::traits::iterator::Iterator::for_each::call<openttdrs_client::render::train_smoke::VisualEffectHeadState, <alloc::vec::Vec<openttdrs_client::render::train_smoke::VisualEffectHeadState>>::extend_trusted<core::iter::adapters::map::Map<core::iter::adapters::enumerate::Enumerate<core::slice::iter::Iter<openttdrs_core::vehicle::model::Vehicle>>, openttdrs_client::render::train_smoke::visual_effect_head_states::{closure#0}>>::{closure#0}>::{closure#0}>",/home/cristian/repos/propios/ProyectoOpenTtd/openttdrs/target/performance/render-residual-cpu-20261002/active/client
active,478,1,5.025125,0.04737091425864519,671818,openttdrs_core::station::geometry::station_at_tile_impl,/home/cristian/repos/propios/ProyectoOpenTtd/openttdrs/target/performance/render-residual-cpu-20261002/active/client
active,479,1,5.025125,0.04737091425864519,671818,<bevy_app::main_schedule::First as core::any::Any>::type_id,/home/cristian/repos/propios/ProyectoOpenTtd/openttdrs/target/performance/render-residual-cpu-20261002/active/client
active,480,1,5.025125,0.04737091425864519,671785,<wgpu_core::global::Global>::bind_group_drop,/home/cristian/repos/propios/ProyectoOpenTtd/openttdrs/target/performance/render-residual-cpu-20261002/active/client
active,481,1,5.025125,0.04737091425864519,671785,core::ptr::drop_glue::<bevy_ecs::archetype::Archetype>,/home/cristian/repos/propios/ProyectoOpenTtd/openttdrs/target/performance/render-residual-cpu-20261002/active/client
paused,1,129,648.241125,13.217213114754099,672227;672228;672229;672230;672231;672232;672253,"<&mut openttdrs_client::render::rail_glass_compositor::sync_rail_glass_mask_proxies as core::ops::function::FnMut<(bevy_ecs::system::commands::Commands, bevy_ecs::system::system_param::Local<openttdrs_client::render::rail_glass_compositor::RailGlassMaskProxyCache>, bevy_ecs::system::query::Query<(bevy_ecs::entity::Entity, bevy_ecs::change_detection::params::Ref<bevy_sprite::sprite::Sprite>, bevy_ecs::change_detection::params::Ref<bevy_sprite::sprite::Anchor>, bevy_ecs::change_detection::params::Ref<bevy_transform::components::transform::Transform>, bevy_ecs::change_detection::params::Ref<bevy_camera::visibility::Visibility>, core::option::Option<bevy_ecs::change_detection::params::Ref<openttdrs_client::render::components::MapTileChunk>>, core::option::Option<&openttdrs_client::render::rail_glass_compositor::RailGlassMaskSource>), (bevy_ecs::query::filter::Or<(bevy_ecs::query::filter::With<openttdrs_client::render::components::MapVisualLayer>, bevy_ecs::query::filter::With<openttdrs_client::render::components::MapDynamicVisual>)>, bevy_ecs::query::filter::Without<openttdrs_client::render::rail_glass_compositor::RailGlassMaskProxy>)>, bevy_ecs::system::system_param::ParamSet<(bevy_ecs::system::query::Query<bevy_ecs::entity::Entity, (bevy_ecs::query::filter::With<openttdrs_client::render::rail_glass_compositor::RailGlassMaskProxy>, bevy_ecs::query::filter::Or<(bevy_ecs::query::filter::Changed<bevy_sprite::sprite_mesh::SpriteMesh>, bevy_ecs::query::filter::Changed<bevy_sprite::sprite::Anchor>, bevy_ecs::query::filter::Changed<bevy_transform::components::transform::Transform>, bevy_ecs::query::filter::Changed<bevy_camera::visibility::Visibility>, bevy_ecs::query::filter::Changed<openttdrs_client::render::components::MapTileChunk>)>)>, bevy_ecs::system::query::Query<(bevy_ecs::entity::Entity, &openttdrs_client::render::rail_glass_compositor::RailGlassMaskProxy, &mut bevy_sprite::sprite_mesh::SpriteMesh, &mut bevy_sprite::sprite::Anchor, &mut bevy_transform::components::transform::Transform, &mut bevy_camera::visibility::Visibility, core::option::Option<&mut openttdrs_client::render::components::MapTileChunk>)>)>, bevy_ecs::system::system_param::Local<bevy_ecs::entity::hash_set::EntityHashSet>)>>::call_mut",/home/cristian/repos/propios/ProyectoOpenTtd/openttdrs/target/performance/render-residual-cpu-20261002/paused/client
paused,2,51,256.281375,5.225409836065574,672227;672228;672229;672230;672231;672232;672253,"<bevy_ecs::query::par_iter::QueryParIter<(bevy_ecs::entity::Entity, &bevy_camera::visibility::InheritedVisibility, &mut bevy_camera::visibility::ViewVisibility, core::option::Option<&bevy_camera::visibility::VisibilityClass>, core::option::Option<&bevy_camera::visibility::render_layers::RenderLayers>, core::option::Option<&bevy_camera::primitives::Aabb>, core::option::Option<&bevy_camera::primitives::Sphere>, &bevy_transform::components::global_transform::GlobalTransform, bevy_ecs::query::fetch::Has<bevy_camera::visibility::NoFrustumCulling>, bevy_ecs::query::fetch::Has<bevy_camera::visibility::range::VisibilityRange>), bevy_ecs::query::filter::Without<bevy_camera::visibility::NoCpuCulling>>>::for_each_init::<bevy_camera::visibility::check_visibility_cpu_culling::{closure#1}, bevy_camera::visibility::check_visibility_cpu_culling::{closure#0}, core::cell::RefMut<indexmap::map::IndexMap<core::any::TypeId, alloc::vec::Vec<bevy_ecs::entity::Entity>, bevy_platform::hash::NoOpHash>>>::{closure#0}",/home/cristian/repos/propios/ProyectoOpenTtd/openttdrs/target/performance/render-residual-cpu-20261002/paused/client
paused,3,25,125.628125,2.5614754098360657,672227;672228;672229;672230;672231;672232;672253,__memmove_avx512_unaligned_erms,/usr/lib/x86_64-linux-gnu/libc.so.6
paused,4,22,110.55275,2.2540983606557377,672227;672228;672229;672230;672231;672232,openttdrs_client::render::viewport_sort::viewport_sort_parent_sprites,/home/cristian/repos/propios/ProyectoOpenTtd/openttdrs/target/performance/render-residual-cpu-20261002/paused/client
paused,5,22,110.55275,2.2540983606557377,672227;672228;672229;672230;672231;672232,openttdrs_client::render::house_viewport_sort::sort_viewport_sortable_parents,/home/cristian/repos/propios/ProyectoOpenTtd/openttdrs/target/performance/render-residual-cpu-20261002/paused/client
paused,6,20,100.5025,2.0491803278688523,672227;672228;672229;672230;672231;672232,bevy_sprite_render::mesh2d::mesh::extract_mesh2d,/home/cristian/repos/propios/ProyectoOpenTtd/openttdrs/target/performance/render-residual-cpu-20261002/paused/client
paused,7,20,100.5025,2.0491803278688523,672227;672228;672229;672230;672231;672232,<bevy_sprite_render::mesh2d::mesh::Mesh2dPipeline as bevy_render::batching::GetFullBatchData>::get_binned_batch_data,/home/cristian/repos/propios/ProyectoOpenTtd/openttdrs/target/performance/render-residual-cpu-20261002/paused/client
paused,8,18,90.45225,1.8442622950819672,672228;672229;672230;672231;672232;672253,"<bevy_ecs::query::iter::QueryIter<(bevy_ecs::entity::Entity, &bevy_camera::visibility::InheritedVisibility, &mut bevy_camera::visibility::ViewVisibility, core::option::Option<&bevy_camera::visibility::VisibilityClass>, core::option::Option<&bevy_camera::visibility::render_layers::RenderLayers>, core::option::Option<&bevy_camera::primitives::Aabb>, core::option::Option<&bevy_camera::primitives::Sphere>, &bevy_transform::components::global_transform::GlobalTransform, bevy_ecs::query::fetch::Has<bevy_camera::visibility::NoFrustumCulling>, bevy_ecs::query::fetch::Has<bevy_camera::visibility::range::VisibilityRange>), bevy_ecs::query::filter::Without<bevy_camera::visibility::NoCpuCulling>>>::fold_over_storage_range::<core::cell::RefMut<indexmap::map::IndexMap<core::any::TypeId, alloc::vec::Vec<bevy_ecs::entity::Entity>, bevy_platform::hash::NoOpHash>>, <bevy_ecs::query::par_iter::QueryParIter<(bevy_ecs::entity::Entity, &bevy_camera::visibility::InheritedVisibility, &mut bevy_camera::visibility::ViewVisibility, core::option::Option<&bevy_camera::visibility::VisibilityClass>, core::option::Option<&bevy_camera::visibility::render_layers::RenderLayers>, core::option::Option<&bevy_camera::primitives::Aabb>, core::option::Option<&bevy_camera::primitives::Sphere>, &bevy_transform::components::global_transform::GlobalTransform, bevy_ecs::query::fetch::Has<bevy_camera::visibility::NoFrustumCulling>, bevy_ecs::query::fetch::Has<bevy_camera::visibility::range::VisibilityRange>), bevy_ecs::query::filter::Without<bevy_camera::visibility::NoCpuCulling>>>::for_each_init<bevy_camera::visibility::check_visibility_cpu_culling::{closure#1}, bevy_camera::visibility::check_visibility_cpu_culling::{closure#0}, core::cell::RefMut<indexmap::map::IndexMap<core::any::TypeId, alloc::vec::Vec<bevy_ecs::entity::Entity>, bevy_platform::hash::NoOpHash>>>::{closure#0}>",/home/cristian/repos/propios/ProyectoOpenTtd/openttdrs/target/performance/render-residual-cpu-20261002/paused/client
paused,9,16,80.402,1.639344262295082,672227;672228;672229;672230;672231;672232,bevy_sprite_render::render::prepare_sprite_image_bind_groups,/home/cristian/repos/propios/ProyectoOpenTtd/openttdrs/target/performance/render-residual-cpu-20261002/paused/client
paused,10,14,70.35175,1.4344262295081966,672227;672228;672230;672231;672232;672253,bevy_sprite_render::render::extract_sprites,/home/cristian/repos/propios/ProyectoOpenTtd/openttdrs/target/performance/render-residual-cpu-20261002/paused/client
paused,11,14,70.35175,1.4344262295081966,672253,<wgpu_core::command::bind::Binder>::assign_group,/home/cristian/repos/propios/ProyectoOpenTtd/openttdrs/target/performance/render-residual-cpu-20261002/paused/client
paused,12,14,70.35175,1.4344262295081966,672227;672228;672229;672230;672232,<openttdrs_core::fleet_index::FleetIndex>::slot,/home/cristian/repos/propios/ProyectoOpenTtd/openttdrs/target/performance/render-residual-cpu-20261002/paused/client
paused,13,13,65.326625,1.3319672131147542,672227;672228;672229;672230;672231;672232,<std::hash::random::RandomState as core::hash::BuildHasher>::hash_one::<&u32>,/home/cristian/repos/propios/ProyectoOpenTtd/openttdrs/target/performance/render-residual-cpu-20261002/paused/client
paused,14,12,60.3015,1.2295081967213115,672227;672229;672230;672231;672232,"<&mut openttdrs_client::render::house_viewport_sort::sync_viewport_sortable_children as core::ops::function::FnMut<(bevy_ecs::system::query::Query<(bevy_ecs::entity::Entity, &openttdrs_client::render::house_viewport_sort::ViewportSortableParent, &bevy_transform::components::transform::Transform), (bevy_ecs::query::filter::With<openttdrs_client::render::house_viewport_sort::ViewportSortableParent>, bevy_ecs::query::filter::Without<openttdrs_client::render::house_viewport_sort::ViewportSortableChild>)>, bevy_ecs::system::query::Query<(bevy_ecs::entity::Entity, bevy_ecs::change_detection::params::Ref<openttdrs_client::render::house_viewport_sort::ViewportSortableChild>, core::option::Option<bevy_ecs::change_detection::params::Ref<openttdrs_client::render::house_viewport_sort::ViewportSortablePromotableChild>>), bevy_ecs::query::filter::With<openttdrs_client::render::house_viewport_sort::ViewportSortableChild>>, bevy_ecs::system::query::Query<&mut bevy_transform::components::transform::Transform, bevy_ecs::query::filter::With<openttdrs_client::render::house_viewport_sort::ViewportSortableChild>>, bevy_ecs::change_detection::params::Res<openttdrs_client::render::house_viewport_sort::ViewportSortableChildDepthWindows>, bevy_ecs::lifecycle::RemovedComponents<openttdrs_client::render::house_viewport_sort::ViewportSortableChild>, bevy_ecs::system::system_param::Local<openttdrs_client::render::house_viewport_sort::ViewportChildGroups>)>>::call_mut",/home/cristian/repos/propios/ProyectoOpenTtd/openttdrs/target/performance/render-residual-cpu-20261002/paused/client
paused,15,11,55.276375,1.1270491803278688,672227;672228;672229;672230;672231;672232,"<hashbrown::map::HashMap<u32, (), std::hash::random::RandomState>>::insert",/home/cristian/repos/propios/ProyectoOpenTtd/openttdrs/target/performance/render-residual-cpu-20261002/paused/client
paused,16,11,55.276375,1.1270491803278688,672227;672228;672230;672231;672232,"<bevy_ecs::query::iter::QueryIter<(&bevy_transform::components::transform::Transform, &mut bevy_transform::components::global_transform::GlobalTransform), (bevy_ecs::query::filter::Or<(bevy_ecs::query::filter::Changed<bevy_transform::components::transform::Transform>, bevy_ecs::query::filter::Added<bevy_transform::components::global_transform::GlobalTransform>)>, bevy_ecs::query::filter::Without<bevy_ecs::hierarchy::ChildOf>, bevy_ecs::query::filter::Without<bevy_ecs::hierarchy::Children>)>>::fold_over_storage_range::<(), <bevy_ecs::query::par_iter::QueryParIter<(&bevy_transform::components::transform::Transform, &mut bevy_transform::components::global_transform::GlobalTransform), (bevy_ecs::query::filter::Or<(bevy_ecs::query::filter::Changed<bevy_transform::components::transform::Transform>, bevy_ecs::query::filter::Added<bevy_transform::components::global_transform::GlobalTransform>)>, bevy_ecs::query::filter::Without<bevy_ecs::hierarchy::ChildOf>, bevy_ecs::query::filter::Without<bevy_ecs::hierarchy::Children>)>>::for_each_init<<bevy_ecs::query::par_iter::QueryParIter<(&bevy_transform::components::transform::Transform, &mut bevy_transform::components::global_transform::GlobalTransform), (bevy_ecs::query::filter::Or<(bevy_ecs::query::filter::Changed<bevy_transform::components::transform::Transform>, bevy_ecs::query::filter::Added<bevy_transform::components::global_transform::GlobalTransform>)>, bevy_ecs::query::filter::Without<bevy_ecs::hierarchy::ChildOf>, bevy_ecs::query::filter::Without<bevy_ecs::hierarchy::Children>)>>::for_each<bevy_transform::systems::sync_simple_transforms::{closure#0}>::{closure#1}, <bevy_ecs::query::par_iter::QueryParIter<(&bevy_transform::components::transform::Transform, &mut bevy_transform::components::global_transform::GlobalTransform), (bevy_ecs::query::filter::Or<(bevy_ecs::query::filter::Changed<bevy_transform::components::transform::Transform>, bevy_ecs::query::filter::Added<bevy_transform::components::global_transform::GlobalTransform>)>, bevy_ecs::query::filter::Without<bevy_ecs::hierarchy::ChildOf>, bevy_ecs::query::filter::Without<bevy_ecs::hierarchy::Children>)>>::for_each<bevy_transform::systems::sync_simple_transforms::{closure#0}>::{closure#0}, ()>::{closure#0}>",/home/cristian/repos/propios/ProyectoOpenTtd/openttdrs/target/performance/render-residual-cpu-20261002/paused/client
paused,17,9,45.226125,0.9221311475409836,672227;672228;672229;672230;672231;672232;672253,bevy_ui::stack::update_uistack_recursive,/home/cristian/repos/propios/ProyectoOpenTtd/openttdrs/target/performance/render-residual-cpu-20261002/paused/client
paused,18,9,45.226125,0.9221311475409836,672227;672229;672230;672232;672253,"<taffy::tree::taffy_tree::TaffyView<bevy_ui::measurement::NodeMeasure, <bevy_ui::layout::ui_surface::UiSurface>::compute_layout::{closure#0}> as taffy::tree::traits::CacheTree>::cache_get",/home/cristian/repos/propios/ProyectoOpenTtd/openttdrs/target/performance/render-residual-cpu-20261002/paused/client
paused,19,9,45.226125,0.9221311475409836,672227;672228;672229;672230;672232;672253,"taffy::compute::flexbox::compute_flexbox_layout::<taffy::tree::taffy_tree::TaffyView<bevy_ui::measurement::NodeMeasure, <bevy_ui::layout::ui_surface::UiSurface>::compute_layout::{closure#0}>>",/home/cristian/repos/propios/ProyectoOpenTtd/openttdrs/target/performance/render-residual-cpu-20261002/paused/client
paused,20,9,45.226125,0.9221311475409836,672227;672229;672253,[unknown],/usr/lib/x86_64-linux-gnu/libvulkan_radeon.so
paused,21,8,40.201,0.819672131147541,672228;672229;672230;672231;672232;672253,floorf,/home/cristian/repos/propios/ProyectoOpenTtd/openttdrs/target/performance/render-residual-cpu-20261002/paused/client
paused,22,8,40.201,0.819672131147541,672228;672229;672230;672232,bevy_ui::layout::ui_layout_system::update_children_recursively,/home/cristian/repos/propios/ProyectoOpenTtd/openttdrs/target/performance/render-residual-cpu-20261002/paused/client
paused,23,8,40.201,0.819672131147541,672228;672229;672230;672231;672232;672253,bevy_ui::update::update_clipping,/home/cristian/repos/propios/ProyectoOpenTtd/openttdrs/target/performance/render-residual-cpu-20261002/paused/client
paused,24,8,40.201,0.819672131147541,672227;672228;672229;672232,"<indexmap::inner::Core<(bevy_ecs::entity::Entity, bevy_render::sync_world::MainEntity), bevy_core_pipeline::core_2d::Transparent2d>>::swap_remove_full::<(bevy_ecs::entity::Entity, bevy_render::sync_world::MainEntity)>",/home/cristian/repos/propios/ProyectoOpenTtd/openttdrs/target/performance/render-residual-cpu-20261002/paused/client
paused,25,8,40.201,0.819672131147541,672229;672230;672231;672253,"taffy::compute::round_layout::round_layout_inner::<taffy::tree::taffy_tree::TaffyView<bevy_ui::measurement::NodeMeasure, <bevy_ui::layout::ui_surface::UiSurface>::compute_layout::{closure#0}>>",/home/cristian/repos/propios/ProyectoOpenTtd/openttdrs/target/performance/render-residual-cpu-20261002/paused/client
paused,26,7,35.175875,0.7172131147540983,672227;672228;672229;672230;672231,openttdrs_client::render::house_viewport_sort::sprite_screen_bounds,/home/cristian/repos/propios/ProyectoOpenTtd/openttdrs/target/performance/render-residual-cpu-20261002/paused/client
paused,27,7,35.175875,0.7172131147540983,672227;672228;672230;672232;672253,"<bevy_ecs::query::iter::QueryIter<bevy_ecs::entity::Entity, bevy_ecs::query::filter::Or<(bevy_ecs::query::filter::Changed<bevy_transform::components::transform::Transform>, bevy_ecs::query::filter::Changed<bevy_ecs::hierarchy::ChildOf>, bevy_ecs::query::filter::Added<bevy_transform::components::global_transform::GlobalTransform>)>>>::fold_over_storage_range::<(bevy_utils::buffered_channel::BufferedSender<bevy_ecs::entity::Entity>, bevy_utils::buffered_channel::BufferedSender<bevy_ecs::entity::Entity>), <bevy_ecs::query::par_iter::QueryParIter<bevy_ecs::entity::Entity, bevy_ecs::query::filter::Or<(bevy_ecs::query::filter::Changed<bevy_transform::components::transform::Transform>, bevy_ecs::query::filter::Changed<bevy_ecs::hierarchy::ChildOf>, bevy_ecs::query::filter::Added<bevy_transform::components::global_transform::GlobalTransform>)>>>::for_each_init<bevy_transform::systems::mark_dirty_trees::{closure#0}::{closure#2}::{closure#1}, bevy_transform::systems::mark_dirty_trees::{closure#0}::{closure#2}::{closure#0}, (bevy_utils::buffered_channel::BufferedSender<bevy_ecs::entity::Entity>, bevy_utils::buffered_channel::BufferedSender<bevy_ecs::entity::Entity>)>::{closure#0}>",/home/cristian/repos/propios/ProyectoOpenTtd/openttdrs/target/performance/render-residual-cpu-20261002/paused/client
paused,28,7,35.175875,0.7172131147540983,672229;672232;672253,bevy_render::camera::extract_cameras,/home/cristian/repos/propios/ProyectoOpenTtd/openttdrs/target/performance/render-residual-cpu-20261002/paused/client
paused,29,7,35.175875,0.7172131147540983,672227;672228;672230;672231;672232,"<core::iter::adapters::map::Map<core::iter::adapters::filter::Filter<core::iter::adapters::filter::Filter<core::iter::adapters::map::Map<core::iter::adapters::enumerate::Enumerate<taffy::tree::taffy_tree::TaffyTreeChildIter>, taffy::compute::flexbox::generate_anonymous_flex_items<taffy::tree::taffy_tree::TaffyView<bevy_ui::measurement::NodeMeasure, <bevy_ui::layout::ui_surface::UiSurface>::compute_layout::{closure#0}>>::{closure#0}>, taffy::compute::flexbox::generate_anonymous_flex_items<taffy::tree::taffy_tree::TaffyView<bevy_ui::measurement::NodeMeasure, <bevy_ui::layout::ui_surface::UiSurface>::compute_layout::{closure#0}>>::{closure#1}>, taffy::compute::flexbox::generate_anonymous_flex_items<taffy::tree::taffy_tree::TaffyView<bevy_ui::measurement::NodeMeasure, <bevy_ui::layout::ui_surface::UiSurface>::compute_layout::{closure#0}>>::{closure#2}>, taffy::compute::flexbox::generate_anonymous_flex_items<taffy::tree::taffy_tree::TaffyView<bevy_ui::measurement::NodeMeasure, <bevy_ui::layout::ui_surface::UiSurface>::compute_layout::{closure#0}>>::{closure#3}> as core::iter::traits::iterator::Iterator>::next",/home/cristian/repos/propios/ProyectoOpenTtd/openttdrs/target/performance/render-residual-cpu-20261002/paused/client
paused,30,7,35.175875,0.7172131147540983,672228;672230;672231;672232,openttdrs_client::render::vehicles::vehicle_livery_colours_for_state,/home/cristian/repos/propios/ProyectoOpenTtd/openttdrs/target/performance/render-residual-cpu-20261002/paused/client
paused,31,7,35.175875,0.7172131147540983,672227;672228;672229;672230;672231,<fixedbitset::FixedBitSet>::is_disjoint,/home/cristian/repos/propios/ProyectoOpenTtd/openttdrs/target/performance/render-residual-cpu-20261002/paused/client
paused,32,6,30.15075,0.6147540983606558,672228;672229;672232,"<hashbrown::raw::RawTable<(u32, ())>>::reserve_rehash::<hashbrown::map::make_hasher<u32, (), std::hash::random::RandomState>::{closure#0}>",/home/cristian/repos/propios/ProyectoOpenTtd/openttdrs/target/performance/render-residual-cpu-20261002/paused/client
paused,33,6,30.15075,0.6147540983606558,672228;672229;672231;672232,openttdrs_core::road_movement::render_pose::vehicle_render_direction_at_with_map,/home/cristian/repos/propios/ProyectoOpenTtd/openttdrs/target/performance/render-residual-cpu-20261002/paused/client
paused,34,6,30.15075,0.6147540983606558,672227;672230;672231;672232,openttdrs_core::refit::vehicle_hidden_on_map,/home/cristian/repos/propios/ProyectoOpenTtd/openttdrs/target/performance/render-residual-cpu-20261002/paused/client
paused,35,6,30.15075,0.6147540983606558,672220;672227;672228;672231,<bevy_ecs::schedule::executor::multi_threaded::Context>::tick_executor,/home/cristian/repos/propios/ProyectoOpenTtd/openttdrs/target/performance/render-residual-cpu-20261002/paused/client
paused,36,6,30.15075,0.6147540983606558,672228;672229;672230;672231;672232,"core::slice::sort::stable::quicksort::quicksort::<indexmap::Bucket<(bevy_ecs::entity::Entity, bevy_render::sync_world::MainEntity), bevy_core_pipeline::core_2d::Transparent2d>, <[indexmap::Bucket<(bevy_ecs::entity::Entity, bevy_render::sync_world::MainEntity), bevy_core_pipeline::core_2d::Transparent2d>]>::sort_by_key<bevy_math::float_ord::FloatOrd, <indexmap::map::IndexMap<(bevy_ecs::entity::Entity, bevy_render::sync_world::MainEntity), bevy_core_pipeline::core_2d::Transparent2d, bevy_ecs::entity::hash::EntityHash>>::sort_by_key<bevy_math::float_ord::FloatOrd, <bevy_core_pipeline::core_2d::Transparent2d as bevy_render::render_phase::SortedPhaseItem>::sort::{closure#0}>::{closure#0}::{closure#0}>::{closure#0}>",/home/cristian/repos/propios/ProyectoOpenTtd/openttdrs/target/performance/render-residual-cpu-20261002/paused/client
paused,37,6,30.15075,0.6147540983606558,672227;672228;672232;672253,bevy_ui::layout::ui_layout_system::update_uinode_geometry_recursive,/home/cristian/repos/propios/ProyectoOpenTtd/openttdrs/target/performance/render-residual-cpu-20261002/paused/client
paused,38,6,30.15075,0.6147540983606558,672227;672228;672230,"core::slice::sort::unstable::quicksort::quicksort::<bevy_ecs::entity::Entity, <bevy_ecs::entity::Entity as core::cmp::PartialOrd>::lt>",/home/cristian/repos/propios/ProyectoOpenTtd/openttdrs/target/performance/render-residual-cpu-20261002/paused/client
paused,39,6,30.15075,0.6147540983606558,672228;672229;672231;672232,<bevy_image::texture_atlas::TextureAtlas>::texture_rect,/home/cristian/repos/propios/ProyectoOpenTtd/openttdrs/target/performance/render-residual-cpu-20261002/paused/client
paused,40,5,25.125625,0.5122950819672131,672230;672231,openttdrs_core::company::company_livery_colours,/home/cristian/repos/propios/ProyectoOpenTtd/openttdrs/target/performance/render-residual-cpu-20261002/paused/client
paused,41,5,25.125625,0.5122950819672131,672227;672228;672229;672232,<bevy_ecs::system::query::Query<bevy_ui::focus::NodeQuery>>::get_inner,/home/cristian/repos/propios/ProyectoOpenTtd/openttdrs/target/performance/render-residual-cpu-20261002/paused/client
paused,42,5,25.125625,0.5122950819672131,672229;672230;672232,"<bevy_sprite_render::mesh2d::material::SetMaterial2dBindGroup<bevy_sprite_render::sprite_mesh::sprite_material::SpriteMaterial, 2> as bevy_render::render_phase::draw::RenderCommand<bevy_core_pipeline::core_2d::AlphaMask2d>>::render",/home/cristian/repos/propios/ProyectoOpenTtd/openttdrs/target/performance/render-residual-cpu-20261002/paused/client
paused,43,5,25.125625,0.5122950819672131,672227;672228;672231;672232,openttdrs_core::engine::query::engine_in_catalog,/home/cristian/repos/propios/ProyectoOpenTtd/openttdrs/target/performance/render-residual-cpu-20261002/paused/client
paused,44,5,25.125625,0.5122950819672131,672227;672230;672232;672253,<bevy_ui::experimental::ghost_hierarchy::UiChildren>::iter_ui_children,/home/cristian/repos/propios/ProyectoOpenTtd/openttdrs/target/performance/render-residual-cpu-20261002/paused/client
paused,45,5,25.125625,0.5122950819672131,672227;672229;672230;672231,<core::hash::sip::Hasher<core::hash::sip::Sip13Rounds> as core::hash::Hasher>::write,/home/cristian/repos/propios/ProyectoOpenTtd/openttdrs/target/performance/render-residual-cpu-20261002/paused/client
paused,46,5,25.125625,0.5122950819672131,672227;672229;672232,<openttdrs_core::map::Map>::get,/home/cristian/repos/propios/ProyectoOpenTtd/openttdrs/target/performance/render-residual-cpu-20261002/paused/client
paused,47,5,25.125625,0.5122950819672131,672227;672228;672231;672232,"<bevy_render::render_phase::draw::RenderCommandState<bevy_core_pipeline::core_2d::Transparent2d, (bevy_render::render_phase::SetItemPipeline, bevy_sprite_render::render::SetSpriteViewBindGroup<0>, bevy_sprite_render::render::SetSpriteTextureBindGroup<1>, bevy_sprite_render::render::DrawSpriteBatch)> as bevy_render::render_phase::draw::Draw<bevy_core_pipeline::core_2d::Transparent2d>>::draw",/home/cristian/repos/propios/ProyectoOpenTtd/openttdrs/target/performance/render-residual-cpu-20261002/paused/client
paused,48,4,20.1005,0.4098360655737705,672227;672230;672232,openttdrs_core::road_movement::render_pose::vehicle_subtile_at_with_map,/home/cristian/repos/propios/ProyectoOpenTtd/openttdrs/target/performance/render-residual-cpu-20261002/paused/client
paused,49,4,20.1005,0.4098360655737705,672220;672228;672230;672231,<bevy_sprite_render::render::SetSpriteTextureBindGroup<1> as bevy_render::render_phase::draw::RenderCommand<bevy_core_pipeline::core_2d::Transparent2d>>::render,/home/cristian/repos/propios/ProyectoOpenTtd/openttdrs/target/performance/render-residual-cpu-20261002/paused/client
paused,50,4,20.1005,0.4098360655737705,672228;672230;672232;672253,<bevy_ui::ui_node::BorderRadius>::resolve,/home/cristian/repos/propios/ProyectoOpenTtd/openttdrs/target/performance/render-residual-cpu-20261002/paused/client
paused,51,4,20.1005,0.4098360655737705,672227;672228;672229;672230,"<bevy_ecs::query::iter::QueryIter<bevy_ecs::entity::Entity, (bevy_ecs::query::filter::Or<(bevy_ecs::query::filter::Changed<bevy_mesh::components::Mesh2d>, bevy_asset::asset_changed::AssetChanged<bevy_mesh::components::Mesh2d>, bevy_ecs::query::filter::Changed<bevy_sprite_render::mesh2d::material::MeshMaterial2d<bevy_sprite_render::sprite_mesh::sprite_material::SpriteMaterial>>, bevy_asset::asset_changed::AssetChanged<bevy_sprite_render::mesh2d::material::MeshMaterial2d<bevy_sprite_render::sprite_mesh::sprite_material::SpriteMaterial>>)>, bevy_ecs::query::filter::With<bevy_sprite_render::mesh2d::material::MeshMaterial2d<bevy_sprite_render::sprite_mesh::sprite_material::SpriteMaterial>>)>>::fold_over_storage_range::<(), <bevy_ecs::query::par_iter::QueryParIter<bevy_ecs::entity::Entity, (bevy_ecs::query::filter::Or<(bevy_ecs::query::filter::Changed<bevy_mesh::components::Mesh2d>, bevy_asset::asset_changed::AssetChanged<bevy_mesh::components::Mesh2d>, bevy_ecs::query::filter::Changed<bevy_sprite_render::mesh2d::material::MeshMaterial2d<bevy_sprite_render::sprite_mesh::sprite_material::SpriteMaterial>>, bevy_asset::asset_changed::AssetChanged<bevy_sprite_render::mesh2d::material::MeshMaterial2d<bevy_sprite_render::sprite_mesh::sprite_material::SpriteMaterial>>)>, bevy_ecs::query::filter::With<bevy_sprite_render::mesh2d::material::MeshMaterial2d<bevy_sprite_render::sprite_mesh::sprite_material::SpriteMaterial>>)>>::for_each_init<<bevy_ecs::query::par_iter::QueryParIter<bevy_ecs::entity::Entity, (bevy_ecs::query::filter::Or<(bevy_ecs::query::filter::Changed<bevy_mesh::components::Mesh2d>, bevy_asset::asset_changed::AssetChanged<bevy_mesh::components::Mesh2d>, bevy_ecs::query::filter::Changed<bevy_sprite_render::mesh2d::material::MeshMaterial2d<bevy_sprite_render::sprite_mesh::sprite_material::SpriteMaterial>>, bevy_asset::asset_changed::AssetChanged<bevy_sprite_render::mesh2d::material::MeshMaterial2d<bevy_sprite_render::sprite_mesh::sprite_material::SpriteMaterial>>)>, bevy_ecs::query::filter::With<bevy_sprite_render::mesh2d::material::MeshMaterial2d<bevy_sprite_render::sprite_mesh::sprite_material::SpriteMaterial>>)>>::for_each<bevy_sprite_render::mesh2d::material::check_entities_needing_specialization<bevy_sprite_render::sprite_mesh::sprite_material::SpriteMaterial>::{closure#0}>::{closure#1}, <bevy_ecs::query::par_iter::QueryParIter<bevy_ecs::entity::Entity, (bevy_ecs::query::filter::Or<(bevy_ecs::query::filter::Changed<bevy_mesh::components::Mesh2d>, bevy_asset::asset_changed::AssetChanged<bevy_mesh::components::Mesh2d>, bevy_ecs::query::filter::Changed<bevy_sprite_render::mesh2d::material::MeshMaterial2d<bevy_sprite_render::sprite_mesh::sprite_material::SpriteMaterial>>, bevy_asset::asset_changed::AssetChanged<bevy_sprite_render::mesh2d::material::MeshMaterial2d<bevy_sprite_render::sprite_mesh::sprite_material::SpriteMaterial>>)>, bevy_ecs::query::filter::With<bevy_sprite_render::mesh2d::material::MeshMaterial2d<bevy_sprite_render::sprite_mesh::sprite_material::SpriteMaterial>>)>>::for_each<bevy_sprite_render::mesh2d::material::check_entities_needing_specialization<bevy_sprite_render::sprite_mesh::sprite_material::SpriteMaterial>::{closure#0}>::{closure#0}, ()>::{closure#0}>",/home/cristian/repos/propios/ProyectoOpenTtd/openttdrs/target/performance/render-residual-cpu-20261002/paused/client
paused,52,4,20.1005,0.4098360655737705,672227;672231;672232,"taffy::compute::compute_hidden_layout::<taffy::tree::taffy_tree::TaffyView<bevy_ui::measurement::NodeMeasure, <bevy_ui::layout::ui_surface::UiSurface>::compute_layout::{closure#0}>>",/home/cristian/repos/propios/ProyectoOpenTtd/openttdrs/target/performance/render-residual-cpu-20261002/paused/client
paused,53,4,20.1005,0.4098360655737705,672229;672230;672231;672232,"<alloc::collections::btree::node::NodeRef<alloc::collections::btree::node::marker::Immut, (i64, usize), alloc::collections::btree::set_val::SetValZST, alloc::collections::btree::node::marker::LeafOrInternal>>::find_leaf_edges_spanning_range::<(i64, usize), core::ops::range::RangeToInclusive<(i64, usize)>>",/home/cristian/repos/propios/ProyectoOpenTtd/openttdrs/target/performance/render-residual-cpu-20261002/paused/client
paused,54,4,20.1005,0.4098360655737705,672229;672231;672232;672253,<bevy_camera::primitives::Frustum>::intersects_obb,/home/cristian/repos/propios/ProyectoOpenTtd/openttdrs/target/performance/render-residual-cpu-20261002/paused/client
paused,55,4,20.1005,0.4098360655737705,672229;672230;672231,<bevy_ui::layout::ui_surface::UiSurface>::get_layout,/home/cristian/repos/propios/ProyectoOpenTtd/openttdrs/target/performance/render-residual-cpu-20261002/paused/client
paused,56,4,20.1005,0.4098360655737705,672229;672231;672232,"core::slice::sort::stable::drift::sort::<indexmap::Bucket<(bevy_ecs::entity::Entity, bevy_render::sync_world::MainEntity), bevy_core_pipeline::core_2d::Transparent2d>, <[indexmap::Bucket<(bevy_ecs::entity::Entity, bevy_render::sync_world::MainEntity), bevy_core_pipeline::core_2d::Transparent2d>]>::sort_by_key<bevy_math::float_ord::FloatOrd, <indexmap::map::IndexMap<(bevy_ecs::entity::Entity, bevy_render::sync_world::MainEntity), bevy_core_pipeline::core_2d::Transparent2d, bevy_ecs::entity::hash::EntityHash>>::sort_by_key<bevy_math::float_ord::FloatOrd, <bevy_core_pipeline::core_2d::Transparent2d as bevy_render::render_phase::SortedPhaseItem>::sort::{closure#0}>::{closure#0}::{closure#0}>::{closure#0}>",/home/cristian/repos/propios/ProyectoOpenTtd/openttdrs/target/performance/render-residual-cpu-20261002/paused/client
paused,57,4,20.1005,0.4098360655737705,672229;672232;672253,"<&mut bevy_camera::visibility::visibility_propagate_system as core::ops::function::FnMut<(bevy_ecs::system::query::Query<(bevy_ecs::entity::Entity, &bevy_camera::visibility::Visibility, core::option::Option<&bevy_ecs::hierarchy::ChildOf>, core::option::Option<&bevy_ecs::hierarchy::Children>), (bevy_ecs::query::filter::With<bevy_camera::visibility::InheritedVisibility>, bevy_ecs::query::filter::Or<(bevy_ecs::query::filter::Changed<bevy_camera::visibility::Visibility>, bevy_ecs::query::filter::Changed<bevy_ecs::hierarchy::ChildOf>)>)>, bevy_ecs::system::query::Query<(&bevy_camera::visibility::Visibility, &mut bevy_camera::visibility::InheritedVisibility)>, bevy_ecs::system::query::Query<&bevy_ecs::hierarchy::Children, (bevy_ecs::query::filter::With<bevy_camera::visibility::Visibility>, bevy_ecs::query::filter::With<bevy_camera::visibility::InheritedVisibility>)>, bevy_ecs::lifecycle::RemovedComponents<bevy_ecs::hierarchy::ChildOf>)>>::call_mut",/home/cristian/repos/propios/ProyectoOpenTtd/openttdrs/target/performance/render-residual-cpu-20261002/paused/client
paused,58,4,20.1005,0.4098360655737705,672229;672230;672231;672232,"<hashbrown::raw::RawTable<(bevy_ecs::entity::Entity, openttdrs_client::render::house_viewport_sort::ViewportParentSortState)>>::reserve_rehash::<hashbrown::map::make_hasher<bevy_ecs::entity::Entity, openttdrs_client::render::house_viewport_sort::ViewportParentSortState, bevy_ecs::entity::hash::EntityHash>::{closure#0}>",/home/cristian/repos/propios/ProyectoOpenTtd/openttdrs/target/performance/render-residual-cpu-20261002/paused/client
paused,59,4,20.1005,0.4098360655737705,672227;672231,bevy_ui_render::extract_uinode_background_colors,/home/cristian/repos/propios/ProyectoOpenTtd/openttdrs/target/performance/render-residual-cpu-20261002/paused/client
paused,60,4,20.1005,0.4098360655737705,672253,wgpu_core::command::pass::set_bind_group::<wgpu_core::command::render::RenderPassErrorInner>,/home/cristian/repos/propios/ProyectoOpenTtd/openttdrs/target/performance/render-residual-cpu-20261002/paused/client
paused,61,4,20.1005,0.4098360655737705,672227;672229;672230;672232,openttdrs_client::render::vehicles::sync::update_vehicles,/home/cristian/repos/propios/ProyectoOpenTtd/openttdrs/target/performance/render-residual-cpu-20261002/paused/client
paused,62,4,20.1005,0.4098360655737705,672227;672228;672229,"<bevy_ecs::query::iter::QueryIter<(&bevy_sprite::sprite_mesh::SpriteMesh, &mut bevy_camera::primitives::Aabb, &bevy_sprite::sprite::Anchor), (bevy_ecs::query::filter::Or<(bevy_ecs::query::filter::Changed<bevy_sprite::sprite_mesh::SpriteMesh>, bevy_ecs::query::filter::Changed<bevy_sprite::sprite::Anchor>)>, bevy_ecs::query::filter::Without<bevy_camera::visibility::NoFrustumCulling>, bevy_ecs::query::filter::Without<bevy_camera::visibility::NoAutoAabb>)>>::fold_over_storage_range::<(), <bevy_ecs::query::par_iter::QueryParIter<(&bevy_sprite::sprite_mesh::SpriteMesh, &mut bevy_camera::primitives::Aabb, &bevy_sprite::sprite::Anchor), (bevy_ecs::query::filter::Or<(bevy_ecs::query::filter::Changed<bevy_sprite::sprite_mesh::SpriteMesh>, bevy_ecs::query::filter::Changed<bevy_sprite::sprite::Anchor>)>, bevy_ecs::query::filter::Without<bevy_camera::visibility::NoFrustumCulling>, bevy_ecs::query::filter::Without<bevy_camera::visibility::NoAutoAabb>)>>::for_each_init<<bevy_ecs::query::par_iter::QueryParIter<(&bevy_sprite::sprite_mesh::SpriteMesh, &mut bevy_camera::primitives::Aabb, &bevy_sprite::sprite::Anchor), (bevy_ecs::query::filter::Or<(bevy_ecs::query::filter::Changed<bevy_sprite::sprite_mesh::SpriteMesh>, bevy_ecs::query::filter::Changed<bevy_sprite::sprite::Anchor>)>, bevy_ecs::query::filter::Without<bevy_camera::visibility::NoFrustumCulling>, bevy_ecs::query::filter::Without<bevy_camera::visibility::NoAutoAabb>)>>::for_each<bevy_sprite::calculate_bounds_2d_sprite_mesh::{closure#2}>::{closure#1}, <bevy_ecs::query::par_iter::QueryParIter<(&bevy_sprite::sprite_mesh::SpriteMesh, &mut bevy_camera::primitives::Aabb, &bevy_sprite::sprite::Anchor), (bevy_ecs::query::filter::Or<(bevy_ecs::query::filter::Changed<bevy_sprite::sprite_mesh::SpriteMesh>, bevy_ecs::query::filter::Changed<bevy_sprite::sprite::Anchor>)>, bevy_ecs::query::filter::Without<bevy_camera::visibility::NoFrustumCulling>, bevy_ecs::query::filter::Without<bevy_camera::visibility::NoAutoAabb>)>>::for_each<bevy_sprite::calculate_bounds_2d_sprite_mesh::{closure#2}>::{closure#0}, ()>::{closure#0}>",/home/cristian/repos/propios/ProyectoOpenTtd/openttdrs/target/performance/render-residual-cpu-20261002/paused/client
paused,63,4,20.1005,0.4098360655737705,672227;672228;672230;672232,<wgpu_core::storage::Storage<wgpu_core::resource::Fallible<wgpu_core::binding_model::BindGroup>>>::get,/home/cristian/repos/propios/ProyectoOpenTtd/openttdrs/target/performance/render-residual-cpu-20261002/paused/client
paused,64,4,20.1005,0.4098360655737705,672229;672230;672232,openttdrs_client::ui::toolbar::minimap::sync::sync_minimap,/home/cristian/repos/propios/ProyectoOpenTtd/openttdrs/target/performance/render-residual-cpu-20261002/paused/client
paused,65,3,15.075375,0.3073770491803279,672228;672230,"<&mut bevy_sprite_render::sprite_mesh::add_mesh as core::ops::function::FnMut<(bevy_ecs::system::query::Query<bevy_ecs::entity::Entity, bevy_ecs::query::filter::Added<bevy_sprite::sprite_mesh::SpriteMesh>>, bevy_ecs::change_detection::params::ResMut<bevy_asset::assets::Assets<bevy_mesh::mesh::Mesh>>, bevy_ecs::system::system_param::Local<core::option::Option<bevy_asset::handle::Handle<bevy_mesh::mesh::Mesh>>>, bevy_ecs::system::commands::Commands)>>::call_mut",/home/cristian/repos/propios/ProyectoOpenTtd/openttdrs/target/performance/render-residual-cpu-20261002/paused/client
paused,66,3,15.075375,0.3073770491803279,672253,<wgpu_core::command::render::State>::is_ready,/home/cristian/repos/propios/ProyectoOpenTtd/openttdrs/target/performance/render-residual-cpu-20261002/paused/client
paused,67,3,15.075375,0.3073770491803279,672229;672230,"<hashbrown::raw::RawTable<usize>>::insert::<indexmap::inner::insert_bulk_no_grow<(bevy_ecs::entity::Entity, bevy_render::sync_world::MainEntity), bevy_core_pipeline::core_2d::Transparent2d>::{closure#0}>",/home/cristian/repos/propios/ProyectoOpenTtd/openttdrs/target/performance/render-residual-cpu-20261002/paused/client
paused,68,3,15.075375,0.3073770491803279,672228;672230;672231,"<&mut bevy_ui::stack::ui_stack_system as core::ops::function::FnMut<(bevy_ecs::system::system_param::Local<bevy_ui::stack::ChildBufferCache>, bevy_ecs::system::system_param::Local<alloc::vec::Vec<(bevy_ecs::entity::Entity, (i32, i32))>>, bevy_ecs::system::system_param::Local<bevy_ecs::entity::hash_set::EntityHashSet>, bevy_ecs::change_detection::params::ResMut<bevy_ui::stack::UiStack>, bevy_ecs::system::query::Query<bevy_ecs::entity::Entity, (bevy_ecs::query::filter::With<bevy_ui::ui_node::Node>, bevy_ecs::query::filter::Without<bevy_ecs::hierarchy::ChildOf>)>, bevy_ecs::system::query::Query<(bevy_ecs::entity::Entity, core::option::Option<&bevy_ui::ui_node::GlobalZIndex>, core::option::Option<&bevy_ui::ui_node::ZIndex>)>, bevy_ecs::system::query::Query<(bevy_ecs::entity::Entity, &bevy_ui::ui_node::GlobalZIndex, core::option::Option<&bevy_ui::ui_node::ZIndex>), bevy_ecs::query::filter::With<bevy_ui::stack::ComputedStackIndex>>, bevy_ui::experimental::ghost_hierarchy::UiChildren, bevy_ecs::system::query::Query<core::option::Option<&bevy_ui::ui_node::ZIndex>, (bevy_ecs::query::filter::With<bevy_ui::stack::ComputedStackIndex>, bevy_ecs::query::filter::Without<bevy_ui::ui_node::GlobalZIndex>)>, bevy_ecs::system::query::Query<&mut bevy_ui::stack::ComputedStackIndex>)>>::call_mut",/home/cristian/repos/propios/ProyectoOpenTtd/openttdrs/target/performance/render-residual-cpu-20261002/paused/client
paused,69,3,15.075375,0.3073770491803279,672229;672232,bevy_sprite_render::render::queue_sprites,/home/cristian/repos/propios/ProyectoOpenTtd/openttdrs/target/performance/render-residual-cpu-20261002/paused/client
paused,70,3,15.075375,0.3073770491803279,672220;672227;672253,_int_malloc,/usr/lib/x86_64-linux-gnu/libc.so.6
paused,71,3,15.075375,0.3073770491803279,672227;672228;672232,<bevy_ecs::world::unsafe_world_cell::UnsafeWorldCell>::get_resource_with_ticks,/home/cristian/repos/propios/ProyectoOpenTtd/openttdrs/target/performance/render-residual-cpu-20261002/paused/client
paused,72,3,15.075375,0.3073770491803279,672228;672229;672230,"<&mut bevy_app::propagate::propagate_inherited<bevy_ui::ui_node::ComputedUiTargetCamera, (), bevy_ecs::hierarchy::ChildOf> as core::ops::function::FnMut<(bevy_ecs::system::commands::Commands, bevy_ecs::system::query::Query<(&bevy_app::propagate::Inherited<bevy_ui::ui_node::ComputedUiTargetCamera>, &bevy_ecs::hierarchy::Children), (bevy_ecs::query::filter::Changed<bevy_app::propagate::Inherited<bevy_ui::ui_node::ComputedUiTargetCamera>>, bevy_ecs::query::filter::Without<bevy_app::propagate::PropagateStop<bevy_ui::ui_node::ComputedUiTargetCamera>>, ())>, bevy_ecs::system::query::Query<(core::option::Option<&bevy_ecs::hierarchy::Children>, core::option::Option<&bevy_app::propagate::Inherited<bevy_ui::ui_node::ComputedUiTargetCamera>>, core::option::Option<&bevy_app::propagate::PropagateStop<bevy_ui::ui_node::ComputedUiTargetCamera>>), (bevy_ecs::query::filter::Without<bevy_app::propagate::Propagate<bevy_ui::ui_node::ComputedUiTargetCamera>>, ())>, bevy_ecs::lifecycle::RemovedComponents<bevy_app::propagate::Inherited<bevy_ui::ui_node::ComputedUiTargetCamera>>, bevy_ecs::system::system_param::Local<alloc::vec::Vec<(bevy_ecs::entity::Entity, core::option::Option<bevy_app::propagate::Inherited<bevy_ui::ui_node::ComputedUiTargetCamera>>)>>)>>::call_mut",/home/cristian/repos/propios/ProyectoOpenTtd/openttdrs/target/performance/render-residual-cpu-20261002/paused/client
paused,73,3,15.075375,0.3073770491803279,672228;672229;672253,malloc,/usr/lib/x86_64-linux-gnu/libc.so.6
paused,74,3,15.075375,0.3073770491803279,672227;672228;672230,<openttdrs_client::ui::pointer::PointerCapture>::active,/home/cristian/repos/propios/ProyectoOpenTtd/openttdrs/target/performance/render-residual-cpu-20261002/paused/client
paused,75,3,15.075375,0.3073770491803279,672228;672229;672230,core::slice::memchr::memrchr,/home/cristian/repos/propios/ProyectoOpenTtd/openttdrs/target/performance/render-residual-cpu-20261002/paused/client
paused,76,3,15.075375,0.3073770491803279,672227;672229;672253,"<indexmap::inner::Core<(bevy_ecs::entity::Entity, bevy_render::sync_world::MainEntity), bevy_ui_render::render_pass::TransparentUi>>::swap_remove_full::<(bevy_ecs::entity::Entity, bevy_render::sync_world::MainEntity)>",/home/cristian/repos/propios/ProyectoOpenTtd/openttdrs/target/performance/render-residual-cpu-20261002/paused/client
paused,77,3,15.075375,0.3073770491803279,672227;672228;672231,"core::slice::sort::stable::drift::sort::<indexmap::Bucket<(bevy_ecs::entity::Entity, bevy_render::sync_world::MainEntity), bevy_ui_render::render_pass::TransparentUi>, <[indexmap::Bucket<(bevy_ecs::entity::Entity, bevy_render::sync_world::MainEntity), bevy_ui_render::render_pass::TransparentUi>]>::sort_by_key<bevy_math::float_ord::FloatOrd, <indexmap::map::IndexMap<(bevy_ecs::entity::Entity, bevy_render::sync_world::MainEntity), bevy_ui_render::render_pass::TransparentUi, bevy_ecs::entity::hash::EntityHash>>::sort_by_key<bevy_math::float_ord::FloatOrd, <bevy_ui_render::render_pass::TransparentUi as bevy_render::render_phase::SortedPhaseItem>::sort::{closure#0}>::{closure#0}::{closure#0}>::{closure#0}>",/home/cristian/repos/propios/ProyectoOpenTtd/openttdrs/target/performance/render-residual-cpu-20261002/paused/client
paused,78,3,15.075375,0.3073770491803279,672253,<wgpu_hal::vulkan::CommandEncoder as wgpu_hal::CommandEncoder>::set_bind_group,/home/cristian/repos/propios/ProyectoOpenTtd/openttdrs/target/performance/render-residual-cpu-20261002/paused/client
paused,79,3,15.075375,0.3073770491803279,672232;672253,"taffy::compute::flexbox::calculate_flex_item::<taffy::tree::taffy_tree::TaffyView<bevy_ui::measurement::NodeMeasure, <bevy_ui::layout::ui_surface::UiSurface>::compute_layout::{closure#0}>>",/home/cristian/repos/propios/ProyectoOpenTtd/openttdrs/target/performance/render-residual-cpu-20261002/paused/client
paused,80,3,15.075375,0.3073770491803279,672220;672253,<bevy_ecs::bundle::info::BundleInfo>::insert_bundle_into_archetype,/home/cristian/repos/propios/ProyectoOpenTtd/openttdrs/target/performance/render-residual-cpu-20261002/paused/client
paused,81,3,15.075375,0.3073770491803279,672228;672231;672232,"<bevy_ecs::query::iter::QueryIter<&mut bevy_camera::visibility::ViewVisibility, bevy_ecs::query::filter::Without<bevy_camera::visibility::NoCpuCulling>>>::fold_over_storage_range::<(), <bevy_ecs::query::par_iter::QueryParIter<&mut bevy_camera::visibility::ViewVisibility, bevy_ecs::query::filter::Without<bevy_camera::visibility::NoCpuCulling>>>::for_each_init<<bevy_ecs::query::par_iter::QueryParIter<&mut bevy_camera::visibility::ViewVisibility, bevy_ecs::query::filter::Without<bevy_camera::visibility::NoCpuCulling>>>::for_each<bevy_camera::visibility::reset_view_visibility::{closure#0}>::{closure#1}, <bevy_ecs::query::par_iter::QueryParIter<&mut bevy_camera::visibility::ViewVisibility, bevy_ecs::query::filter::Without<bevy_camera::visibility::NoCpuCulling>>>::for_each<bevy_camera::visibility::reset_view_visibility::{closure#0}>::{closure#0}, ()>::{closure#0}>",/home/cristian/repos/propios/ProyectoOpenTtd/openttdrs/target/performance/render-residual-cpu-20261002/paused/client
paused,82,3,15.075375,0.3073770491803279,672220;672227;672253,cfree@GLIBC_2.2.5,/usr/lib/x86_64-linux-gnu/libc.so.6
paused,83,3,15.075375,0.3073770491803279,672227;672230,__memcmp_evex_movbe,/usr/lib/x86_64-linux-gnu/libc.so.6
paused,84,3,15.075375,0.3073770491803279,672227;672230,<wgpu::backend::wgpu_core::CoreRenderPass as wgpu::dispatch::RenderPassInterface>::set_bind_group,/home/cristian/repos/propios/ProyectoOpenTtd/openttdrs/target/performance/render-residual-cpu-20261002/paused/client
paused,85,2,10.05025,0.20491803278688525,672229;672232,"<hashbrown::map::HashMap<bevy_ecs::entity::Entity, openttdrs_client::render::rail_glass_compositor::CachedMaskProxy, bevy_ecs::entity::hash::EntityHash>>::retain::<openttdrs_client::render::rail_glass_compositor::sync_rail_glass_mask_proxies::{closure#0}>",/home/cristian/repos/propios/ProyectoOpenTtd/openttdrs/target/performance/render-residual-cpu-20261002/paused/client
paused,86,2,10.05025,0.20491803278688525,672230,"<hashbrown::table::HashTable<usize>>::entry::<indexmap::inner::equivalent<(bevy_ecs::entity::Entity, bevy_render::sync_world::MainEntity), bevy_ui_render::render_pass::TransparentUi, (bevy_ecs::entity::Entity, bevy_render::sync_world::MainEntity)>::{closure#0}, indexmap::inner::get_hash<(bevy_ecs::entity::Entity, bevy_render::sync_world::MainEntity), bevy_ui_render::render_pass::TransparentUi>::{closure#0}>",/home/cristian/repos/propios/ProyectoOpenTtd/openttdrs/target/performance/render-residual-cpu-20261002/paused/client
paused,87,2,10.05025,0.20491803278688525,672227;672229,<openttdrs_core::vehicle::model::Vehicle>::movement_direction,/home/cristian/repos/propios/ProyectoOpenTtd/openttdrs/target/performance/render-residual-cpu-20261002/paused/client
paused,88,2,10.05025,0.20491803278688525,672227;672228,<concurrent_queue::bounded::Bounded<bevy_ecs::schedule::executor::multi_threaded::SystemResult>>::push_or_else::<<concurrent_queue::bounded::Bounded<bevy_ecs::schedule::executor::multi_threaded::SystemResult>>::push::{closure#0}>,/home/cristian/repos/propios/ProyectoOpenTtd/openttdrs/target/performance/render-residual-cpu-20261002/paused/client
paused,89,2,10.05025,0.20491803278688525,672229;672230,"core::slice::sort::unstable::quicksort::quicksort::<(core::option::Option<usize>, openttdrs_client::render::viewport_sort::ParentSprite, core::option::Option<f32>, u64, u8, i64, u64), <[(core::option::Option<usize>, openttdrs_client::render::viewport_sort::ParentSprite, core::option::Option<f32>, u64, u8, i64, u64)]>::sort_unstable_by_key<(u64, u8, i64, u64), openttdrs_client::render::house_viewport_sort::segment_proxy_depths_for_band::{closure#1}>::{closure#0}>",/home/cristian/repos/propios/ProyectoOpenTtd/openttdrs/target/performance/render-residual-cpu-20261002/paused/client
paused,90,2,10.05025,0.20491803278688525,672230;672253,<bevy_ui::ui_transform::UiTransform>::compute_affine,/home/cristian/repos/propios/ProyectoOpenTtd/openttdrs/target/performance/render-residual-cpu-20261002/paused/client
paused,91,2,10.05025,0.20491803278688525,672230;672232,openttdrs_core::road_movement::bay::bay_subtile,/home/cristian/repos/propios/ProyectoOpenTtd/openttdrs/target/performance/render-residual-cpu-20261002/paused/client
paused,92,2,10.05025,0.20491803278688525,672253,<wgpu_core::command::memory_init::CommandBufferTextureMemoryActions>::register_init_action,/home/cristian/repos/propios/ProyectoOpenTtd/openttdrs/target/performance/render-residual-cpu-20261002/paused/client
paused,93,2,10.05025,0.20491803278688525,672230;672231,openttdrs_core::road_movement::render_pose::train_route_on_tile,/home/cristian/repos/propios/ProyectoOpenTtd/openttdrs/target/performance/render-residual-cpu-20261002/paused/client
paused,94,2,10.05025,0.20491803278688525,672253,<bevy_ecs::component::register::ComponentsRegistrator>::apply_queued_registrations,/home/cristian/repos/propios/ProyectoOpenTtd/openttdrs/target/performance/render-residual-cpu-20261002/paused/client
paused,95,2,10.05025,0.20491803278688525,672220;672228,_int_free_merge_chunk,/usr/lib/x86_64-linux-gnu/libc.so.6
paused,96,2,10.05025,0.20491803278688525,672229,<bevy_render::view::visibility::RenderVisibleEntitiesClass>::update_cpu_culled_entities,/home/cristian/repos/propios/ProyectoOpenTtd/openttdrs/target/performance/render-residual-cpu-20261002/paused/client
paused,97,2,10.05025,0.20491803278688525,672231,"<alloc::collections::btree::map::BTreeMap<(i64, usize), alloc::collections::btree::set_val::SetValZST>>::remove::<(i64, usize)>",/home/cristian/repos/propios/ProyectoOpenTtd/openttdrs/target/performance/render-residual-cpu-20261002/paused/client
paused,98,2,10.05025,0.20491803278688525,672227;672228,<taffy::tree::taffy_tree::TaffyTree<_>>::mark_dirty::mark_dirty_recursive,/home/cristian/repos/propios/ProyectoOpenTtd/openttdrs/target/performance/render-residual-cpu-20261002/paused/client
paused,99,2,10.05025,0.20491803278688525,672227;672229,"<concurrent_queue::unbounded::Unbounded<async_task::task::FallibleTask<core::result::Result<(), alloc::boxed::Box<dyn core::any::Any + core::marker::Send>>>>>::push",/home/cristian/repos/propios/ProyectoOpenTtd/openttdrs/target/performance/render-residual-cpu-20261002/paused/client
paused,100,2,10.05025,0.20491803278688525,672253,<bevy_ecs::world::World>::spawn_at_with_caller::<bevy_render::sync_world::TemporaryRenderEntity>,/home/cristian/repos/propios/ProyectoOpenTtd/openttdrs/target/performance/render-residual-cpu-20261002/paused/client
paused,101,2,10.05025,0.20491803278688525,672227;672228,<std::hash::random::RandomState as core::hash::BuildHasher>::hash_one::<&openttdrs_core::map::types::TileCoord>,/home/cristian/repos/propios/ProyectoOpenTtd/openttdrs/target/performance/render-residual-cpu-20261002/paused/client
paused,102,2,10.05025,0.20491803278688525,672227;672228,<fixedbitset::FixedBitSet>::intersection,/home/cristian/repos/propios/ProyectoOpenTtd/openttdrs/target/performance/render-residual-cpu-20261002/paused/client
paused,103,2,10.05025,0.20491803278688525,672227;672228,openttdrs_core::newgrf_callback::engine_for_vehicle_catalog,/home/cristian/repos/propios/ProyectoOpenTtd/openttdrs/target/performance/render-residual-cpu-20261002/paused/client
paused,104,2,10.05025,0.20491803278688525,672232;672253,"<&mut bevy_app::propagate::propagate_output<bevy_ui::ui_node::ComputedUiRenderTargetInfo, ()> as core::ops::function::FnMut<(bevy_ecs::system::commands::Commands, bevy_ecs::system::query::Query<(bevy_ecs::entity::Entity, &bevy_app::propagate::Inherited<bevy_ui::ui_node::ComputedUiRenderTargetInfo>, core::option::Option<&bevy_ui::ui_node::ComputedUiRenderTargetInfo>), (bevy_ecs::query::filter::Changed<bevy_app::propagate::Inherited<bevy_ui::ui_node::ComputedUiRenderTargetInfo>>, bevy_ecs::query::filter::Without<bevy_app::propagate::PropagateOver<bevy_ui::ui_node::ComputedUiRenderTargetInfo>>, ())>, bevy_ecs::lifecycle::RemovedComponents<bevy_app::propagate::Inherited<bevy_ui::ui_node::ComputedUiRenderTargetInfo>>, bevy_ecs::system::query::Query<(), (bevy_ecs::query::filter::Without<bevy_app::propagate::PropagateOver<bevy_ui::ui_node::ComputedUiRenderTargetInfo>>, bevy_ecs::query::filter::Without<bevy_app::propagate::Inherited<bevy_ui::ui_node::ComputedUiRenderTargetInfo>>)>)>>::call_mut",/home/cristian/repos/propios/ProyectoOpenTtd/openttdrs/target/performance/render-residual-cpu-20261002/paused/client
paused,105,2,10.05025,0.20491803278688525,672229;672231,"<&mut bevy_render::batching::no_gpu_preprocessing::batch_and_prepare_binned_render_phase<bevy_core_pipeline::core_2d::AlphaMask2d, bevy_sprite_render::mesh2d::mesh::Mesh2dPipeline> as core::ops::function::FnMut<(bevy_ecs::change_detection::params::ResMut<bevy_render::batching::no_gpu_preprocessing::BatchedInstanceBuffer<bevy_sprite_render::mesh2d::mesh::Mesh2dUniform>>, bevy_ecs::change_detection::params::ResMut<bevy_render::render_phase::ViewBinnedRenderPhases<bevy_core_pipeline::core_2d::AlphaMask2d>>, bevy_ecs::system::system_param::StaticSystemParam<(bevy_ecs::change_detection::params::Res<bevy_sprite_render::mesh2d::mesh::RenderMesh2dInstances>, bevy_ecs::change_detection::params::Res<bevy_render::render_asset::RenderAssets<bevy_render::mesh::RenderMesh>>, bevy_ecs::change_detection::params::Res<bevy_render::mesh::allocator::MeshAllocator>)>)>>::call_mut",/home/cristian/repos/propios/ProyectoOpenTtd/openttdrs/target/performance/render-residual-cpu-20261002/paused/client
paused,106,2,10.05025,0.20491803278688525,672227;672232,<openttdrs_core::road_movement::pose::VehiclePose>::from_vehicle,/home/cristian/repos/propios/ProyectoOpenTtd/openttdrs/target/performance/render-residual-cpu-20261002/paused/client
paused,107,2,10.05025,0.20491803278688525,672228;672253,<concurrent_queue::bounded::Bounded<bevy_ecs::schedule::executor::multi_threaded::SystemResult>>::pop,/home/cristian/repos/propios/ProyectoOpenTtd/openttdrs/target/performance/render-residual-cpu-20261002/paused/client
paused,108,2,10.05025,0.20491803278688525,672220,<ttf_parser::tables::gvar::packed_deltas::RunState>::next,/home/cristian/repos/propios/ProyectoOpenTtd/openttdrs/target/performance/render-residual-cpu-20261002/paused/client
paused,109,2,10.05025,0.20491803278688525,672227;672228,"<&mut openttdrs_client::ui::scrollbar::sync_scroll_thumbs as core::ops::function::FnMut<(bevy_ecs::system::query::Query<(&openttdrs_client::ui::scrollbar::ClassicScrollTrack, &bevy_ui::ui_node::ComputedNode, &bevy_ecs::hierarchy::Children)>, bevy_ecs::system::query::Query<(&bevy_ui::ui_node::ScrollPosition, &bevy_ui::ui_node::ComputedNode, core::option::Option<&bevy_ecs::hierarchy::Children>)>, bevy_ecs::system::query::Query<&bevy_ui::ui_node::ComputedNode>, bevy_ecs::system::query::Query<&mut bevy_ui::ui_node::Node, bevy_ecs::query::filter::With<openttdrs_client::ui::scrollbar::ClassicScrollThumb>>)>>::call_mut",/home/cristian/repos/propios/ProyectoOpenTtd/openttdrs/target/performance/render-residual-cpu-20261002/paused/client
paused,110,2,10.05025,0.20491803278688525,672253,"<bevy_ecs::query::iter::QueryIter<&mut bevy_camera::visibility::ViewVisibility, bevy_ecs::query::filter::Without<bevy_camera::visibility::NoCpuCulling>>>::fold_over_storage_range::<(), <bevy_ecs::query::par_iter::QueryParIter<&mut bevy_camera::visibility::ViewVisibility, bevy_ecs::query::filter::Without<bevy_camera::visibility::NoCpuCulling>>>::for_each_init<<bevy_ecs::query::par_iter::QueryParIter<&mut bevy_camera::visibility::ViewVisibility, bevy_ecs::query::filter::Without<bevy_camera::visibility::NoCpuCulling>>>::for_each<bevy_camera::visibility::mark_newly_hidden_entities_invisible::{closure#0}>::{closure#1}, <bevy_ecs::query::par_iter::QueryParIter<&mut bevy_camera::visibility::ViewVisibility, bevy_ecs::query::filter::Without<bevy_camera::visibility::NoCpuCulling>>>::for_each<bevy_camera::visibility::mark_newly_hidden_entities_invisible::{closure#0}>::{closure#0}, ()>::{closure#0}>",/home/cristian/repos/propios/ProyectoOpenTtd/openttdrs/target/performance/render-residual-cpu-20261002/paused/client
paused,111,2,10.05025,0.20491803278688525,672227;672230,"<hashbrown::table::HashTable<usize>>::entry::<indexmap::inner::equivalent<(bevy_ecs::entity::Entity, bevy_render::sync_world::MainEntity), bevy_core_pipeline::core_2d::Transparent2d, (bevy_ecs::entity::Entity, bevy_render::sync_world::MainEntity)>::{closure#0}, indexmap::inner::get_hash<(bevy_ecs::entity::Entity, bevy_render::sync_world::MainEntity), bevy_core_pipeline::core_2d::Transparent2d>::{closure#0}>",/home/cristian/repos/propios/ProyectoOpenTtd/openttdrs/target/performance/render-residual-cpu-20261002/paused/client
paused,112,2,10.05025,0.20491803278688525,672229;672231,<concurrent_queue::unbounded::Unbounded<async_task::runnable::Runnable>>::push,/home/cristian/repos/propios/ProyectoOpenTtd/openttdrs/target/performance/render-residual-cpu-20261002/paused/client
paused,113,2,10.05025,0.20491803278688525,672229;672232,<bevy_ecs::storage::table::Table>::get_changed_ticks_slice_for,/home/cristian/repos/propios/ProyectoOpenTtd/openttdrs/target/performance/render-residual-cpu-20261002/paused/client
paused,114,2,10.05025,0.20491803278688525,672253,<wgpu_core::track::buffer::BufferUsageScope>::merge_bind_group,/home/cristian/repos/propios/ProyectoOpenTtd/openttdrs/target/performance/render-residual-cpu-20261002/paused/client
paused,115,2,10.05025,0.20491803278688525,672220,<wayland_backend::sys::client_impl::InnerBackend>::send_request,/home/cristian/repos/propios/ProyectoOpenTtd/openttdrs/target/performance/render-residual-cpu-20261002/paused/client
paused,116,2,10.05025,0.20491803278688525,672220;672229,unlink_chunk.isra.0,/usr/lib/x86_64-linux-gnu/libc.so.6
paused,117,2,10.05025,0.20491803278688525,672231;672253,<bevy_ui::layout::ui_surface::UiSurface>::upsert_node,/home/cristian/repos/propios/ProyectoOpenTtd/openttdrs/target/performance/render-residual-cpu-20261002/paused/client
paused,118,2,10.05025,0.20491803278688525,672227;672230,<std::hash::random::RandomState as core::hash::BuildHasher>::hash_one::<&str>,/home/cristian/repos/propios/ProyectoOpenTtd/openttdrs/target/performance/render-residual-cpu-20261002/paused/client
paused,119,2,10.05025,0.20491803278688525,672228;672229,"<hashbrown::raw::RawTable<(bevy_asset::id::AssetId<bevy_sprite_render::sprite_mesh::sprite_material::SpriteMaterial>, bevy_sprite_render::mesh2d::material::PreparedMaterial2d<bevy_sprite_render::sprite_mesh::sprite_material::SpriteMaterial>)>>::find::<hashbrown::map::equivalent_key<bevy_asset::id::AssetId<bevy_sprite_render::sprite_mesh::sprite_material::SpriteMaterial>, bevy_asset::id::AssetId<bevy_sprite_render::sprite_mesh::sprite_material::SpriteMaterial>, bevy_sprite_render::mesh2d::material::PreparedMaterial2d<bevy_sprite_render::sprite_mesh::sprite_material::SpriteMaterial>>::{closure#0}>",/home/cristian/repos/propios/ProyectoOpenTtd/openttdrs/target/performance/render-residual-cpu-20261002/paused/client
paused,120,2,10.05025,0.20491803278688525,672220;672231,<bevy_ecs::world::unsafe_world_cell::UnsafeWorldCell>::get_resource_mut_by_id,/home/cristian/repos/propios/ProyectoOpenTtd/openttdrs/target/performance/render-residual-cpu-20261002/paused/client
paused,121,2,10.05025,0.20491803278688525,672227,openttdrs_core::company::vehicle_livery_scheme,/home/cristian/repos/propios/ProyectoOpenTtd/openttdrs/target/performance/render-residual-cpu-20261002/paused/client
paused,122,1,5.025125,0.10245901639344263,672232,"<concurrent_queue::ConcurrentQueue<async_task::task::FallibleTask<core::result::Result<(), alloc::boxed::Box<dyn core::any::Any + core::marker::Send>>>>>::pop",/home/cristian/repos/propios/ProyectoOpenTtd/openttdrs/target/performance/render-residual-cpu-20261002/paused/client
paused,123,1,5.025125,0.10245901639344263,672253,"<&mut bevy_render::extract_component::extract_components<bevy_core_pipeline::tonemapping::Tonemapping, ()> as core::ops::function::FnMut<(bevy_ecs::system::commands::Commands, bevy_ecs::system::system_param::Local<usize>, bevy_render::extract_param::Extract<bevy_ecs::system::query::Query<(bevy_render::sync_world::RenderEntity, &bevy_core_pipeline::tonemapping::Tonemapping), bevy_ecs::query::filter::With<bevy_camera::camera::Camera>>>)>>::call_mut",/home/cristian/repos/propios/ProyectoOpenTtd/openttdrs/target/performance/render-residual-cpu-20261002/paused/client
paused,124,1,5.025125,0.10245901639344263,672231,"<hashbrown::raw::RawTable<(bevy_render::mesh::allocator::MeshAllocationKey, bevy_render::slab_allocator::SlabAllocation)>>::find::<hashbrown::map::equivalent_key<bevy_render::mesh::allocator::MeshAllocationKey, bevy_render::mesh::allocator::MeshAllocationKey, bevy_render::slab_allocator::SlabAllocation>::{closure#0}>",/home/cristian/repos/propios/ProyectoOpenTtd/openttdrs/target/performance/render-residual-cpu-20261002/paused/client
paused,125,1,5.025125,0.10245901639344263,672231,bevy_sprite_render::text2d::extract_text2d_sprite,/home/cristian/repos/propios/ProyectoOpenTtd/openttdrs/target/performance/render-residual-cpu-20261002/paused/client
paused,126,1,5.025125,0.10245901639344263,672227,openttdrs_core::map::slope::partial_pixel_z,/home/cristian/repos/propios/ProyectoOpenTtd/openttdrs/target/performance/render-residual-cpu-20261002/paused/client
paused,127,1,5.025125,0.10245901639344263,672253,"core::slice::sort::unstable::quicksort::quicksort::<bevy_ecs::entity::Entity, <[bevy_ecs::entity::Entity]>::sort_unstable_by_key<bevy_ecs::entity::EntityIndex, bevy_render::sync_world::despawn_temporary_render_entities::{closure#0}>::{closure#0}>",/home/cristian/repos/propios/ProyectoOpenTtd/openttdrs/target/performance/render-residual-cpu-20261002/paused/client
paused,128,1,5.025125,0.10245901639344263,672228,<parley::resolve::ResolveContext>::resolve_features,/home/cristian/repos/propios/ProyectoOpenTtd/openttdrs/target/performance/render-residual-cpu-20261002/paused/client
paused,129,1,5.025125,0.10245901639344263,672228,"<&mut bevy_app::propagate::propagate_output<bevy_ui::ui_node::ComputedUiTargetCamera, ()> as core::ops::function::FnMut<(bevy_ecs::system::commands::Commands, bevy_ecs::system::query::Query<(bevy_ecs::entity::Entity, &bevy_app::propagate::Inherited<bevy_ui::ui_node::ComputedUiTargetCamera>, core::option::Option<&bevy_ui::ui_node::ComputedUiTargetCamera>), (bevy_ecs::query::filter::Changed<bevy_app::propagate::Inherited<bevy_ui::ui_node::ComputedUiTargetCamera>>, bevy_ecs::query::filter::Without<bevy_app::propagate::PropagateOver<bevy_ui::ui_node::ComputedUiTargetCamera>>, ())>, bevy_ecs::lifecycle::RemovedComponents<bevy_app::propagate::Inherited<bevy_ui::ui_node::ComputedUiTargetCamera>>, bevy_ecs::system::query::Query<(), (bevy_ecs::query::filter::Without<bevy_app::propagate::PropagateOver<bevy_ui::ui_node::ComputedUiTargetCamera>>, bevy_ecs::query::filter::Without<bevy_app::propagate::Inherited<bevy_ui::ui_node::ComputedUiTargetCamera>>)>)>>::call_mut",/home/cristian/repos/propios/ProyectoOpenTtd/openttdrs/target/performance/render-residual-cpu-20261002/paused/client
paused,130,1,5.025125,0.10245901639344263,672220,ttf_parser::tables::glyf::resolve_coords_len,/home/cristian/repos/propios/ProyectoOpenTtd/openttdrs/target/performance/render-residual-cpu-20261002/paused/client
paused,131,1,5.025125,0.10245901639344263,672230,<bevy_color::color::Color as core::cmp::PartialEq>::eq,/home/cristian/repos/propios/ProyectoOpenTtd/openttdrs/target/performance/render-residual-cpu-20261002/paused/client
paused,132,1,5.025125,0.10245901639344263,672229,"<indexmap::inner::Core<(bevy_ecs::entity::Entity, bevy_render::sync_world::MainEntity), bevy_core_pipeline::core_2d::Transparent2d>>::insert_full",/home/cristian/repos/propios/ProyectoOpenTtd/openttdrs/target/performance/render-residual-cpu-20261002/paused/client
paused,133,1,5.025125,0.10245901639344263,672228,"<bevy_ecs::system::function_system::FunctionSystem<fn(bevy_ecs::change_detection::params::ResMut<openttdrs_client::ui::vehicle_list::VehicleListState>, bevy_ecs::change_detection::params::Res<bevy_input::button_input::ButtonInput<bevy_input::keyboard::KeyCode>>, bevy_ecs::message::message_reader::MessageReader<bevy_input::keyboard::KeyboardInput>, bevy_ecs::system::query::Query<&mut bevy_text::editing::EditableText, bevy_ecs::query::filter::With<openttdrs_client::ui::vehicle_list::VehicleListGroupRenameInput>>), (), (), openttdrs_client::ui::vehicle_list::vehicle_list_group_rename_keyboard> as bevy_ecs::system::system::System>::run_unsafe",/home/cristian/repos/propios/ProyectoOpenTtd/openttdrs/target/performance/render-residual-cpu-20261002/paused/client
paused,134,1,5.025125,0.10245901639344263,672229,"<bevy_ecs::system::function_system::FunctionSystem<fn(bevy_ecs::system::query::Query<(&bevy_ui::focus::Interaction, &openttdrs_client::ui::sign_list_window::SignListAction), (bevy_ecs::query::filter::Changed<bevy_ui::focus::Interaction>, bevy_ecs::query::filter::With<bevy_ui::widget::button::Button>)>, bevy_ecs::change_detection::params::ResMut<openttdrs_client::ui::sign_list_window::SignListWindowState>, bevy_ecs::change_detection::params::ResMut<openttdrs_client::state::SimWorld>, bevy_ecs::change_detection::params::ResMut<openttdrs_client::render::world::plugin::RemapMapVisualsPending>, bevy_ecs::system::query::Query<&mut bevy_transform::components::transform::Transform, (bevy_ecs::query::filter::With<openttdrs_client::render::components::PrimaryGameCamera>, bevy_ecs::query::filter::Without<openttdrs_client::render::components::MapPreviewCamera>)>, bevy_ecs::system::query::Query<&mut bevy_ui::widget::text::Text, bevy_ecs::query::filter::With<openttdrs_client::ui::sign_list_window::SignListRenameInput>>), (), (), openttdrs_client::ui::sign_list_window::handle_sign_list_buttons> as bevy_ecs::system::system::System>::run_unsafe",/home/cristian/repos/propios/ProyectoOpenTtd/openttdrs/target/performance/render-residual-cpu-20261002/paused/client
paused,135,1,5.025125,0.10245901639344263,672228,"core::slice::sort::shared::smallsort::small_sort_general_with_scratch::<(i64, usize), <(i64, usize) as core::cmp::PartialOrd>::lt>",/home/cristian/repos/propios/ProyectoOpenTtd/openttdrs/target/performance/render-residual-cpu-20261002/paused/client
paused,136,1,5.025125,0.10245901639344263,672228,"<either::Either<core::iter::adapters::chain::Chain<core::iter::adapters::map::Map<core::slice::iter::Iter<(bevy_ecs::entity::Entity, bevy_render::sync_world::MainEntity)>, <bevy_render::view::visibility::RenderVisibleEntitiesClass>::iter_visible::{closure#0}>, core::iter::adapters::map::Map<hashbrown::map::Iter<bevy_render::sync_world::MainEntity, bevy_ecs::entity::Entity>, <bevy_render::view::visibility::RenderVisibleEntitiesClass>::iter_visible::{closure#1}>>, core::iter::adapters::chain::Chain<core::iter::adapters::map::Map<core::slice::iter::Iter<(bevy_ecs::entity::Entity, bevy_render::sync_world::MainEntity)>, <bevy_render::camera::DirtySpecializations>::iter_to_specialize::{closure#0}>, core::iter::adapters::filter_map::FilterMap<hashbrown::set::Iter<bevy_render::sync_world::MainEntity>, <bevy_render::camera::DirtySpecializations>::iter_to_specialize::{closure#1}>>> as core::iter::traits::iterator::Iterator>::next",/home/cristian/repos/propios/ProyectoOpenTtd/openttdrs/target/performance/render-residual-cpu-20261002/paused/client
paused,137,1,5.025125,0.10245901639344263,672253,core::ptr::drop_glue::<wgpu_core::track::Tracker>,/home/cristian/repos/propios/ProyectoOpenTtd/openttdrs/target/performance/render-residual-cpu-20261002/paused/client
paused,138,1,5.025125,0.10245901639344263,672229,"<bevy_ecs::system::query::Query<bevy_ecs::entity::Entity, bevy_ecs::query::filter::With<bevy_window::window::PrimaryWindow>>>::single_inner",/home/cristian/repos/propios/ProyectoOpenTtd/openttdrs/target/performance/render-residual-cpu-20261002/paused/client
paused,139,1,5.025125,0.10245901639344263,672231,<bevy_gizmos::gizmos::Gizmos<bevy_gizmos::frustum::FrustumGizmoConfigGroup> as bevy_ecs::system::system_param::SystemParam>::get_param,/home/cristian/repos/propios/ProyectoOpenTtd/openttdrs/target/performance/render-residual-cpu-20261002/paused/client
paused,140,1,5.025125,0.10245901639344263,672232,"<bevy_ecs::query::state::QueryState<(&openttdrs_client::ui::vehicle_chain::VehicleChainSlot, &mut bevy_ui::ui_node::Node), (bevy_ecs::query::filter::With<openttdrs_client::ui::vehicle_window::VehicleWindowTrainOnly>, bevy_ecs::query::filter::Without<openttdrs_client::ui::vehicle_window::VehicleWindowRenameRow>, bevy_ecs::query::filter::Without<openttdrs_client::ui::vehicle_window::VehicleWindowRefitOnly>)>>::update_archetypes_unsafe_world_cell",/home/cristian/repos/propios/ProyectoOpenTtd/openttdrs/target/performance/render-residual-cpu-20261002/paused/client
paused,141,1,5.025125,0.10245901639344263,672253,<wgpu_hal::vulkan::CommandEncoder as wgpu_hal::CommandEncoder>::begin_render_pass,/home/cristian/repos/propios/ProyectoOpenTtd/openttdrs/target/performance/render-residual-cpu-20261002/paused/client
paused,142,1,5.025125,0.10245901639344263,672227,"<bevy_ecs::system::function_system::FunctionSystem<fn(bevy_ecs::change_detection::params::ResMut<bevy_asset::assets::Assets<bevy_animation::graph::AnimationGraph>>, bevy_ecs::change_detection::params::Res<bevy_asset::server::AssetServer>), (), (), <bevy_asset::assets::Assets<bevy_animation::graph::AnimationGraph>>::track_assets> as bevy_ecs::system::system::System>::run_unsafe",/home/cristian/repos/propios/ProyectoOpenTtd/openttdrs/target/performance/render-residual-cpu-20261002/paused/client
paused,143,1,5.025125,0.10245901639344263,672229,<slab::VacantEntry<core::task::wake::Waker>>::insert,/home/cristian/repos/propios/ProyectoOpenTtd/openttdrs/target/performance/render-residual-cpu-20261002/paused/client
paused,144,1,5.025125,0.10245901639344263,672228,"<&mut openttdrs_client::render::industry_anim::animate_industry_building_layers as core::ops::function::FnMut<(bevy_ecs::change_detection::params::Res<openttdrs_client::state::SimWorld>, core::option::Option<bevy_ecs::change_detection::params::Res<openttdrs_client::render::assets::WorldAssets>>, bevy_ecs::system::commands::Commands, bevy_ecs::system::query::Query<(bevy_ecs::entity::Entity, &openttdrs_client::render::industry_anim::IndustryBuildingAnim, &mut bevy_sprite::sprite::Sprite, &mut bevy_transform::components::transform::Transform, &mut bevy_camera::visibility::Visibility, core::option::Option<&mut openttdrs_client::render::house_viewport_sort::ViewportSortableParent>, core::option::Option<&mut openttdrs_client::render::house_viewport_sort::ViewportSortableChild>)>)>>::call_mut",/home/cristian/repos/propios/ProyectoOpenTtd/openttdrs/target/performance/render-residual-cpu-20261002/paused/client
paused,145,1,5.025125,0.10245901639344263,672253,bevy_render::view::visibility::range::extract_visibility_ranges,/home/cristian/repos/propios/ProyectoOpenTtd/openttdrs/target/performance/render-residual-cpu-20261002/paused/client
paused,146,1,5.025125,0.10245901639344263,672231,"<hashbrown::raw::RawTable<usize>>::insert::<indexmap::inner::insert_bulk_no_grow<bevy_sprite_render::mesh2d::wireframe2d::Wireframe2dBatchSetKey, bevy_render::render_phase::RenderMultidrawableBatchSet<bevy_sprite_render::mesh2d::wireframe2d::Wireframe2dPhaseItem>>::{closure#0}>",/home/cristian/repos/propios/ProyectoOpenTtd/openttdrs/target/performance/render-residual-cpu-20261002/paused/client
paused,147,1,5.025125,0.10245901639344263,672253,<fixedbitset::FixedBitSet as core::clone::Clone>::clone_from,/home/cristian/repos/propios/ProyectoOpenTtd/openttdrs/target/performance/render-residual-cpu-20261002/paused/client
paused,148,1,5.025125,0.10245901639344263,672230,"<&mut bevy_render::extract_component::extract_components<bevy_core_pipeline::oit::OrderIndependentTransparencySettings, ()> as core::ops::function::FnMut<(bevy_ecs::system::commands::Commands, bevy_ecs::system::system_param::Local<usize>, bevy_render::extract_param::Extract<bevy_ecs::system::query::Query<(bevy_render::sync_world::RenderEntity, &bevy_core_pipeline::oit::OrderIndependentTransparencySettings)>>)>>::call_mut",/home/cristian/repos/propios/ProyectoOpenTtd/openttdrs/target/performance/render-residual-cpu-20261002/paused/client
paused,149,1,5.025125,0.10245901639344263,672253,wgpu_core::command::render::encode_render_pass,/home/cristian/repos/propios/ProyectoOpenTtd/openttdrs/target/performance/render-residual-cpu-20261002/paused/client
paused,150,1,5.025125,0.10245901639344263,672253,"<bevy_ecs::system::function_system::FunctionSystem<fn(bevy_ecs::change_detection::params::ResMut<bevy_ui_render::ui_texture_slice_pipeline::ExtractedUiTextureSlices>, bevy_ecs::change_detection::params::Res<bevy_ui_render::ui_texture_slice_pipeline::UiTextureSlicePipeline>, bevy_ecs::change_detection::params::ResMut<bevy_render::render_resource::pipeline_specializer::SpecializedRenderPipelines<bevy_ui_render::ui_texture_slice_pipeline::UiTextureSlicePipeline>>, bevy_ecs::change_detection::params::ResMut<bevy_render::render_phase::ViewSortedRenderPhases<bevy_ui_render::render_pass::TransparentUi>>, bevy_ecs::system::query::Query<&bevy_ui_render::UiCameraView, bevy_ecs::query::filter::With<bevy_render::view::ExtractedView>>, bevy_ecs::system::query::Query<&bevy_render::view::ExtractedView>, bevy_ecs::change_detection::params::Res<bevy_render::render_resource::pipeline_cache::PipelineCache>, bevy_ecs::change_detection::params::Res<bevy_render::render_phase::draw::DrawFunctions<bevy_ui_render::render_pass::TransparentUi>>), (), (), bevy_ui_render::ui_texture_slice_pipeline::queue_ui_slices> as bevy_ecs::system::system::System>::apply_deferred",/home/cristian/repos/propios/ProyectoOpenTtd/openttdrs/target/performance/render-residual-cpu-20261002/paused/client
paused,151,1,5.025125,0.10245901639344263,672227,bevy_ui_render::extract_uinode_borders,/home/cristian/repos/propios/ProyectoOpenTtd/openttdrs/target/performance/render-residual-cpu-20261002/paused/client
paused,152,1,5.025125,0.10245901639344263,672227,openttdrs_client::iso::slope::height_for_slope_corner_sample,/home/cristian/repos/propios/ProyectoOpenTtd/openttdrs/target/performance/render-residual-cpu-20261002/paused/client
paused,153,1,5.025125,0.10245901639344263,672232,openttdrs_client::render::vehicles::pose::vehicle_draw_anchor_from_pose,/home/cristian/repos/propios/ProyectoOpenTtd/openttdrs/target/performance/render-residual-cpu-20261002/paused/client
paused,154,1,5.025125,0.10245901639344263,672229,"<async_executor::CallOnDrop<<async_executor::Executor>::spawn_inner<core::result::Result<(), alloc::boxed::Box<dyn core::any::Any + core::marker::Send>>, futures_lite::future::CatchUnwind<core::panic::unwind_safe::AssertUnwindSafe<<bevy_ecs::schedule::executor::multi_threaded::ExecutorState>::spawn_exclusive_system_task::{closure#0}>>>::{closure#0}> as core::ops::drop::Drop>::drop",/home/cristian/repos/propios/ProyectoOpenTtd/openttdrs/target/performance/render-residual-cpu-20261002/paused/client
paused,155,1,5.025125,0.10245901639344263,672228,<parking::Inner>::unpark,/home/cristian/repos/propios/ProyectoOpenTtd/openttdrs/target/performance/render-residual-cpu-20261002/paused/client
paused,156,1,5.025125,0.10245901639344263,672253,<bevy_ecs::world::World>::register_bundle_info::<bevy_core_pipeline::prepass::background_motion_vectors::NoBackgroundMotionVectors>,/home/cristian/repos/propios/ProyectoOpenTtd/openttdrs/target/performance/render-residual-cpu-20261002/paused/client
paused,157,1,5.025125,0.10245901639344263,672231,bevy_ui::widget::image::update_image_content_size_system,/home/cristian/repos/propios/ProyectoOpenTtd/openttdrs/target/performance/render-residual-cpu-20261002/paused/client
paused,158,1,5.025125,0.10245901639344263,672232,openttdrs_client::iso::slope::tile_slope_and_min_z,/home/cristian/repos/propios/ProyectoOpenTtd/openttdrs/target/performance/render-residual-cpu-20261002/paused/client
paused,159,1,5.025125,0.10245901639344263,672229,"<bevy_ecs::system::function_system::FunctionSystem<fn(bevy_render::renderer::render_context::ViewQuery<(&bevy_render::view::ViewTarget, &bevy_core_pipeline::upscaling::ViewUpscalingPipeline, core::option::Option<&bevy_render::camera::ExtractedCamera>)>, bevy_ecs::change_detection::params::Res<bevy_render::render_resource::pipeline_cache::PipelineCache>, bevy_ecs::change_detection::params::Res<bevy_core_pipeline::blit::BlitPipeline>, bevy_ecs::change_detection::params::Res<bevy_camera::clear_color::ClearColor>, bevy_ecs::system::system_param::Local<bevy_core_pipeline::upscaling::node::UpscalingBindGroupCache>, bevy_render::renderer::render_context::RenderContext), (), (), bevy_core_pipeline::upscaling::node::upscaling> as bevy_ecs::system::system::System>::run_unsafe",/home/cristian/repos/propios/ProyectoOpenTtd/openttdrs/target/performance/render-residual-cpu-20261002/paused/client
paused,160,1,5.025125,0.10245901639344263,672220,<ttf_parser::Face>::set_variation,/home/cristian/repos/propios/ProyectoOpenTtd/openttdrs/target/performance/render-residual-cpu-20261002/paused/client
paused,161,1,5.025125,0.10245901639344263,672227,"<bevy_ecs::query::state::QueryState<(&bevy_ecs::hierarchy::ChildOf, &mut bevy_camera::visibility::Visibility), (bevy_ecs::query::filter::With<openttdrs_client::ui::floating_window::FloatingWindowResizeButton>, bevy_ecs::query::filter::Without<openttdrs_client::ui::floating_window::FloatingWindowContent>)>>::update_archetypes_unsafe_world_cell",/home/cristian/repos/propios/ProyectoOpenTtd/openttdrs/target/performance/render-residual-cpu-20261002/paused/client
paused,162,1,5.025125,0.10245901639344263,672231,openttdrs_client::i18n::translate_dynamic_news_text,/home/cristian/repos/propios/ProyectoOpenTtd/openttdrs/target/performance/render-residual-cpu-20261002/paused/client
paused,163,1,5.025125,0.10245901639344263,672232,"core::slice::sort::shared::smallsort::insertion_sort_shift_left::<(core::option::Option<usize>, openttdrs_client::render::viewport_sort::ParentSprite, core::option::Option<f32>, u64, u8, i64, u64), <[(core::option::Option<usize>, openttdrs_client::render::viewport_sort::ParentSprite, core::option::Option<f32>, u64, u8, i64, u64)]>::sort_unstable_by_key<(u64, u8, i64, u64), openttdrs_client::render::house_viewport_sort::segment_proxy_depths_for_band::{closure#1}>::{closure#0}>",/home/cristian/repos/propios/ProyectoOpenTtd/openttdrs/target/performance/render-residual-cpu-20261002/paused/client
paused,164,1,5.025125,0.10245901639344263,672230,openttdrs_client::render::house_viewport_sort::segment_proxy_insertion_order,/home/cristian/repos/propios/ProyectoOpenTtd/openttdrs/target/performance/render-residual-cpu-20261002/paused/client
paused,165,1,5.025125,0.10245901639344263,672230,"taffy::compute::grid::compute_grid_layout::<taffy::tree::taffy_tree::TaffyView<bevy_ui::measurement::NodeMeasure, <bevy_ui::layout::ui_surface::UiSurface>::compute_layout::{closure#0}>>",/home/cristian/repos/propios/ProyectoOpenTtd/openttdrs/target/performance/render-residual-cpu-20261002/paused/client
paused,166,1,5.025125,0.10245901639344263,672220,<ttf_parser::tables::glyf::GlyphPointsIter as core::iter::traits::iterator::Iterator>::next,/home/cristian/repos/propios/ProyectoOpenTtd/openttdrs/target/performance/render-residual-cpu-20261002/paused/client
paused,167,1,5.025125,0.10245901639344263,672220,"<bevy_ecs::system::function_system::FunctionSystem<fn(bevy_ecs::system::query::Query<(&bevy_ui::focus::Interaction, &openttdrs_client::ui::refit_window::RefitCargoRow, &openttdrs_client::ui::vehicle_chain::VehicleChainSlot), (bevy_ecs::query::filter::Changed<bevy_ui::focus::Interaction>, bevy_ecs::query::filter::With<bevy_ui::widget::button::Button>)>, bevy_ecs::system::query::Query<(&bevy_ui::focus::Interaction, &openttdrs_client::ui::refit_window::RefitUnitRow, &openttdrs_client::ui::vehicle_chain::VehicleChainSlot), (bevy_ecs::query::filter::Changed<bevy_ui::focus::Interaction>, bevy_ecs::query::filter::With<bevy_ui::widget::button::Button>)>, bevy_ecs::change_detection::params::ResMut<openttdrs_client::ui::refit_window::RefitWindowState>, bevy_ecs::change_detection::params::ResMut<openttdrs_client::state::SimWorld>, bevy_ecs::change_detection::params::ResMut<openttdrs_client::render::world::plugin::RemapMapVisualsPending>, bevy_ecs::change_detection::params::ResMut<openttdrs_client::ui::hud::HudBuildFeedback>, bevy_ecs::change_detection::params::Res<bevy_time::time::Time>), (), (), openttdrs_client::ui::refit_window::handle_refit_window_buttons> as bevy_ecs::system::system::System>::apply_deferred",/home/cristian/repos/propios/ProyectoOpenTtd/openttdrs/target/performance/render-residual-cpu-20261002/paused/client
paused,168,1,5.025125,0.10245901639344263,672227,"<alloc::collections::btree::node::Handle<alloc::collections::btree::node::NodeRef<alloc::collections::btree::node::marker::Mut, (i64, usize), alloc::collections::btree::set_val::SetValZST, alloc::collections::btree::node::marker::Leaf>, alloc::collections::btree::node::marker::KV>>::remove_leaf_kv::<<alloc::collections::btree::map::entry::OccupiedEntry<(i64, usize), alloc::collections::btree::set_val::SetValZST>>::remove_kv::{closure#0}, alloc::alloc::Global>",/home/cristian/repos/propios/ProyectoOpenTtd/openttdrs/target/performance/render-residual-cpu-20261002/paused/client
paused,169,1,5.025125,0.10245901639344263,672220,<tiny_skia::pipeline::blitter::RasterPipelineBlitter as tiny_skia::blitter::Blitter>::blit_rect,/home/cristian/repos/propios/ProyectoOpenTtd/openttdrs/target/performance/render-residual-cpu-20261002/paused/client
paused,170,1,5.025125,0.10245901639344263,672228,bevy_ui::widget::text::text_system,/home/cristian/repos/propios/ProyectoOpenTtd/openttdrs/target/performance/render-residual-cpu-20261002/paused/client
paused,171,1,5.025125,0.10245901639344263,672230,"<&mut openttdrs_client::i18n::register_catalog_ui_texts as core::ops::function::FnMut<(bevy_ecs::system::commands::Commands, bevy_ecs::system::query::Query<(bevy_ecs::entity::Entity, &bevy_ui::widget::text::Text), (bevy_ecs::query::filter::Or<(bevy_ecs::query::filter::Added<bevy_ui::widget::text::Text>, bevy_ecs::query::filter::Changed<bevy_ui::widget::text::Text>)>, bevy_ecs::query::filter::Without<openttdrs_client::i18n::LocalizedUiText>, bevy_ecs::query::filter::Without<bevy_text::editing::EditableText>)>)>>::call_mut",/home/cristian/repos/propios/ProyectoOpenTtd/openttdrs/target/performance/render-residual-cpu-20261002/paused/client
paused,172,1,5.025125,0.10245901639344263,672253,<wgpu_hal::vulkan::CommandEncoder as wgpu_hal::dynamic::command::DynCommandEncoder>::set_bind_group,/home/cristian/repos/propios/ProyectoOpenTtd/openttdrs/target/performance/render-residual-cpu-20261002/paused/client
paused,173,1,5.025125,0.10245901639344263,672228,openttdrs_client::render::viewport_sort::depths_in_viewport_sort_order_from_order,/home/cristian/repos/propios/ProyectoOpenTtd/openttdrs/target/performance/render-residual-cpu-20261002/paused/client
paused,174,1,5.025125,0.10245901639344263,672228,openttdrs_core::road_movement::pose::extrapolate_vehicle_pose,/home/cristian/repos/propios/ProyectoOpenTtd/openttdrs/target/performance/render-residual-cpu-20261002/paused/client
paused,175,1,5.025125,0.10245901639344263,672232,<bevy_ecs::bundle::insert::BundleInserter>::insert::<bevy_render::render_asset::CachedExtractRenderAssetSystemState<bevy_render::mesh::RenderMesh>>,/home/cristian/repos/propios/ProyectoOpenTtd/openttdrs/target/performance/render-residual-cpu-20261002/paused/client
paused,176,1,5.025125,0.10245901639344263,672229,"<hashbrown::map::HashMap<(bevy_ecs::entity::Entity, i64), bevy_ecs::entity::Entity, std::hash::random::RandomState>>::insert",/home/cristian/repos/propios/ProyectoOpenTtd/openttdrs/target/performance/render-residual-cpu-20261002/paused/client
paused,177,1,5.025125,0.10245901639344263,672253,"<bevy_ecs::system::function_system::FunctionSystem<fn(bevy_ecs::system::commands::Commands, bevy_render::extract_param::Extract<core::option::Option<bevy_ecs::change_detection::params::Res<openttdrs_client::render::rail_glass_compositor::RailGlassPostProcessAssets>>>, core::option::Option<bevy_ecs::change_detection::params::ResMut<openttdrs_client::render::rail_glass_compositor::RailGlassPostProcessAssets>>), (), (), bevy_render::extract_resource::extract_resource<openttdrs_client::render::rail_glass_compositor::RailGlassPostProcessAssets, ()>> as bevy_ecs::system::system::System>::apply_deferred",/home/cristian/repos/propios/ProyectoOpenTtd/openttdrs/target/performance/render-residual-cpu-20261002/paused/client
paused,178,1,5.025125,0.10245901639344263,672253,<wgpu_core::track::buffer::BufferUsageScope>::set_size,/home/cristian/repos/propios/ProyectoOpenTtd/openttdrs/target/performance/render-residual-cpu-20261002/paused/client
paused,179,1,5.025125,0.10245901639344263,672253,<swash::font::FontDataRef>::get,/home/cristian/repos/propios/ProyectoOpenTtd/openttdrs/target/performance/render-residual-cpu-20261002/paused/client
paused,180,1,5.025125,0.10245901639344263,672253,[unknown],/usr/lib/x86_64-linux-gnu/libwayland-client.so.0.24.0
paused,181,1,5.025125,0.10245901639344263,672231,"<bevy_ecs::system::query::Query<(core::option::Option<&bevy_ecs::hierarchy::Children>, core::option::Option<&bevy_app::propagate::Inherited<bevy_ui::ui_node::ComputedUiRenderTargetInfo>>, core::option::Option<&bevy_app::propagate::PropagateStop<bevy_ui::ui_node::ComputedUiRenderTargetInfo>>), (bevy_ecs::query::filter::Without<bevy_app::propagate::Propagate<bevy_ui::ui_node::ComputedUiRenderTargetInfo>>, ())>>::get_inner",/home/cristian/repos/propios/ProyectoOpenTtd/openttdrs/target/performance/render-residual-cpu-20261002/paused/client
paused,182,1,5.025125,0.10245901639344263,672220,sctk_adwaita::title::ab_glyph_renderer::parse_font,/home/cristian/repos/propios/ProyectoOpenTtd/openttdrs/target/performance/render-residual-cpu-20261002/paused/client
paused,183,1,5.025125,0.10245901639344263,672232,<bevy_color::linear_rgba::LinearRgba as core::convert::From<bevy_color::color::Color>>::from,/home/cristian/repos/propios/ProyectoOpenTtd/openttdrs/target/performance/render-residual-cpu-20261002/paused/client
paused,184,1,5.025125,0.10245901639344263,672228,core::ptr::drop_glue::<<bevy_ecs::world::World>::try_resource_scope::ReinsertGuard<bevy_render::render_asset::CachedExtractRenderAssetSystemState<bevy_render::storage::GpuShaderBuffer>>>,/home/cristian/repos/propios/ProyectoOpenTtd/openttdrs/target/performance/render-residual-cpu-20261002/paused/client
paused,185,1,5.025125,0.10245901639344263,672253,"<alloc::vec::Vec<ash::vk::definitions::CommandBuffer> as alloc::vec::spec_extend::SpecExtend<ash::vk::definitions::CommandBuffer, core::iter::adapters::map::Map<core::iter::adapters::map::Map<alloc::vec::into_iter::IntoIter<alloc::boxed::Box<dyn wgpu_hal::dynamic::DynCommandBuffer>>, <wgpu_hal::vulkan::CommandEncoder as wgpu_hal::dynamic::command::DynCommandEncoder>::reset_all::{closure#0}>, <wgpu_hal::vulkan::CommandEncoder as wgpu_hal::CommandEncoder>::reset_all<core::iter::adapters::map::Map<alloc::vec::into_iter::IntoIter<alloc::boxed::Box<dyn wgpu_hal::dynamic::DynCommandBuffer>>, <wgpu_hal::vulkan::CommandEncoder as wgpu_hal::dynamic::command::DynCommandEncoder>::reset_all::{closure#0}>>::{closure#0}>>>::spec_extend",/home/cristian/repos/propios/ProyectoOpenTtd/openttdrs/target/performance/render-residual-cpu-20261002/paused/client
paused,186,1,5.025125,0.10245901639344263,672228,<bevy_render::render_resource::pipeline_specializer::SpecializedRenderPipelines<bevy_ui_render::pipeline::UiPipeline>>::specialize,/home/cristian/repos/propios/ProyectoOpenTtd/openttdrs/target/performance/render-residual-cpu-20261002/paused/client
paused,187,1,5.025125,0.10245901639344263,672220,<ttf_parser::var_store::ItemVariationStore>::parse_delta,/home/cristian/repos/propios/ProyectoOpenTtd/openttdrs/target/performance/render-residual-cpu-20261002/paused/client
paused,188,1,5.025125,0.10245901639344263,672227,<openttdrs_client::sprites::company_palette::CompanyColoredSprites>::tile_handle_path_for_colour,/home/cristian/repos/propios/ProyectoOpenTtd/openttdrs/target/performance/render-residual-cpu-20261002/paused/client
paused,189,1,5.025125,0.10245901639344263,672253,core::ptr::drop_glue::<wgpu_core::command::render::RenderPassErrorInner>,/home/cristian/repos/propios/ProyectoOpenTtd/openttdrs/target/performance/render-residual-cpu-20261002/paused/client
paused,190,1,5.025125,0.10245901639344263,672232,<concurrent_queue::ConcurrentQueue<async_task::runnable::Runnable>>::push,/home/cristian/repos/propios/ProyectoOpenTtd/openttdrs/target/performance/render-residual-cpu-20261002/paused/client
paused,191,1,5.025125,0.10245901639344263,672227,<alloc::vec::Vec<wgpu_core::init_tracker::buffer::BufferInitTrackerAction>>::extend_trusted::<core::option::IntoIter<wgpu_core::init_tracker::buffer::BufferInitTrackerAction>>,/home/cristian/repos/propios/ProyectoOpenTtd/openttdrs/target/performance/render-residual-cpu-20261002/paused/client
paused,192,1,5.025125,0.10245901639344263,672253,<bevy_ecs::world::entity_access::world_mut::EntityWorldMut>::despawn_no_free_with_caller,/home/cristian/repos/propios/ProyectoOpenTtd/openttdrs/target/performance/render-residual-cpu-20261002/paused/client
paused,193,1,5.025125,0.10245901639344263,672228,openttdrs_client::ui::toolbar::minimap::palette::minimap_cell_color,/home/cristian/repos/propios/ProyectoOpenTtd/openttdrs/target/performance/render-residual-cpu-20261002/paused/client
paused,194,1,5.025125,0.10245901639344263,672253,<wgpu_core::device::queue::Queue>::submit,/home/cristian/repos/propios/ProyectoOpenTtd/openttdrs/target/performance/render-residual-cpu-20261002/paused/client
paused,195,1,5.025125,0.10245901639344263,672228,"<taffy::geometry::Rect<taffy::style::dimension::LengthPercentageAuto> as taffy::util::resolve::ResolveOrZero<core::option::Option<f32>, taffy::geometry::Rect<f32>>>::resolve_or_zero::<taffy::compute::flexbox::generate_anonymous_flex_items<taffy::tree::taffy_tree::TaffyView<bevy_ui::measurement::NodeMeasure, <bevy_ui::layout::ui_surface::UiSurface>::compute_layout::{closure#0}>>::{closure#3}::{closure#6}>",/home/cristian/repos/propios/ProyectoOpenTtd/openttdrs/target/performance/render-residual-cpu-20261002/paused/client
paused,196,1,5.025125,0.10245901639344263,672228,"<bevy_ecs::system::function_system::FunctionSystem<fn(bevy_ecs::change_detection::params::Res<openttdrs_client::state::SimWorld>, bevy_ecs::change_detection::params::ResMut<openttdrs_client::ui::toolbar::rail_station_window::NewGrfStationPreviewCache>, bevy_ecs::change_detection::params::ResMut<bevy_asset::assets::Assets<bevy_image::image::Image>>, bevy_ecs::system::query::Query<(&openttdrs_client::ui::toolbar::rail_station_window::StationSpecEntryPreview, &mut bevy_ui::widget::image::ImageNode, &mut bevy_ui::ui_node::Node)>), (), (), openttdrs_client::ui::toolbar::rail_station_window::sync_station_spec_entry_previews> as bevy_ecs::system::system::System>::run_unsafe",/home/cristian/repos/propios/ProyectoOpenTtd/openttdrs/target/performance/render-residual-cpu-20261002/paused/client
paused,197,1,5.025125,0.10245901639344263,672230,"<bevy_ecs::system::function_system::FunctionSystem<fn(bevy_ecs::system::commands::Commands, bevy_render::extract_param::Extract<bevy_ecs::change_detection::params::Res<bevy_time::time::Time>>), (), (), bevy_render::globals::extract_time> as bevy_ecs::system::system::System>::run_unsafe",/home/cristian/repos/propios/ProyectoOpenTtd/openttdrs/target/performance/render-residual-cpu-20261002/paused/client
paused,198,1,5.025125,0.10245901639344263,672220,<u64>::_fmt_inner,/home/cristian/repos/propios/ProyectoOpenTtd/openttdrs/target/performance/render-residual-cpu-20261002/paused/client
paused,199,1,5.025125,0.10245901639344263,672227,bevy_core_pipeline::upscaling::node::upscaling,/home/cristian/repos/propios/ProyectoOpenTtd/openttdrs/target/performance/render-residual-cpu-20261002/paused/client
paused,200,1,5.025125,0.10245901639344263,672253,<wgpu_core::binding_model::BindGroup>::validate_dynamic_bindings,/home/cristian/repos/propios/ProyectoOpenTtd/openttdrs/target/performance/render-residual-cpu-20261002/paused/client
paused,201,1,5.025125,0.10245901639344263,672227,"<bevy_ecs::system::function_system::FunctionSystem<fn(bevy_ecs::system::query::Query<(&bevy_ui::focus::Interaction, &openttdrs_client::ui::vehicle_details_window::VehicleDetailsTabButton, &openttdrs_client::ui::vehicle_chain::VehicleChainSlot), (bevy_ecs::query::filter::Changed<bevy_ui::focus::Interaction>, bevy_ecs::query::filter::With<bevy_ui::widget::button::Button>, bevy_ecs::query::filter::Without<openttdrs_client::ui::vehicle_details_window::VehicleDetailsAction>)>, bevy_ecs::system::query::Query<(&bevy_ui::focus::Interaction, &openttdrs_client::ui::vehicle_details_window::VehicleDetailsAction, &openttdrs_client::ui::vehicle_chain::VehicleChainSlot), (bevy_ecs::query::filter::Changed<bevy_ui::focus::Interaction>, bevy_ecs::query::filter::With<bevy_ui::widget::button::Button>, bevy_ecs::query::filter::Without<openttdrs_client::ui::vehicle_details_window::VehicleDetailsTabButton>)>, bevy_ecs::change_detection::params::ResMut<openttdrs_client::ui::vehicle_details_window::VehicleDetailsWindowState>, bevy_ecs::change_detection::params::Res<openttdrs_client::ui::vehicle_chain::VehicleChainRegistry>, bevy_ecs::change_detection::params::ResMut<openttdrs_client::ui::refit_window::RefitWindowState>), (), (), openttdrs_client::ui::vehicle_details_window::handle_vehicle_details_buttons> as bevy_ecs::system::system::System>::run_unsafe",/home/cristian/repos/propios/ProyectoOpenTtd/openttdrs/target/performance/render-residual-cpu-20261002/paused/client
paused,202,1,5.025125,0.10245901639344263,672253,<wgpu_core::binding_model::BindGroup>::try_raw,/home/cristian/repos/propios/ProyectoOpenTtd/openttdrs/target/performance/render-residual-cpu-20261002/paused/client
paused,203,1,5.025125,0.10245901639344263,672227,<bevy_ui::experimental::ghost_hierarchy::UiChildren>::is_changed,/home/cristian/repos/propios/ProyectoOpenTtd/openttdrs/target/performance/render-residual-cpu-20261002/paused/client
paused,204,1,5.025125,0.10245901639344263,672228,<std::sys::sync::mutex::futex::Mutex>::lock_contended,/home/cristian/repos/propios/ProyectoOpenTtd/openttdrs/target/performance/render-residual-cpu-20261002/paused/client
paused,205,1,5.025125,0.10245901639344263,672253,core::ptr::drop_glue::<wgpu_core::track::metadata::ResourceMetadata<alloc::sync::Arc<wgpu_core::resource::Texture>>>,/home/cristian/repos/propios/ProyectoOpenTtd/openttdrs/target/performance/render-residual-cpu-20261002/paused/client
paused,206,1,5.025125,0.10245901639344263,672230,bevy_ui::layout::ui_layout_system,/home/cristian/repos/propios/ProyectoOpenTtd/openttdrs/target/performance/render-residual-cpu-20261002/paused/client
paused,207,1,5.025125,0.10245901639344263,672253,<gpu_allocator::allocator::free_list_allocator::FreeListAllocator as gpu_allocator::allocator::SubAllocator>::free,/home/cristian/repos/propios/ProyectoOpenTtd/openttdrs/target/performance/render-residual-cpu-20261002/paused/client
paused,208,1,5.025125,0.10245901639344263,672253,"<<bevy_ecs::system::commands::entity_command::insert<(bevy_render::camera::ExtractedCamera, bevy_render::view::ExtractedView, bevy_render::view::visibility::RenderExtractedVisibleEntities, bevy_camera::primitives::Frustum)>::{closure#0} as bevy_ecs::system::commands::entity_command::EntityCommand>::with_entity::{closure#0} as bevy_ecs::system::commands::command::Command>::apply",/home/cristian/repos/propios/ProyectoOpenTtd/openttdrs/target/performance/render-residual-cpu-20261002/paused/client
paused,209,1,5.025125,0.10245901639344263,672228,"<bevy_ecs::system::function_system::FunctionSystem<fn(bevy_ecs::system::query::Query<(bevy_ecs::entity::Entity, &bevy_sprite::sprite_mesh::SpriteMesh, &bevy_sprite::sprite::Anchor), bevy_ecs::query::filter::Or<(bevy_ecs::query::filter::Changed<bevy_sprite::sprite_mesh::SpriteMesh>, bevy_ecs::query::filter::Changed<bevy_sprite::sprite::Anchor>, bevy_ecs::query::filter::Added<bevy_mesh::components::Mesh2d>)>>, bevy_ecs::change_detection::params::Res<bevy_asset::assets::Assets<bevy_image::texture_atlas::TextureAtlasLayout>>, bevy_ecs::system::system_param::Local<bevy_platform::collections::hash_map::HashMap<(bevy_sprite::sprite_mesh::SpriteMesh, bevy_sprite::sprite::Anchor), bevy_asset::handle::Handle<bevy_sprite_render::sprite_mesh::sprite_material::SpriteMaterial>>>, bevy_ecs::change_detection::params::ResMut<bevy_asset::assets::Assets<bevy_sprite_render::sprite_mesh::sprite_material::SpriteMaterial>>, bevy_ecs::system::commands::Commands), (), (), bevy_sprite_render::sprite_mesh::add_material> as bevy_ecs::system::system::System>::run_unsafe",/home/cristian/repos/propios/ProyectoOpenTtd/openttdrs/target/performance/render-residual-cpu-20261002/paused/client
paused,210,1,5.025125,0.10245901639344263,672220,<bevy_ecs::entity_disabling::DefaultQueryFilters>::modify_access,/home/cristian/repos/propios/ProyectoOpenTtd/openttdrs/target/performance/render-residual-cpu-20261002/paused/client
paused,211,1,5.025125,0.10245901639344263,672220,"<bevy_ecs::system::function_system::FunctionSystem<fn(bevy_ecs::change_detection::params::Res<openttdrs_client::ui::vehicle_window::VehicleWindowState>, bevy_ecs::change_detection::params::Res<openttdrs_client::ui::vehicle_chain::VehicleChainRegistry>, bevy_ecs::change_detection::params::Res<openttdrs_client::state::SimWorld>, core::option::Option<bevy_ecs::change_detection::params::Res<openttdrs_client::render::vehicles::assets::TruckHandles>>, bevy_ecs::change_detection::params::ResMut<openttdrs_client::render::vehicles::assets::NewGrfTrainSpriteCache>, bevy_ecs::change_detection::params::ResMut<bevy_asset::assets::Assets<bevy_image::image::Image>>, bevy_ecs::system::query::Query<(&mut bevy_transform::components::transform::Transform, &mut bevy_camera::camera::Camera), (bevy_ecs::query::filter::With<openttdrs_client::ui::vehicle_window::VehicleWindowPreviewCamera>, bevy_ecs::query::filter::Without<openttdrs_client::render::components::PrimaryGameCamera>)>), (), (), openttdrs_client::ui::vehicle_window::sync::sync_vehicle_window_camera> as bevy_ecs::system::system::System>::apply_deferred",/home/cristian/repos/propios/ProyectoOpenTtd/openttdrs/target/performance/render-residual-cpu-20261002/paused/client
paused,212,1,5.025125,0.10245901639344263,672227,<concurrent_queue::ConcurrentQueue<async_task::runnable::Runnable>>::pop,/home/cristian/repos/propios/ProyectoOpenTtd/openttdrs/target/performance/render-residual-cpu-20261002/paused/client
paused,213,1,5.025125,0.10245901639344263,672230,"core::slice::sort::shared::smallsort::insert_tail::<(bevy_ecs::entity::Entity, openttdrs_client::render::house_viewport_sort::ViewportSortableParent, f32), <[(bevy_ecs::entity::Entity, openttdrs_client::render::house_viewport_sort::ViewportSortableParent, f32)]>::sort_unstable_by_key<(u64, i64), openttdrs_client::render::house_viewport_sort::sort_viewport_sortable_parents::{closure#17}>::{closure#0}>",/home/cristian/repos/propios/ProyectoOpenTtd/openttdrs/target/performance/render-residual-cpu-20261002/paused/client
paused,214,1,5.025125,0.10245901639344263,672228,"<async_executor::Executor>::spawn::<core::result::Result<(), alloc::boxed::Box<dyn core::any::Any + core::marker::Send>>, futures_lite::future::CatchUnwind<core::panic::unwind_safe::AssertUnwindSafe<<bevy_ecs::query::state::QueryState<(&bevy_sprite::sprite::Sprite, &mut bevy_camera::primitives::Aabb, &bevy_sprite::sprite::Anchor), (bevy_ecs::query::filter::Or<(bevy_ecs::query::filter::Changed<bevy_sprite::sprite::Sprite>, bevy_ecs::query::filter::Changed<bevy_sprite::sprite::Anchor>)>, bevy_ecs::query::filter::Without<bevy_camera::visibility::NoFrustumCulling>, bevy_ecs::query::filter::Without<bevy_camera::visibility::NoAutoAabb>, bevy_ecs::query::filter::Without<bevy_mesh::components::Mesh2d>)>>::par_fold_init_unchecked_manual<(), <bevy_ecs::query::par_iter::QueryParIter<(&bevy_sprite::sprite::Sprite, &mut bevy_camera::primitives::Aabb, &bevy_sprite::sprite::Anchor), (bevy_ecs::query::filter::Or<(bevy_ecs::query::filter::Changed<bevy_sprite::sprite::Sprite>, bevy_ecs::query::filter::Changed<bevy_sprite::sprite::Anchor>)>, bevy_ecs::query::filter::Without<bevy_camera::visibility::NoFrustumCulling>, bevy_ecs::query::filter::Without<bevy_camera::visibility::NoAutoAabb>, bevy_ecs::query::filter::Without<bevy_mesh::components::Mesh2d>)>>::for_each_init<<bevy_ecs::query::par_iter::QueryParIter<(&bevy_sprite::sprite::Sprite, &mut bevy_camera::primitives::Aabb, &bevy_sprite::sprite::Anchor), (bevy_ecs::query::filter::Or<(bevy_ecs::query::filter::Changed<bevy_sprite::sprite::Sprite>, bevy_ecs::query::filter::Changed<bevy_sprite::sprite::Anchor>)>, bevy_ecs::query::filter::Without<bevy_camera::visibility::NoFrustumCulling>, bevy_ecs::query::filter::Without<bevy_camera::visibility::NoAutoAabb>, bevy_ecs::query::filter::Without<bevy_mesh::components::Mesh2d>)>>::for_each<bevy_sprite::calculate_bounds_2d::{closure#3}>::{closure#1}, <bevy_ecs::query::par_iter::QueryParIter<(&bevy_sprite::sprite::Sprite, &mut bevy_camera::primitives::Aabb, &bevy_sprite::sprite::Anchor), (bevy_ecs::query::filter::Or<(bevy_ecs::query::filter::Changed<bevy_sprite::sprite::Sprite>, bevy_ecs::query::filter::Changed<bevy_sprite::sprite::Anchor>)>, bevy_ecs::query::filter::Without<bevy_camera::visibility::NoFrustumCulling>, bevy_ecs::query::filter::Without<bevy_camera::visibility::NoAutoAabb>, bevy_ecs::query::filter::Without<bevy_mesh::components::Mesh2d>)>>::for_each<bevy_sprite::calculate_bounds_2d::{closure#3}>::{closure#0}, ()>::{closure#0}, <bevy_ecs::query::par_iter::QueryParIter<(&bevy_sprite::sprite::Sprite, &mut bevy_camera::primitives::Aabb, &bevy_sprite::sprite::Anchor), (bevy_ecs::query::filter::Or<(bevy_ecs::query::filter::Changed<bevy_sprite::sprite::Sprite>, bevy_ecs::query::filter::Changed<bevy_sprite::sprite::Anchor>)>, bevy_ecs::query::filter::Without<bevy_camera::visibility::NoFrustumCulling>, bevy_ecs::query::filter::Without<bevy_camera::visibility::NoAutoAabb>, bevy_ecs::query::filter::Without<bevy_mesh::components::Mesh2d>)>>::for_each<bevy_sprite::calculate_bounds_2d::{closure#3}>::{closure#0}>::{closure#0}::{closure#1}::{closure#0}>>>",/home/cristian/repos/propios/ProyectoOpenTtd/openttdrs/target/performance/render-residual-cpu-20261002/paused/client
paused,215,1,5.025125,0.10245901639344263,672227,<openttdrs_client::render::vehicles::assets::TruckHandles>::for_vehicle_with_newgrf_layers_and_image_type,/home/cristian/repos/propios/ProyectoOpenTtd/openttdrs/target/performance/render-residual-cpu-20261002/paused/client
paused,216,1,5.025125,0.10245901639344263,672253,[unknown],/usr/lib/x86_64-linux-gnu/libffi.so.8.2.0
paused,217,1,5.025125,0.10245901639344263,672228,openttdrs_core::train_movement::train_subtile_on_track,/home/cristian/repos/propios/ProyectoOpenTtd/openttdrs/target/performance/render-residual-cpu-20261002/paused/client
paused,218,1,5.025125,0.10245901639344263,672231,"<fixedbitset::FixedBitSet as core::iter::traits::collect::Extend<usize>>::extend::<core::iter::adapters::map::Map<core::iter::adapters::chain::Chain<core::iter::adapters::map::Map<core::slice::iter::Iter<(bevy_ecs::entity::Entity, bevy_render::sync_world::MainEntity)>, <bevy_render::view::visibility::RenderVisibleEntitiesClass>::iter_visible::{closure#0}>, core::iter::adapters::map::Map<hashbrown::map::Iter<bevy_render::sync_world::MainEntity, bevy_ecs::entity::Entity>, <bevy_render::view::visibility::RenderVisibleEntitiesClass>::iter_visible::{closure#1}>>, bevy_sprite_render::render::queue_sprites::{closure#2}>>",/home/cristian/repos/propios/ProyectoOpenTtd/openttdrs/target/performance/render-residual-cpu-20261002/paused/client
paused,219,1,5.025125,0.10245901639344263,672253,<wgpu_hal::vulkan::Surface as wgpu_hal::dynamic::DynResource>::as_any,/home/cristian/repos/propios/ProyectoOpenTtd/openttdrs/target/performance/render-residual-cpu-20261002/paused/client
paused,220,1,5.025125,0.10245901639344263,672232,"<bevy_ecs::query::state::QueryState<&mut bevy_ui::widget::text::Text, (bevy_ecs::query::filter::With<openttdrs_client::ui::vehicle_list::VehicleListToggleLabel>, bevy_ecs::query::filter::Without<openttdrs_client::ui::floating_window::FloatingWindowTitleText>)>>::update_archetypes_unsafe_world_cell",/home/cristian/repos/propios/ProyectoOpenTtd/openttdrs/target/performance/render-residual-cpu-20261002/paused/client
paused,221,1,5.025125,0.10245901639344263,672227,<parley::layout::line_break::BreakLines<bevy_text::parley_context::TextBrush>>::break_remaining,/home/cristian/repos/propios/ProyectoOpenTtd/openttdrs/target/performance/render-residual-cpu-20261002/paused/client
paused,222,1,5.025125,0.10245901639344263,672220,<bevy_ecs::world::entity_access::world_mut::EntityWorldMut>::take::<bevy_render::extract_plugin::ScratchMainWorld>,/home/cristian/repos/propios/ProyectoOpenTtd/openttdrs/target/performance/render-residual-cpu-20261002/paused/client
paused,223,1,5.025125,0.10245901639344263,672228,"<&mut bevy_sprite_render::sprite_mesh::add_material as core::ops::function::FnMut<(bevy_ecs::system::query::Query<(bevy_ecs::entity::Entity, &bevy_sprite::sprite_mesh::SpriteMesh, &bevy_sprite::sprite::Anchor), bevy_ecs::query::filter::Or<(bevy_ecs::query::filter::Changed<bevy_sprite::sprite_mesh::SpriteMesh>, bevy_ecs::query::filter::Changed<bevy_sprite::sprite::Anchor>, bevy_ecs::query::filter::Added<bevy_mesh::components::Mesh2d>)>>, bevy_ecs::change_detection::params::Res<bevy_asset::assets::Assets<bevy_image::texture_atlas::TextureAtlasLayout>>, bevy_ecs::system::system_param::Local<bevy_platform::collections::hash_map::HashMap<(bevy_sprite::sprite_mesh::SpriteMesh, bevy_sprite::sprite::Anchor), bevy_asset::handle::Handle<bevy_sprite_render::sprite_mesh::sprite_material::SpriteMaterial>>>, bevy_ecs::change_detection::params::ResMut<bevy_asset::assets::Assets<bevy_sprite_render::sprite_mesh::sprite_material::SpriteMaterial>>, bevy_ecs::system::commands::Commands)>>::call_mut",/home/cristian/repos/propios/ProyectoOpenTtd/openttdrs/target/performance/render-residual-cpu-20261002/paused/client
paused,224,1,5.025125,0.10245901639344263,672227,"<bevy_ecs::query::state::QueryState<(bevy_render::sync_world::RenderEntity, &bevy_post_process::effect_stack::chromatic_aberration::ChromaticAberration), bevy_ecs::query::filter::With<bevy_camera::camera::Camera>>>::update_archetypes_unsafe_world_cell",/home/cristian/repos/propios/ProyectoOpenTtd/openttdrs/target/performance/render-residual-cpu-20261002/paused/client
paused,225,1,5.025125,0.10245901639344263,672220,"<bevy_ecs::system::function_system::FunctionSystem<fn(bevy_ecs::change_detection::params::Res<openttdrs_client::ui::goal_list_window::GoalListWindowState>, core::option::Option<bevy_ecs::change_detection::params::Res<openttdrs_client::state::SimWorld>>, bevy_ecs::system::query::Query<(&openttdrs_client::ui::floating_window::FloatingWindow, &mut bevy_camera::visibility::Visibility)>, bevy_ecs::system::query::Query<bevy_ecs::entity::Entity, bevy_ecs::query::filter::With<openttdrs_client::ui::goal_list_window::GoalListRoot>>, bevy_ecs::system::query::Query<&bevy_ecs::hierarchy::Children>, bevy_ecs::system::commands::Commands, bevy_ecs::change_detection::params::Res<bevy_asset::server::AssetServer>, bevy_ecs::system::system_param::Local<openttdrs_client::ui::goal_list_window::GoalListCache>), (), (), openttdrs_client::ui::goal_list_window::sync_goal_list_window> as bevy_ecs::system::system::System>::apply_deferred",/home/cristian/repos/propios/ProyectoOpenTtd/openttdrs/target/performance/render-residual-cpu-20261002/paused/client
paused,226,1,5.025125,0.10245901639344263,672228,"<&mut bevy_sprite_render::mesh2d::material::specialize_material2d_meshes<bevy_sprite_render::sprite_mesh::sprite_material::SpriteMaterial> as core::ops::function::FnMut<(bevy_ecs::change_detection::params::Res<bevy_sprite_render::mesh2d::material::Material2dPipeline<bevy_sprite_render::sprite_mesh::sprite_material::SpriteMaterial>>, bevy_ecs::change_detection::params::ResMut<bevy_render::render_resource::pipeline_specializer::SpecializedMeshPipelines<bevy_sprite_render::mesh2d::material::Material2dPipeline<bevy_sprite_render::sprite_mesh::sprite_material::SpriteMaterial>>>, bevy_ecs::change_detection::params::Res<bevy_render::render_resource::pipeline_cache::PipelineCache>, (bevy_ecs::change_detection::params::Res<bevy_render::render_asset::RenderAssets<bevy_render::mesh::RenderMesh>>, bevy_ecs::change_detection::params::Res<bevy_render::render_asset::RenderAssets<bevy_sprite_render::mesh2d::material::PreparedMaterial2d<bevy_sprite_render::sprite_mesh::sprite_material::SpriteMaterial>>>), bevy_ecs::change_detection::params::ResMut<bevy_sprite_render::mesh2d::mesh::RenderMesh2dInstances>, bevy_ecs::change_detection::params::Res<bevy_sprite_render::mesh2d::material::RenderMaterial2dInstances<bevy_sprite_render::sprite_mesh::sprite_material::SpriteMaterial>>, bevy_ecs::change_detection::params::Res<bevy_render::render_phase::ViewSortedRenderPhases<bevy_core_pipeline::core_2d::Transparent2d>>, bevy_ecs::change_detection::params::Res<bevy_render::render_phase::ViewBinnedRenderPhases<bevy_core_pipeline::core_2d::Opaque2d>>, bevy_ecs::change_detection::params::Res<bevy_render::render_phase::ViewBinnedRenderPhases<bevy_core_pipeline::core_2d::AlphaMask2d>>, bevy_ecs::system::query::Query<(&bevy_render::sync_world::MainEntity, &bevy_render::view::ExtractedView, &bevy_render::view::visibility::RenderVisibleEntities)>, bevy_ecs::change_detection::params::Res<bevy_sprite_render::mesh2d::mesh::ViewKeyCache>, bevy_ecs::change_detection::params::Res<bevy_render::camera::DirtySpecializations>, bevy_ecs::change_detection::params::ResMut<bevy_sprite_render::mesh2d::material::PendingMeshMaterial2dQueues>, bevy_ecs::change_detection::params::ResMut<bevy_sprite_render::mesh2d::material::SpecializedMaterial2dPipelineCache<bevy_sprite_render::sprite_mesh::sprite_material::SpriteMaterial>>)>>::call_mut",/home/cristian/repos/propios/ProyectoOpenTtd/openttdrs/target/performance/render-residual-cpu-20261002/paused/client
paused,227,1,5.025125,0.10245901639344263,672230,bevy_ui::widget::text::measure_text_system,/home/cristian/repos/propios/ProyectoOpenTtd/openttdrs/target/performance/render-residual-cpu-20261002/paused/client
paused,228,1,5.025125,0.10245901639344263,672253,"<<bevy_ecs::world::command_queue::RawCommandQueue>::push<<<bevy_ecs::system::commands::command::insert_batch<alloc::vec::Vec<(bevy_ecs::entity::Entity, (bevy_post_process::bloom::settings::Bloom, bevy_post_process::bloom::downsampling_pipeline::BloomUniforms))>, (bevy_post_process::bloom::settings::Bloom, bevy_post_process::bloom::downsampling_pipeline::BloomUniforms)>::{closure#0} as bevy_ecs::system::commands::command::Command>::handle_error_with::{closure#0} as bevy_ecs::system::commands::command::Command>::handle_error::{closure#0}>::{closure#0} as core::ops::function::FnOnce<(bevy_ptr::OwningPtr<bevy_ptr::Unaligned>, core::option::Option<core::ptr::non_null::NonNull<bevy_ecs::world::World>>, &mut usize)>>::call_once",/home/cristian/repos/propios/ProyectoOpenTtd/openttdrs/target/performance/render-residual-cpu-20261002/paused/client
paused,229,1,5.025125,0.10245901639344263,672230,"<bevy_ecs::system::function_system::SystemState<(bevy_ecs::change_detection::params::Res<bevy_render::render_resource::pipeline_cache::PipelineCache>, (), bevy_ecs::change_detection::params::Res<bevy_sprite_render::mesh2d::mesh::Mesh2dBindGroup>, (bevy_ecs::change_detection::params::Res<bevy_render::render_asset::RenderAssets<bevy_sprite_render::mesh2d::material::PreparedMaterial2d<bevy_sprite_render::sprite_mesh::sprite_material::SpriteMaterial>>>, bevy_ecs::change_detection::params::Res<bevy_sprite_render::mesh2d::material::RenderMaterial2dInstances<bevy_sprite_render::sprite_mesh::sprite_material::SpriteMaterial>>), (bevy_ecs::change_detection::params::Res<bevy_render::render_asset::RenderAssets<bevy_render::mesh::RenderMesh>>, bevy_ecs::change_detection::params::Res<bevy_sprite_render::mesh2d::mesh::RenderMesh2dInstances>, bevy_ecs::change_detection::params::Res<bevy_render::mesh::allocator::MeshAllocator>))>>::get_unchecked",/home/cristian/repos/propios/ProyectoOpenTtd/openttdrs/target/performance/render-residual-cpu-20261002/paused/client
paused,230,1,5.025125,0.10245901639344263,672220,"<bevy_ecs::system::function_system::FunctionSystem<fn(bevy_ecs::change_detection::params::Res<openttdrs_client::state::editor_session::EditorSession>, bevy_ecs::system::query::Query<(&bevy_ui::focus::Interaction, &openttdrs_client::ui::toolbar::editor_toolbar::EditorToolbarAction), (bevy_ecs::query::filter::Changed<bevy_ui::focus::Interaction>, bevy_ecs::query::filter::With<bevy_ui::widget::button::Button>, bevy_ecs::query::filter::With<openttdrs_client::ui::toolbar::editor_toolbar::EditorToolbarAction>)>, bevy_ecs::change_detection::params::ResMut<openttdrs_client::ui::toolbar::ToolbarState>, bevy_ecs::change_detection::params::ResMut<openttdrs_client::ui::toolbar::UiToolState>, bevy_ecs::change_detection::params::ResMut<openttdrs_client::ui::hud::SimHudControls>, bevy_ecs::change_detection::params::ResMut<openttdrs_client::ui::audio_settings_window::SoundMusicWindowState>, bevy_ecs::change_detection::params::ResMut<openttdrs_client::ui::help_window::HelpWindowState>, bevy_ecs::change_detection::params::ResMut<openttdrs_client::ui::tile_inspector_window::TileInspectorWindowState>, bevy_ecs::change_detection::params::ResMut<openttdrs_client::ui::town_directory::TownDirectoryState>, bevy_ecs::change_detection::params::ResMut<openttdrs_client::ui::industry_directory::IndustryDirectoryState>, bevy_ecs::change_detection::params::ResMut<openttdrs_client::ui::sign_list_window::SignListWindowState>, bevy_ecs::change_detection::params::ResMut<openttdrs_client::ui::extra_viewport_window::ExtraViewportWindowState>, bevy_ecs::change_detection::params::ResMut<openttdrs_client::ui::genland_window::GenLandWindowState>, core::option::Option<bevy_ecs::change_detection::params::Res<openttdrs_client::state::SimWorld>>, bevy_ecs::change_detection::params::ResMut<openttdrs_client::ui::hud::HudBuildFeedback>, bevy_ecs::change_detection::params::Res<bevy_time::time::Time>), (), (), openttdrs_client::ui::toolbar::editor_toolbar::handle_editor_toolbar_tool_buttons> as bevy_ecs::system::system::System>::apply_deferred",/home/cristian/repos/propios/ProyectoOpenTtd/openttdrs/target/performance/render-residual-cpu-20261002/paused/client
paused,231,1,5.025125,0.10245901639344263,672253,"<bevy_ecs::query::state::QueryState<&mut bevy_ui::widget::text::Text, (bevy_ecs::query::filter::With<openttdrs_client::ui::industry_production_window::IndustryProductionBodyText>, bevy_ecs::query::filter::Without<openttdrs_client::ui::floating_window::FloatingWindowTitleText>)>>::update_archetypes_unsafe_world_cell",/home/cristian/repos/propios/ProyectoOpenTtd/openttdrs/target/performance/render-residual-cpu-20261002/paused/client
paused,232,1,5.025125,0.10245901639344263,672232,"<bevy_tasks::task_pool::TaskPool>::scope_with_executor_inner::<<bevy_ecs::query::state::QueryState<(&bevy_transform::components::transform::Transform, &mut bevy_transform::components::global_transform::GlobalTransform), (bevy_ecs::query::filter::Or<(bevy_ecs::query::filter::Changed<bevy_transform::components::transform::Transform>, bevy_ecs::query::filter::Added<bevy_transform::components::global_transform::GlobalTransform>)>, bevy_ecs::query::filter::Without<bevy_ecs::hierarchy::ChildOf>, bevy_ecs::query::filter::Without<bevy_ecs::hierarchy::Children>)>>::par_fold_init_unchecked_manual<(), <bevy_ecs::query::par_iter::QueryParIter<(&bevy_transform::components::transform::Transform, &mut bevy_transform::components::global_transform::GlobalTransform), (bevy_ecs::query::filter::Or<(bevy_ecs::query::filter::Changed<bevy_transform::components::transform::Transform>, bevy_ecs::query::filter::Added<bevy_transform::components::global_transform::GlobalTransform>)>, bevy_ecs::query::filter::Without<bevy_ecs::hierarchy::ChildOf>, bevy_ecs::query::filter::Without<bevy_ecs::hierarchy::Children>)>>::for_each_init<<bevy_ecs::query::par_iter::QueryParIter<(&bevy_transform::components::transform::Transform, &mut bevy_transform::components::global_transform::GlobalTransform), (bevy_ecs::query::filter::Or<(bevy_ecs::query::filter::Changed<bevy_transform::components::transform::Transform>, bevy_ecs::query::filter::Added<bevy_transform::components::global_transform::GlobalTransform>)>, bevy_ecs::query::filter::Without<bevy_ecs::hierarchy::ChildOf>, bevy_ecs::query::filter::Without<bevy_ecs::hierarchy::Children>)>>::for_each<bevy_transform::systems::sync_simple_transforms::{closure#0}>::{closure#1}, <bevy_ecs::query::par_iter::QueryParIter<(&bevy_transform::components::transform::Transform, &mut bevy_transform::components::global_transform::GlobalTransform), (bevy_ecs::query::filter::Or<(bevy_ecs::query::filter::Changed<bevy_transform::components::transform::Transform>, bevy_ecs::query::filter::Added<bevy_transform::components::global_transform::GlobalTransform>)>, bevy_ecs::query::filter::Without<bevy_ecs::hierarchy::ChildOf>, bevy_ecs::query::filter::Without<bevy_ecs::hierarchy::Children>)>>::for_each<bevy_transform::systems::sync_simple_transforms::{closure#0}>::{closure#0}, ()>::{closure#0}, <bevy_ecs::query::par_iter::QueryParIter<(&bevy_transform::components::transform::Transform, &mut bevy_transform::components::global_transform::GlobalTransform), (bevy_ecs::query::filter::Or<(bevy_ecs::query::filter::Changed<bevy_transform::components::transform::Transform>, bevy_ecs::query::filter::Added<bevy_transform::components::global_transform::GlobalTransform>)>, bevy_ecs::query::filter::Without<bevy_ecs::hierarchy::ChildOf>, bevy_ecs::query::filter::Without<bevy_ecs::hierarchy::Children>)>>::for_each<bevy_transform::systems::sync_simple_transforms::{closure#0}>::{closure#0}>::{closure#0}, ()>",/home/cristian/repos/propios/ProyectoOpenTtd/openttdrs/target/performance/render-residual-cpu-20261002/paused/client
paused,233,1,5.025125,0.10245901639344263,672227,"<bevy_ecs::system::function_system::FunctionSystem<fn(bevy_ecs::change_detection::params::ResMut<bevy_render::camera::DirtyWireframeSpecializations>), (), (), bevy_render::camera::clear_dirty_wireframe_specializations> as bevy_ecs::system::system::System>::run_unsafe",/home/cristian/repos/propios/ProyectoOpenTtd/openttdrs/target/performance/render-residual-cpu-20261002/paused/client
paused,234,1,5.025125,0.10245901639344263,672227,"<bevy_ecs::system::function_system::FunctionSystem<fn(bevy_ecs::system::query::Query<(&bevy_ui::focus::Interaction, &openttdrs_client::ui::dev_console::DevConsoleAction), (bevy_ecs::query::filter::Changed<bevy_ui::focus::Interaction>, bevy_ecs::query::filter::With<bevy_ui::widget::button::Button>, bevy_ecs::query::filter::With<openttdrs_client::ui::dev_console::DevConsoleAction>)>, bevy_ecs::change_detection::params::ResMut<openttdrs_client::ui::dev_console::DevConsoleState>, bevy_ecs::change_detection::params::ResMut<openttdrs_client::settings::ClientPreferences>, bevy_ecs::change_detection::params::ResMut<openttdrs_client::ui::tile_inspector_window::TileInspectorWindowState>, bevy_ecs::change_detection::params::ResMut<openttdrs_client::ui::newgrf_window::NewGrfWindowState>), (), (), openttdrs_client::ui::dev_console::handle_dev_console_buttons> as bevy_ecs::system::system::System>::run_unsafe",/home/cristian/repos/propios/ProyectoOpenTtd/openttdrs/target/performance/render-residual-cpu-20261002/paused/client
paused,235,1,5.025125,0.10245901639344263,672232,"core::slice::sort::shared::smallsort::small_sort_network::<bevy_ecs::entity::Entity, <bevy_ecs::entity::Entity as core::cmp::PartialOrd>::lt>",/home/cristian/repos/propios/ProyectoOpenTtd/openttdrs/target/performance/render-residual-cpu-20261002/paused/client
paused,236,1,5.025125,0.10245901639344263,672229,<std::sys::sync::rwlock::futex::RwLock>::write_contended,/home/cristian/repos/propios/ProyectoOpenTtd/openttdrs/target/performance/render-residual-cpu-20261002/paused/client
paused,237,1,5.025125,0.10245901639344263,672231,"<core::iter::adapters::map::Map<bevy_ecs::query::iter::QueryIter<bevy_ecs::entity::Entity, (bevy_ecs::query::filter::With<openttdrs_client::render::rail_glass_compositor::RailGlassMaskProxy>, bevy_ecs::query::filter::Or<(bevy_ecs::query::filter::Changed<bevy_sprite::sprite_mesh::SpriteMesh>, bevy_ecs::query::filter::Changed<bevy_sprite::sprite::Anchor>, bevy_ecs::query::filter::Changed<bevy_transform::components::transform::Transform>, bevy_ecs::query::filter::Changed<bevy_camera::visibility::Visibility>, bevy_ecs::query::filter::Changed<openttdrs_client::render::components::MapTileChunk>)>)>, <hashbrown::set::HashSet<bevy_ecs::entity::Entity, bevy_ecs::entity::hash::EntityHash> as core::iter::traits::collect::Extend<bevy_ecs::entity::Entity>>::extend<bevy_ecs::query::iter::QueryIter<bevy_ecs::entity::Entity, (bevy_ecs::query::filter::With<openttdrs_client::render::rail_glass_compositor::RailGlassMaskProxy>, bevy_ecs::query::filter::Or<(bevy_ecs::query::filter::Changed<bevy_sprite::sprite_mesh::SpriteMesh>, bevy_ecs::query::filter::Changed<bevy_sprite::sprite::Anchor>, bevy_ecs::query::filter::Changed<bevy_transform::components::transform::Transform>, bevy_ecs::query::filter::Changed<bevy_camera::visibility::Visibility>, bevy_ecs::query::filter::Changed<openttdrs_client::render::components::MapTileChunk>)>)>>::{closure#0}> as core::iter::traits::iterator::Iterator>::fold::<(), core::iter::traits::iterator::Iterator::for_each::call<(bevy_ecs::entity::Entity, ()), <hashbrown::map::HashMap<bevy_ecs::entity::Entity, (), bevy_ecs::entity::hash::EntityHash> as core::iter::traits::collect::Extend<(bevy_ecs::entity::Entity, ())>>::extend<core::iter::adapters::map::Map<bevy_ecs::query::iter::QueryIter<bevy_ecs::entity::Entity, (bevy_ecs::query::filter::With<openttdrs_client::render::rail_glass_compositor::RailGlassMaskProxy>, bevy_ecs::query::filter::Or<(bevy_ecs::query::filter::Changed<bevy_sprite::sprite_mesh::SpriteMesh>, bevy_ecs::query::filter::Changed<bevy_sprite::sprite::Anchor>, bevy_ecs::query::filter::Changed<bevy_transform::components::transform::Transform>, bevy_ecs::query::filter::Changed<bevy_camera::visibility::Visibility>, bevy_ecs::query::filter::Changed<openttdrs_client::render::components::MapTileChunk>)>)>, <hashbrown::set::HashSet<bevy_ecs::entity::Entity, bevy_ecs::entity::hash::EntityHash> as core::iter::traits::collect::Extend<bevy_ecs::entity::Entity>>::extend<bevy_ecs::query::iter::QueryIter<bevy_ecs::entity::Entity, (bevy_ecs::query::filter::With<openttdrs_client::render::rail_glass_compositor::RailGlassMaskProxy>, bevy_ecs::query::filter::Or<(bevy_ecs::query::filter::Changed<bevy_sprite::sprite_mesh::SpriteMesh>, bevy_ecs::query::filter::Changed<bevy_sprite::sprite::Anchor>, bevy_ecs::query::filter::Changed<bevy_transform::components::transform::Transform>, bevy_ecs::query::filter::Changed<bevy_camera::visibility::Visibility>, bevy_ecs::query::filter::Changed<openttdrs_client::render::components::MapTileChunk>)>)>>::{closure#0}>>::{closure#0}>::{closure#0}>",/home/cristian/repos/propios/ProyectoOpenTtd/openttdrs/target/performance/render-residual-cpu-20261002/paused/client
paused,238,1,5.025125,0.10245901639344263,672230,__strncmp_evex,/usr/lib/x86_64-linux-gnu/libc.so.6
paused,239,1,5.025125,0.10245901639344263,672228,bevy_ui_render::queue_uinodes,/home/cristian/repos/propios/ProyectoOpenTtd/openttdrs/target/performance/render-residual-cpu-20261002/paused/client
paused,240,1,5.025125,0.10245901639344263,672228,<hashbrown::raw::RawTableInner>::fallible_with_capacity::<alloc::alloc::Global>,/home/cristian/repos/propios/ProyectoOpenTtd/openttdrs/target/performance/render-residual-cpu-20261002/paused/client
paused,241,1,5.025125,0.10245901639344263,672231,<parley::layout::data::LayoutData<bevy_text::parley_context::TextBrush>>::push_run,/home/cristian/repos/propios/ProyectoOpenTtd/openttdrs/target/performance/render-residual-cpu-20261002/paused/client
paused,242,1,5.025125,0.10245901639344263,672230,openttdrs_core::map::slope::slope_dz_at_subtile,/home/cristian/repos/propios/ProyectoOpenTtd/openttdrs/target/performance/render-residual-cpu-20261002/paused/client
paused,243,1,5.025125,0.10245901639344263,672229,"<bevy_ecs::system::function_system::FunctionSystem<fn(bevy_ecs::system::query::Query<(&bevy_ui::focus::Interaction, &openttdrs_client::ui::toolbar::SaveMenuAction), (bevy_ecs::query::filter::Changed<bevy_ui::focus::Interaction>, bevy_ecs::query::filter::With<bevy_ui::widget::button::Button>, bevy_ecs::query::filter::Without<openttdrs_client::ui::toolbar::ZoomButton>)>, bevy_ecs::change_detection::params::ResMut<openttdrs_client::ui::hud::SimHudControls>, bevy_ecs::change_detection::params::ResMut<openttdrs_client::ui::save_window::SaveWindowState>, bevy_ecs::change_detection::params::ResMut<openttdrs_client::ui::news_settings_window::NewsSettingsWindowState>, bevy_ecs::change_detection::params::ResMut<openttdrs_client::ui::pathfinding_settings_window::PathfindingSettingsWindowState>, bevy_ecs::change_detection::params::ResMut<openttdrs_client::ui::newgrf_window::NewGrfWindowState>, bevy_ecs::change_detection::params::ResMut<openttdrs_client::ui::display_options_window::DisplayOptionsWindowState>, bevy_ecs::change_detection::params::ResMut<openttdrs_client::ui::extra_viewport_window::ExtraViewportWindowState>, core::option::Option<bevy_ecs::change_detection::params::ResMut<openttdrs_client::settings::ClientPreferences>>, core::option::Option<bevy_ecs::change_detection::params::ResMut<openttdrs_client::render::world::plugin::RemapMapVisualsPending>>, bevy_ecs::change_detection::params::Res<bevy_state::state::resources::State<openttdrs_client::state::SimRunState>>, bevy_ecs::change_detection::params::ResMut<bevy_state::state::resources::NextState<openttdrs_client::state::SimRunState>>, bevy_ecs::change_detection::params::ResMut<bevy_state::state::resources::NextState<openttdrs_client::state::ClientScreen>>, bevy_ecs::change_detection::params::ResMut<openttdrs_client::state::SuspendedGameSession>, bevy_ecs::system::query::Query<(&mut bevy_transform::components::transform::Transform, &mut bevy_camera::projection::Projection), (bevy_ecs::query::filter::With<openttdrs_client::render::components::PrimaryGameCamera>, bevy_ecs::query::filter::Without<openttdrs_client::render::components::MapPreviewCamera>)>, bevy_ecs::system::system_param::ParamSet<(bevy_ecs::change_detection::params::ResMut<openttdrs_client::ui::help_window::HelpWindowState>, bevy_ecs::change_detection::params::ResMut<openttdrs_client::ui::dev_console::DevConsoleState>, bevy_ecs::change_detection::params::ResMut<openttdrs_client::ui::tile_inspector_window::TileInspectorWindowState>, bevy_ecs::change_detection::params::ResMut<openttdrs_client::ui::endscreen::RetireGameRequested>, bevy_ecs::change_detection::params::ResMut<openttdrs_client::ui::ai_settings_window::AiSettingsWindowState>, bevy_ecs::change_detection::params::ResMut<openttdrs_client::ui::cargo_dist_settings_window::CargoDistSettingsWindowState>, bevy_ecs::system::query::Query<&bevy_window::window::Window, bevy_ecs::query::filter::With<bevy_window::window::PrimaryWindow>>, core::option::Option<bevy_ecs::change_detection::params::Res<openttdrs_client::state::SimWorld>>)>), (), (), openttdrs_client::ui::toolbar::settings::handle_settings_menu_buttons> as bevy_ecs::system::system::System>::run_unsafe",/home/cristian/repos/propios/ProyectoOpenTtd/openttdrs/target/performance/render-residual-cpu-20261002/paused/client
paused,244,1,5.025125,0.10245901639344263,672253,bevy_text::font_atlas::get_glyph_atlas_info,/home/cristian/repos/propios/ProyectoOpenTtd/openttdrs/target/performance/render-residual-cpu-20261002/paused/client
paused,245,1,5.025125,0.10245901639344263,672220,"<bevy_ecs::system::function_system::FunctionSystem<fn(bevy_ecs::change_detection::params::Res<openttdrs_client::render_trace::RenderTrace>) -> bool, (), bool, <openttdrs_client::render_trace::RenderTracePlugin as bevy_app::plugin::Plugin>::build::{closure#0}> as bevy_ecs::system::system::System>::run_unsafe",/home/cristian/repos/propios/ProyectoOpenTtd/openttdrs/target/performance/render-residual-cpu-20261002/paused/client
paused,246,1,5.025125,0.10245901639344263,672227,"<&mut bevy_sprite_render::texture_slice::computed_slices::compute_slices_on_sprite_change as core::ops::function::FnMut<(bevy_ecs::system::commands::Commands, bevy_ecs::change_detection::params::Res<bevy_asset::assets::Assets<bevy_image::image::Image>>, bevy_ecs::change_detection::params::Res<bevy_asset::assets::Assets<bevy_image::texture_atlas::TextureAtlasLayout>>, bevy_ecs::system::query::Query<(bevy_ecs::entity::Entity, &bevy_sprite::sprite::Sprite), bevy_ecs::query::filter::Changed<bevy_sprite::sprite::Sprite>>)>>::call_mut",/home/cristian/repos/propios/ProyectoOpenTtd/openttdrs/target/performance/render-residual-cpu-20261002/paused/client
paused,247,1,5.025125,0.10245901639344263,672232,roundf,/home/cristian/repos/propios/ProyectoOpenTtd/openttdrs/target/performance/render-residual-cpu-20261002/paused/client
paused,248,1,5.025125,0.10245901639344263,672253,<wgpu_core::init_tracker::texture::TextureInitTracker>::check_action,/home/cristian/repos/propios/ProyectoOpenTtd/openttdrs/target/performance/render-residual-cpu-20261002/paused/client
paused,249,1,5.025125,0.10245901639344263,672231,"<bevy_ecs::system::function_system::FunctionSystem<fn(bevy_ecs::change_detection::params::Res<openttdrs_client::settings::ClientPreferences>, bevy_ecs::system::query::Query<(&openttdrs_client::ui::menu::chrome::ToolbarLocalizedText, &mut bevy_ui::widget::text::Text)>), (), (), openttdrs_client::ui::menu::systems::sync_toolbar_localized_labels> as bevy_ecs::system::system::System>::run_unsafe",/home/cristian/repos/propios/ProyectoOpenTtd/openttdrs/target/performance/render-residual-cpu-20261002/paused/client
paused,250,1,5.025125,0.10245901639344263,672228,<wgpu_core::registry::Registry<alloc::sync::Arc<wgpu_core::device::queue::Queue>>>::get,/home/cristian/repos/propios/ProyectoOpenTtd/openttdrs/target/performance/render-residual-cpu-20261002/paused/client
paused,251,1,5.025125,0.10245901639344263,672232,"<&mut openttdrs_client::ui::toolbar::road_type_selector::sync_road_type_catalog_entries as core::ops::function::FnMut<(bevy_ecs::system::commands::Commands, bevy_ecs::change_detection::params::Res<bevy_asset::server::AssetServer>, bevy_ecs::change_detection::params::Res<openttdrs_client::state::SimWorld>, bevy_ecs::system::query::Query<(bevy_ecs::entity::Entity, &openttdrs_client::ui::toolbar::road_type_selector::RoadTypePopover)>, bevy_ecs::system::query::Query<&openttdrs_client::ui::toolbar::road_type_selector::RoadTypeSelectButton>)>>::call_mut",/home/cristian/repos/propios/ProyectoOpenTtd/openttdrs/target/performance/render-residual-cpu-20261002/paused/client
paused,252,1,5.025125,0.10245901639344263,672227,"<&mut bevy_app::propagate::propagate_inherited<bevy_ui::ui_node::ComputedUiRenderTargetInfo, (), bevy_ecs::hierarchy::ChildOf> as core::ops::function::FnMut<(bevy_ecs::system::commands::Commands, bevy_ecs::system::query::Query<(&bevy_app::propagate::Inherited<bevy_ui::ui_node::ComputedUiRenderTargetInfo>, &bevy_ecs::hierarchy::Children), (bevy_ecs::query::filter::Changed<bevy_app::propagate::Inherited<bevy_ui::ui_node::ComputedUiRenderTargetInfo>>, bevy_ecs::query::filter::Without<bevy_app::propagate::PropagateStop<bevy_ui::ui_node::ComputedUiRenderTargetInfo>>, ())>, bevy_ecs::system::query::Query<(core::option::Option<&bevy_ecs::hierarchy::Children>, core::option::Option<&bevy_app::propagate::Inherited<bevy_ui::ui_node::ComputedUiRenderTargetInfo>>, core::option::Option<&bevy_app::propagate::PropagateStop<bevy_ui::ui_node::ComputedUiRenderTargetInfo>>), (bevy_ecs::query::filter::Without<bevy_app::propagate::Propagate<bevy_ui::ui_node::ComputedUiRenderTargetInfo>>, ())>, bevy_ecs::lifecycle::RemovedComponents<bevy_app::propagate::Inherited<bevy_ui::ui_node::ComputedUiRenderTargetInfo>>, bevy_ecs::system::system_param::Local<alloc::vec::Vec<(bevy_ecs::entity::Entity, core::option::Option<bevy_app::propagate::Inherited<bevy_ui::ui_node::ComputedUiRenderTargetInfo>>)>>)>>::call_mut",/home/cristian/repos/propios/ProyectoOpenTtd/openttdrs/target/performance/render-residual-cpu-20261002/paused/client
paused,253,1,5.025125,0.10245901639344263,672231,<openttdrs_core::map::Map>::get_kind,/home/cristian/repos/propios/ProyectoOpenTtd/openttdrs/target/performance/render-residual-cpu-20261002/paused/client
paused,254,1,5.025125,0.10245901639344263,672229,bevy_ui_render::extract_uinode_images,/home/cristian/repos/propios/ProyectoOpenTtd/openttdrs/target/performance/render-residual-cpu-20261002/paused/client
paused,255,1,5.025125,0.10245901639344263,672232,openttdrs_client::render::vehicles::sync::set_sprite_image_if_changed,/home/cristian/repos/propios/ProyectoOpenTtd/openttdrs/target/performance/render-residual-cpu-20261002/paused/client
paused,256,1,5.025125,0.10245901639344263,672253,<wgpu_core::command::bind::compat::BoundBindGroupLayouts>::get_invalid,/home/cristian/repos/propios/ProyectoOpenTtd/openttdrs/target/performance/render-residual-cpu-20261002/paused/client
paused,257,1,5.025125,0.10245901639344263,672253,"<bevy_ecs::world::World>::resource_scope::<bevy_render::RenderScheduleOrder, (), bevy_render::run_render_schedule::{closure#0}>",/home/cristian/repos/propios/ProyectoOpenTtd/openttdrs/target/performance/render-residual-cpu-20261002/paused/client
paused,258,1,5.025125,0.10245901639344263,672231,"core::slice::sort::shared::pivot::median3_rec::<f32, <[f32]>::sort_by<<f32>::total_cmp>::{closure#0}>",/home/cristian/repos/propios/ProyectoOpenTtd/openttdrs/target/performance/render-residual-cpu-20261002/paused/client
paused,259,1,5.025125,0.10245901639344263,672253,"<bevy_ecs::system::function_system::FunctionSystem<fn(bevy_ecs::system::commands::Commands, bevy_render::extract_param::Extract<core::option::Option<bevy_ecs::change_detection::params::Res<bevy_gizmos_render::LineGizmoEntities>>>, core::option::Option<bevy_ecs::change_detection::params::ResMut<bevy_gizmos_render::LineGizmoEntities>>), (), (), bevy_render::extract_resource::extract_resource<bevy_gizmos_render::LineGizmoEntities, ()>> as bevy_ecs::system::system::System>::run_unsafe",/home/cristian/repos/propios/ProyectoOpenTtd/openttdrs/target/performance/render-residual-cpu-20261002/paused/client
paused,260,1,5.025125,0.10245901639344263,672228,<wgpu_core::global::Global>::render_pass_set_bind_group,/home/cristian/repos/propios/ProyectoOpenTtd/openttdrs/target/performance/render-residual-cpu-20261002/paused/client
paused,261,1,5.025125,0.10245901639344263,672230,bevy_render::view::prepare_view_targets,/home/cristian/repos/propios/ProyectoOpenTtd/openttdrs/target/performance/render-residual-cpu-20261002/paused/client
paused,262,1,5.025125,0.10245901639344263,672228,"<taffy::tree::taffy_tree::TaffyView<bevy_ui::measurement::NodeMeasure, <bevy_ui::layout::ui_surface::UiSurface>::compute_layout::{closure#0}>>::compute_child_layout::{closure#0}",/home/cristian/repos/propios/ProyectoOpenTtd/openttdrs/target/performance/render-residual-cpu-20261002/paused/client
paused,263,1,5.025125,0.10245901639344263,672220,"<bevy_ecs::query::state::QueryState<(bevy_ecs::entity::Entity, &mut bevy_winit::cursor::PendingCursor), bevy_ecs::query::filter::Changed<bevy_winit::cursor::PendingCursor>>>::update_archetypes_unsafe_world_cell",/home/cristian/repos/propios/ProyectoOpenTtd/openttdrs/target/performance/render-residual-cpu-20261002/paused/client
paused,264,1,5.025125,0.10245901639344263,672231,"<hashbrown::map::HashMap<bevy_asset::id::AssetId<bevy_image::image::Image>, bevy_render::texture::gpu_image::GpuImage, bevy_platform::hash::FixedHasher>>::get::<bevy_asset::id::AssetId<bevy_image::image::Image>>",/home/cristian/repos/propios/ProyectoOpenTtd/openttdrs/target/performance/render-residual-cpu-20261002/paused/client
paused,265,1,5.025125,0.10245901639344263,672232,<fontique::collection::query::Query>::matches_with::<<parley::shape::FontSelector<bevy_text::parley_context::TextBrush>>::select_font::{closure#0}>,/home/cristian/repos/propios/ProyectoOpenTtd/openttdrs/target/performance/render-residual-cpu-20261002/paused/client
paused,266,1,5.025125,0.10245901639344263,672220,"<bevy_ecs::system::function_system::FunctionSystem<fn(bevy_ecs::system::commands::Commands, bevy_ecs::system::query::Query<(bevy_ecs::entity::Entity, &mut bevy_window::window::Window, &mut bevy_winit::system::CachedWindow, core::option::Option<&bevy_window::window::OnMonitor>), bevy_ecs::query::filter::Changed<bevy_window::window::Window>>, bevy_ecs::change_detection::params::Res<bevy_winit::winit_monitors::WinitMonitors>, bevy_ecs::message::message_writer::MessageWriter<bevy_window::event::WindowResized>, bevy_ecs::message::message_writer::MessageWriter<bevy_window::event::WindowEvent>, bevy_ecs::message::message_writer::MessageWriter<bevy_window::event::WindowScaleFactorChanged>, bevy_ecs::system::system_param::NonSendMarker), (), (), bevy_winit::system::changed_windows> as bevy_ecs::system::system::System>::run_unsafe",/home/cristian/repos/propios/ProyectoOpenTtd/openttdrs/target/performance/render-residual-cpu-20261002/paused/client
paused,267,1,5.025125,0.10245901639344263,672232,"core::slice::sort::unstable::ipnsort::<(bevy_ecs::entity::Entity, bevy_render::sync_world::MainEntity), <[(bevy_ecs::entity::Entity, bevy_render::sync_world::MainEntity)]>::sort_unstable_by_key<bevy_render::sync_world::MainEntity, bevy_render::view::visibility::collect_visible_cpu_culled_entities_for_subview::{closure#0}>::{closure#0}>",/home/cristian/repos/propios/ProyectoOpenTtd/openttdrs/target/performance/render-residual-cpu-20261002/paused/client
paused,268,1,5.025125,0.10245901639344263,672231,openttdrs_client::render::vehicles::pose::vehicle_sprite_geometry_at_with_catalog,/home/cristian/repos/propios/ProyectoOpenTtd/openttdrs/target/performance/render-residual-cpu-20261002/paused/client
paused,269,1,5.025125,0.10245901639344263,672231,"<core::iter::adapters::flatten::FlattenCompat<core::iter::adapters::map::Map<parley::layout::run::Clusters<bevy_text::parley_context::TextBrush>, <parley::layout::line::GlyphRunIter<bevy_text::parley_context::TextBrush> as core::iter::traits::iterator::Iterator>::next::{closure#0}>, parley::layout::cluster::GlyphIter> as core::iter::traits::iterator::Iterator>::next",/home/cristian/repos/propios/ProyectoOpenTtd/openttdrs/target/performance/render-residual-cpu-20261002/paused/client
paused,270,1,5.025125,0.10245901639344263,672231,<taffy::compute::grid::types::cell_occupancy::CellOccupancyMatrix>::with_track_counts,/home/cristian/repos/propios/ProyectoOpenTtd/openttdrs/target/performance/render-residual-cpu-20261002/paused/client
paused,271,1,5.025125,0.10245901639344263,672231,<taffy::tree::taffy_tree::TaffyTree<bevy_ui::measurement::NodeMeasure>>::set_node_context,/home/cristian/repos/propios/ProyectoOpenTtd/openttdrs/target/performance/render-residual-cpu-20261002/paused/client
paused,272,1,5.025125,0.10245901639344263,672231,<wgpu_core::device::queue::Queue>::write_buffer,/home/cristian/repos/propios/ProyectoOpenTtd/openttdrs/target/performance/render-residual-cpu-20261002/paused/client
paused,273,1,5.025125,0.10245901639344263,672253,<<bevy_ecs::system::commands::entity_command::insert<bevy_post_process::effect_stack::PostProcessingPipelineId>::{closure#0} as bevy_ecs::system::commands::entity_command::EntityCommand>::with_entity::{closure#0} as bevy_ecs::system::commands::command::Command>::apply,/home/cristian/repos/propios/ProyectoOpenTtd/openttdrs/target/performance/render-residual-cpu-20261002/paused/client
paused,274,1,5.025125,0.10245901639344263,672227,<async_executor::Runner>::runnable::{closure#0},/home/cristian/repos/propios/ProyectoOpenTtd/openttdrs/target/performance/render-residual-cpu-20261002/paused/client
paused,275,1,5.025125,0.10245901639344263,672220,<bevy_ecs::component::info::ComponentDescriptor>::drop_ptr::<bevy_sprite::sprite_mesh::SpriteMesh>,/home/cristian/repos/propios/ProyectoOpenTtd/openttdrs/target/performance/render-residual-cpu-20261002/paused/client
paused,276,1,5.025125,0.10245901639344263,672220,_int_free_chunk,/usr/lib/x86_64-linux-gnu/libc.so.6
paused,277,1,5.025125,0.10245901639344263,672220,<wgpu_core::resource::TrackingData as core::ops::drop::Drop>::drop,/home/cristian/repos/propios/ProyectoOpenTtd/openttdrs/target/performance/render-residual-cpu-20261002/paused/client
